{"noiseKey":{"private":{"type":"Buffer","data":"QJ0Re717wV/hqnJG4SE0V9J0e24UY/ojwqCGZpXEXmg="},"public":{"type":"Buffer","data":"WbvPGimOdwUX0RUKO8OFZyzNBWV+SktzG5BO3GafvAY="}},"pairingEphemeralKeyPair":{"private":{"type":"Buffer","data":"KD6MP+9grrjC02Hia0ACH8ziAfigS7l4GNqy2qlvvGQ="},"public":{"type":"Buffer","data":"inqT2jG36op3tlW4RwbAJK9ixFDaFlHUUf7IXLgaTUI="}},"signedIdentityKey":{"private":{"type":"Buffer","data":"UCIcmoWlcV7Kw+cWz3+gpnbUiWIw2fs9yHTUKH1oKlQ="},"public":{"type":"Buffer","data":"nd1RbLbiiZFfIsJ6gm6pO+JeH5cNimkg8FAqyZOnbgc="}},"signedPreKey":{"keyPair":{"private":{"type":"Buffer","data":"OCSUg3r3XOXaNmTaodk6NAcDkGx67Iqj5lZtQqPH8Uk="},"public":{"type":"Buffer","data":"ZHbY6/SQBCbRT29YGZtPVXby6J4crBszZwzasZ54whQ="}},"signature":{"type":"Buffer","data":"fnFol11k8ed8TdKhT4rrGfDQ51BCdJV6u7TlBozePstqAaJ/CJkoAsOcCHifUpoRyNvcMo2A/u2R+s4EOqG+hA=="},"keyId":1},"registrationId":99,"advSecretKey":"VVu9PHNpiO6vBzLJKtzqVdIRtuoPrcuR3G7wpJi3OmM=","processedHistoryMessages":[{"key":{"remoteJid":"94724731579@s.whatsapp.net","fromMe":true,"id":"2A72C310F5A0B741FE2A288E657476CF"},"messageTimestamp":1751769368},{"key":{"remoteJid":"94724731579@s.whatsapp.net","fromMe":true,"id":"E63F7FFCD29D5C3345F5B0168E0276BB"},"messageTimestamp":1751769370},{"key":{"remoteJid":"94724731579@s.whatsapp.net","fromMe":true,"id":"598E244AAAD1C31CCE68D0D6346528DD"},"messageTimestamp":1751769377}],"nextPreKeyId":33,"firstUnuploadedPreKeyId":33,"accountSyncCounter":1,"accountSettings":{"unarchiveChats":false},"deviceId":"eV6w7-y-T-SI79chRcmu_A","phoneId":"4ba45344-920f-4359-9695-6f3dea96b348","identityId":{"type":"Buffer","data":"54h6c0yjPSqECAmn6AX5KLLNlwM="},"registered":true,"backupToken":{"type":"Buffer","data":"YvmULesiG2KAHHsqTSqIv16GyFo="},"registration":{},"pairingCode":"9HQWZRD6","me":{"id":"94724731579:79@s.whatsapp.net","lid":"268564808376416:79@lid","name":"𝗦𝗮𝗻𝗱𝘂𝗻 𝗦𝘂𝗱𝗮𝗿𝗮 🥀💓😒"},"account":{"details":"CJCzjLECEPnBp8MGGAMgACgA","accountSignatureKey":"U4QeZ2q1La1Ty86HN5FYYeZYcdjmgceNXUo26+Pc/jI=","accountSignature":"ghZfLBO8R/41fSuXQjW3dcMhgAB4xIXvDwCJWZ4djypxO6fU2CNSowAW9+SxNz0QVNaRTa9RyLjjxL+DdwvxAg==","deviceSignature":"LVbj2d/53NrZBS1zdkHawy0qIT4ll6Ds3fZk4K28vRTlaaSeIAx+R3wy3OROPbjWc0A4sH1/y7pHzCxG+irihA=="},"signalIdentities":[{"identifier":{"name":"94724731579:79@s.whatsapp.net","deviceId":0},"identifierKey":{"type":"Buffer","data":"BVOEHmdqtS2tU8vOhzeRWGHmWHHY5oHHjV1KNuvj3P4y"}}],"platform":"android","routingInfo":{"type":"Buffer","data":"CAIIBQ=="},"lastAccountSyncTimestamp":1751769350,"lastPropHash":"1K4hH4","myAppStateKeyId":"AAAAABMQ"}