{"noiseKey":{"private":{"type":"Buffer","data":"0E8kf5HzQiT7I+kUiuzxCYBFNqJyl/7/my7RONTXi2g="},"public":{"type":"Buffer","data":"30vItmlz36B5l8jrrvsP7C/OUjugtLR90p66Ll5P9XI="}},"pairingEphemeralKeyPair":{"private":{"type":"Buffer","data":"KByO+kXFemeg+hUIqI8Z7i6+Js7yYuB9PqlGbcDn400="},"public":{"type":"Buffer","data":"nVKnmVPq3RDp3aPnXP37Ac+nb+/hpHocdHzCv8NeJys="}},"signedIdentityKey":{"private":{"type":"Buffer","data":"eGJqyDjr2eN7xGf+ITpVz8ykoCW0GkLSempeQKN4wX0="},"public":{"type":"Buffer","data":"uq4YKE7439NLs4GMeliRtOrW6sSQTfI1c9MSeNINl3U="}},"signedPreKey":{"keyPair":{"private":{"type":"Buffer","data":"SPAQ0geqFDHg5MnBpycHsC1hUjBYhzlxjUE4P9OYpks="},"public":{"type":"Buffer","data":"Ahnj6o8dXBVBVkXNTgKhCVrdLgY7O0oEKBdsCJrxPzA="}},"signature":{"type":"Buffer","data":"TjGhG4cnVJC8u5nnXjYfXkiRvEWS3Txye43b9fG7V0jLxXnIpZGsbKozzM6KDqXHXetT2VY4QFxTRG35v1ldig=="},"keyId":1},"registrationId":139,"advSecretKey":"a/n0fTz50Q2vk2pPYOr0F0lSw/YMJNjUWCuIcKglNdc=","processedHistoryMessages":[{"key":{"remoteJid":"27736659790@s.whatsapp.net","fromMe":true,"id":"8036A931ED8628C88BDB1C0A986C2A24"},"messageTimestamp":1752390932},{"key":{"remoteJid":"27736659790@s.whatsapp.net","fromMe":true,"id":"77BE93F824A6282F0AC473A9DA5A6AEC"},"messageTimestamp":1752390997},{"key":{"remoteJid":"27736659790@s.whatsapp.net","fromMe":true,"id":"77BE93F824A6282F0AC473A9DA5A6AEC"},"messageTimestamp":1752391106},{"key":{"remoteJid":"27736659790@s.whatsapp.net","fromMe":true,"id":"150174D33F44CC6968963A4A5B064F5B"},"messageTimestamp":1752391125}],"nextPreKeyId":199,"firstUnuploadedPreKeyId":199,"accountSyncCounter":1,"accountSettings":{"unarchiveChats":false},"deviceId":"SxJY2ox_Sc6yentH0yV55Q","phoneId":"3f96c69f-e142-4463-b619-8152c884e855","identityId":{"type":"Buffer","data":"g+L30ZHkv6pHR0G/s//aLQUcUfE="},"registered":true,"backupToken":{"type":"Buffer","data":"mzwW7CQUCeL+4GgiymmxHLs8vwE="},"registration":{},"pairingCode":"NR5FW6ZS","me":{"id":"27736659790:47@s.whatsapp.net","name":"𝙋𝙃𝙊𝙀𝙉𝙄𝙓 𝙏𝙍𝙎","lid":"74909128634372:47@lid"},"account":{"details":"CJPJ9JQEEOK5zcMGGAggACgA","accountSignatureKey":"0Bo5GtXuXMrHo3eoP9/p16yKUwI5wxtKZLxHA205Q0A=","accountSignature":"c0kaauCOVCkINHIZozmxSNeu1HXv/5ODQ/HDmh6yU25fI9EmJ2CXBYDndbJLUB2C6PRVVA6x21JGbZNJuEkOAw==","deviceSignature":"u4QkA/3FHS3jtOJ46IsiVL+a3dtUSzEfGkT2H7qwuT/982zJyvyXBKGCK/wISQnl7Mb4yBxX/GS0MBetgVHRjw=="},"signalIdentities":[{"identifier":{"name":"27736659790:47@s.whatsapp.net","deviceId":0},"identifierKey":{"type":"Buffer","data":"BdAaORrV7lzKx6N3qD/f6desilMCOcMbSmS8RwNtOUNA"}}],"platform":"smba","routingInfo":{"type":"Buffer","data":"CAMIAg=="},"lastAccountSyncTimestamp":1752414644,"lastPropHash":"PWk5B","myAppStateKeyId":"AAAAAFQs"}