{"noiseKey":{"private":{"type":"Buffer","data":"MMXOnh0n35O68pOro/QKtoKh0pg/9Q5H3nHvzJd5HWU="},"public":{"type":"Buffer","data":"3OpTt0D1JY7u3c0xywLT1UyKl5mMsBj48HY/Y+nEYW4="}},"pairingEphemeralKeyPair":{"private":{"type":"Buffer","data":"II9ZTJ8GBpOErB3v/iBFFUysPRTf4h40vau03ogCM2M="},"public":{"type":"Buffer","data":"A3oNB9QfSTZ32dOJqXIyt+qAKF7Te1eO7TsGsTwA7y4="}},"signedIdentityKey":{"private":{"type":"Buffer","data":"eJixbaAbWXp3sy79ea5MNrQsrnOW41VbuY7iNK52C1I="},"public":{"type":"Buffer","data":"YWGbbAHF1a9O52F8UvrsXETCWtQMGJqS2siYShaGnxg="}},"signedPreKey":{"keyPair":{"private":{"type":"Buffer","data":"QG4f4uw5/90SLbMGcr39JYIwEram1BWzLkXmYPCfh3g="},"public":{"type":"Buffer","data":"SaDkaM/LpXngPEwmlyjuCOBbwjKcggr7G8W0W38Rmlk="}},"signature":{"type":"Buffer","data":"AJIbaPZsc5iUZOk1I2SSBYjImaByihCgehch61zDC+Tl3Ouukv5TapnSlvzw2yr9O/QVPEU1dQKdjD2hvwEYCQ=="},"keyId":1},"registrationId":90,"advSecretKey":"nZT5MyYp90XVvFX6aSHexQJm/UqV4Pa/gZf0XNV6CTs=","processedHistoryMessages":[{"key":{"remoteJid":"94760692232@s.whatsapp.net","fromMe":true,"id":"3A5CF3B4AF338CCE8F45"},"messageTimestamp":1751742023},{"key":{"remoteJid":"94760692232@s.whatsapp.net","fromMe":true,"id":"3A043D353BB8F6A93C75"},"messageTimestamp":1751742033},{"key":{"remoteJid":"94760692232@s.whatsapp.net","fromMe":true,"id":"3A2260F21C4EBC269051"},"messageTimestamp":1751742034}],"nextPreKeyId":31,"firstUnuploadedPreKeyId":31,"accountSyncCounter":1,"accountSettings":{"unarchiveChats":false},"deviceId":"Awg_KcEQREKxb-lvlObmfQ","phoneId":"3778b18c-ee41-40af-bb20-40ad25981b75","identityId":{"type":"Buffer","data":"FkYuaJDyHzmUuXlbKPRdssLR2aQ="},"registered":true,"backupToken":{"type":"Buffer","data":"32so52g6N3OsD/s7bHKX5o8nJ3Y="},"registration":{},"pairingCode":"FC9XKR54","me":{"id":"94760692232:60@s.whatsapp.net","name":"K E S H A N ","lid":"53438553534679:60@lid"},"account":{"details":"CO+o/KEHELfspcMGGAEgACgA","accountSignatureKey":"0ajrsyWigKhQjB5QKiGLjD1fLTVgN+JKwLPi7Z5IWxw=","accountSignature":"lXwqHZjQbpapnERvT8hjiCZ1f83OMqTkc3DZu3C7O0j+u02oCw8ff7pJ6TdqpKp5cqsPFTUdd9ZvZ0EddBLHiQ==","deviceSignature":"1W17JCyHkpNX92Vxrzve/MI476MjhcCPxpiLvNV14k+8HB7itBGI5B39etR/nSgjTxZ+ubj5AemsOncMiWKPBw=="},"signalIdentities":[{"identifier":{"name":"94760692232:60@s.whatsapp.net","deviceId":0},"identifierKey":{"type":"Buffer","data":"BdGo67MlooCoUIweUCohi4w9Xy01YDfiSsCz4u2eSFsc"}}],"platform":"smbi","routingInfo":{"type":"Buffer","data":"CA0IEg=="},"lastAccountSyncTimestamp":1751742019,"lastPropHash":"3R9Z39","myAppStateKeyId":"AAAAAIm2"}