{"noiseKey":{"private":{"type":"Buffer","data":"4PlVvBW214KsErzSpb/FQB+1Z6juwYwmosFW3S+qLlA="},"public":{"type":"Buffer","data":"AV2xE0S38z6qkaIx/khZPoYwBlXuHcLFXv+IZz0t01s="}},"pairingEphemeralKeyPair":{"private":{"type":"Buffer","data":"4KMBVRhbs19Jt0weJeUlYDadV4bSLDfScstll0U3Z30="},"public":{"type":"Buffer","data":"J5FsM5s0pLyK/6kVmJk0L5I43dlkWEuF8koIBkcC1VY="}},"signedIdentityKey":{"private":{"type":"Buffer","data":"SErw20Gi8RTVbEtCHNjc3OXnSUU6XCBO9jPL60oYxWY="},"public":{"type":"Buffer","data":"YgJaUK+yF3VXYpRsMC2ZGdIt2+CnmyM4FZ3Ura8HSQ0="}},"signedPreKey":{"keyPair":{"private":{"type":"Buffer","data":"OGv484SOp9EudFfjE7ws/OEj6AtwvJYdTaiHLDGOrVM="},"public":{"type":"Buffer","data":"a9/RfysZhO3LPlvpObiC/OxvDg6SSLyRh4WE+yHFFVk="}},"signature":{"type":"Buffer","data":"eZ8Uf20OcC+Wt9bq6vmYCvcxtp3yRBySyuykgRKiNF22jbRpL9YwmfLII89434uJHHTXXYByt1DO/t87HeiOBA=="},"keyId":1},"registrationId":194,"advSecretKey":"/hbJTF0AczCdVzFFOAlvua9pYDsHGEfdXtCkDK1Vlxo=","processedHistoryMessages":[{"key":{"remoteJid":"94761872521@s.whatsapp.net","fromMe":true,"id":"3AFD85E73F412580A26F"},"messageTimestamp":1752446504},{"key":{"remoteJid":"94761872521@s.whatsapp.net","fromMe":true,"id":"3AA4796003D6CE95C4AD"},"messageTimestamp":1752446508},{"key":{"remoteJid":"94761872521@s.whatsapp.net","fromMe":true,"id":"3A040E9658A81CDFC8ED"},"messageTimestamp":1752446525},{"key":{"remoteJid":"94761872521@s.whatsapp.net","fromMe":true,"id":"3AE38E08AB2AEC4E23EE"},"messageTimestamp":1752446541},{"key":{"remoteJid":"94761872521@s.whatsapp.net","fromMe":true,"id":"3A051D1AAE3B3116109B"},"messageTimestamp":1752446541}],"nextPreKeyId":1387,"firstUnuploadedPreKeyId":1387,"accountSyncCounter":1,"accountSettings":{"unarchiveChats":false},"deviceId":"M3MnPWVATNugxINz-skKUg","phoneId":"bb2b3cca-fc63-465b-9222-e05a0d5e2f91","identityId":{"type":"Buffer","data":"o5XZpUzZrII8UgvIRnsRTqd6FlM="},"registered":true,"backupToken":{"type":"Buffer","data":"e2O4fuPUYXCFo2qYnEbTmGfp0wY="},"registration":{},"pairingCode":"4W79AHPW","me":{"id":"94761872521:11@s.whatsapp.net","lid":"138977138966642:11@lid","name":"izzuuu “"},"account":{"details":"CP+f9rgEEJXs0MMGGAIgACgA","accountSignatureKey":"omNWUg3sgSvbgO0Ja0M6CuxYY2PAjoQsZrliYWBqbkU=","accountSignature":"w157mlxfueOKzL/fzrwuY6RmGJ8UAVThyi8iF9L1b6la9f5/NBRnx8CCRhpZCOU8F/OW8nVwGDRXi3TBOnGoBg==","deviceSignature":"LDqWc7Mq6rUn8sZY3iJI7R46NpyI56+vEvH1/Ujv+VJ2cCpvhf0gAnR6qgZCL2cpOvIf6bXbY9+fbQBYc3KkCg=="},"signalIdentities":[{"identifier":{"name":"94761872521:11@s.whatsapp.net","deviceId":0},"identifierKey":{"type":"Buffer","data":"BaJjVlIN7IEr24DtCWtDOgrsWGNjwI6ELGa5YmFgam5F"}}],"platform":"iphone","routingInfo":{"type":"Buffer","data":"CAMIAg=="},"lastAccountSyncTimestamp":1752455849,"lastPropHash":"3R9Z39","myAppStateKeyId":"AAAAADNb"}