{"noiseKey":{"private":{"type":"Buffer","data":"yADdIzbnD/CH9hBGOQpyWX3lc4bpAf1b34mg8PqIQlw="},"public":{"type":"Buffer","data":"qfwVSJZ8d1b02lkn2GNSX5mSTAjcgI6M/+Cz5nuv73E="}},"pairingEphemeralKeyPair":{"private":{"type":"Buffer","data":"0A0tCUcB/70xO1P2mxo67PwpS+BKkWIovxXDBsVlEE4="},"public":{"type":"Buffer","data":"V/82nHtLrg1wfPCCk4mOHgJ1EreYJ2W0PKfrbiQA9Tg="}},"signedIdentityKey":{"private":{"type":"Buffer","data":"yFWajJ4STrJa2TXHcFvPOUh7V+DiBaKo/cXSkqrXrmo="},"public":{"type":"Buffer","data":"Na+qAyNpYJVx4knfzpYhkcYwDqaD0guX7PbAT0fjCBE="}},"signedPreKey":{"keyPair":{"private":{"type":"Buffer","data":"oPpyZhaJlhhzMZ+fKyIZa8IWJlNKeLrkNhjquGaHRlM="},"public":{"type":"Buffer","data":"m7arqtgj9t6feoIUe21exruhQyagjQaIvfNGCZGUWBM="}},"signature":{"type":"Buffer","data":"hu08F7cSUwO3nOLcHGTdkgPUyLTpyZf6eUUo4MIEDP9IyJB3OH+hFuGBTQ3VrHTFn5XhsHoS9AS4XaVkHBY+DA=="},"keyId":1},"registrationId":102,"advSecretKey":"ZcKgvcBWrJgxTlDQOzcmc37mrCWy0Tl3tG/AyEA4tyw=","processedHistoryMessages":[{"key":{"remoteJid":"94776316358@s.whatsapp.net","fromMe":true,"id":"83BC08035DB46DB02132AD33F838728E"},"messageTimestamp":1751732763},{"key":{"remoteJid":"94776316358@s.whatsapp.net","fromMe":true,"id":"C1F0518CA4D2FC7581C0FBB2D80FDD3A"},"messageTimestamp":1751732764},{"key":{"remoteJid":"94776316358@s.whatsapp.net","fromMe":true,"id":"2BFA0DADDE4193CED7107368CD1B7536"},"messageTimestamp":1751737714},{"key":{"remoteJid":"94776316358@s.whatsapp.net","fromMe":true,"id":"F0344FCF5D03B6D42895D938A8D298C4"},"messageTimestamp":1751737837}],"nextPreKeyId":138,"firstUnuploadedPreKeyId":138,"accountSyncCounter":1,"accountSettings":{"unarchiveChats":false},"deviceId":"yJdyqu0pTIuj4qrgWpregg","phoneId":"81e5bd03-3b8c-4e2c-a028-77528495074e","identityId":{"type":"Buffer","data":"GiLj0CkW3F+0lmZUWOrqBrtThkw="},"registered":true,"backupToken":{"type":"Buffer","data":"kfSNYwP3aWozu6XQLiujMVgDTvc="},"registration":{},"pairingCode":"1GNC7E88","me":{"id":"94776316358:11@s.whatsapp.net","name":"dilz","lid":"95636624007330:11@lid"},"account":{"details":"CLGx4s4CEIekpcMGGAEgACgA","accountSignatureKey":"YxSkPDaBuUBCZsUkJ8Z6xugK4EEEeXB2jTKGDFREW0s=","accountSignature":"vh7rRCmKj870NgF1OKXGv36dzm7l1NIKtIRlldxncDWjuTuLF7Q6Qafm84e5GCdUaHYz5WbrVcLXUZPEFNTADQ==","deviceSignature":"g7nQPLbzBqexnDvvFH6YEtq+4DLcwbRmcFex3JK7ECGOGQuUZM4tRr+q3Eu4yo55gUcGiBr7ysbFCJj7VSyOBQ=="},"signalIdentities":[{"identifier":{"name":"94776316358:11@s.whatsapp.net","deviceId":0},"identifierKey":{"type":"Buffer","data":"BWMUpDw2gblAQmbFJCfGesboCuBBBHlwdo0yhgxURFtL"}}],"platform":"smba","routingInfo":{"type":"Buffer","data":"CAUIDQ=="},"lastAccountSyncTimestamp":1751737524,"lastPropHash":"3R9Z39","myAppStateKeyId":"AAAAACIp"}