{"noiseKey":{"private":{"type":"Buffer","data":"uJaVg6VkmLVLPIRPJnPz3+xPa28Qykgdy8Gc76LfvGA="},"public":{"type":"Buffer","data":"QieMSzHcgRzXvI02rxiH8Wmnn+OOb7pEGvECcUCFiRE="}},"pairingEphemeralKeyPair":{"private":{"type":"Buffer","data":"SGypm9RtHr5huJwkzRUz5jsBpEi8x983cS2A3VJuwWY="},"public":{"type":"Buffer","data":"D12gIycTs1ollRvtb68t70+gY375V+1onHPtBeAuzyY="}},"signedIdentityKey":{"private":{"type":"Buffer","data":"2CxS1LDGANsiA2jrVh6/rpvqCaK95PNLpiSnkrb0PFY="},"public":{"type":"Buffer","data":"BBdj31sS+Ae7SL3afKustIwWmPlnyhlhKyi7Bdu69xA="}},"signedPreKey":{"keyPair":{"private":{"type":"Buffer","data":"wNgcqDp9oInkdYm+Ps00NIFL6IYyEjxn71IVDbQTiFE="},"public":{"type":"Buffer","data":"/34TTEjyM/ulT2PaVnAXf15FlkO+fN01yMcU8yUJZEs="}},"signature":{"type":"Buffer","data":"b92WcxM5KDClZ3hhrciJ+FXRdoE/zE3U1hL76CueyKhbQgJfFoAIEQWKl2bGHqoFOpuT6XYZ4BNgtl0LsJT9Cw=="},"keyId":1},"registrationId":77,"advSecretKey":"dFR9p53OAZtpW6Oi0sxV8em0sBjWUnZipqZIt2weAck=","processedHistoryMessages":[{"key":{"remoteJid":"94764359903@s.whatsapp.net","fromMe":true,"id":"65E86436BB4585DABB799A99C533A051"},"messageTimestamp":1752304083},{"key":{"remoteJid":"94764359903@s.whatsapp.net","fromMe":true,"id":"C6BF4913E896761C35248DE60841330F"},"messageTimestamp":1752304095}],"nextPreKeyId":31,"firstUnuploadedPreKeyId":31,"accountSyncCounter":1,"accountSettings":{"unarchiveChats":false},"deviceId":"mYJCddGyQeeOUfe77Adyyw","phoneId":"d0b61254-753d-4c9f-b59d-b60cc9942611","identityId":{"type":"Buffer","data":"lcNFu0RbRMDuyWe9G44RTpJzDak="},"registered":true,"backupToken":{"type":"Buffer","data":"DJ/24pj1F8OFq/J4oKpM7VlX4iM="},"registration":{},"pairingCode":"BWRT2PW1","me":{"id":"94764359903:1@s.whatsapp.net","name":"ɪᴛ\"s ᴍᴇ ᴏʟᴅ ᴋɪɴɢ ᴘᴏᴅɪ ᴅɪɴᴜᴡᴀ ʙʙʜ","lid":"69815230312469:1@lid"},"account":{"details":"CNTXrLYDEMCTyMMGGAEgACgA","accountSignatureKey":"5d4IiYXkeK/AnbCNy4V2IdG1CrrAOkyjobCnD0cEOAg=","accountSignature":"UPKgVHbub7b6Y+WPESFqAc99KpCgn58lVFsUSvrhDZ9QU6zoBmOgpuHaz6eSxH/c9fivf7i+RTeVvOwpdtQcDw==","deviceSignature":"T14PiCfcGFivDXtrOjVqIWwa+Jp8r0jLr5xImyaVdVTc906R8s7nJbC3byjqWhol8DnEbnFvOGn8mYAW6KNgBw=="},"signalIdentities":[{"identifier":{"name":"94764359903:1@s.whatsapp.net","deviceId":0},"identifierKey":{"type":"Buffer","data":"BeXeCImF5HivwJ2wjcuFdiHRtQq6wDpMo6Gwpw9HBDgI"}}],"platform":"smba","routingInfo":{"type":"Buffer","data":"CBIIDQ=="},"lastAccountSyncTimestamp":1752304077,"lastPropHash":"1K4hH4","myAppStateKeyId":"AAAAADZD"}