{"noiseKey":{"private":{"type":"Buffer","data":"QE+/BNdPUaWuhB8mKyeUyNTBnRGoj/Brp4PWNFQ6LkA="},"public":{"type":"Buffer","data":"aw8qU3dpd7aiZf9wYZMI2W/H+meQDm/dTf8yCMqjIT0="}},"pairingEphemeralKeyPair":{"private":{"type":"Buffer","data":"IMA5Z/h0/aSOvgN9NCo6/mWVHK3s3ctEdGzXTupsH3Q="},"public":{"type":"Buffer","data":"joWeGcjPOIwEz4NXE4ej/UxARYH3b0O2iL/To6PB5hc="}},"signedIdentityKey":{"private":{"type":"Buffer","data":"AGmTMnBwJcC7SgYh2bHcwmRG16PhdPWueoezXApBplk="},"public":{"type":"Buffer","data":"TwjgjvmHu1FFdelgw1eQYw/ZzgWviQiFhE+NYK9c/34="}},"signedPreKey":{"keyPair":{"private":{"type":"Buffer","data":"aBBSMod/aPakDM5Ku+m2qzumxtn6HZgwC9cx7t6KQkE="},"public":{"type":"Buffer","data":"jbPjP3LVIigP8oiGbIFm11iOPbLXzgJ9qcGuRzkQunw="}},"signature":{"type":"Buffer","data":"FCFtseSWAvZBUvdXEMYOpcycv1+3AOJ8+gaod9LhC1zSyPFNqxBZwo2Lwhvs1A8Jb00+k5mPPz9cKqYCLxj5gQ=="},"keyId":1},"registrationId":36,"advSecretKey":"z1sHzCgjT54jdpczSbdl0UxlSBluZCYAVIVcJ8z7Xrw=","processedHistoryMessages":[],"nextPreKeyId":31,"firstUnuploadedPreKeyId":31,"accountSyncCounter":0,"accountSettings":{"unarchiveChats":false},"deviceId":"bY6fbuwOTouYpJvgcqLZrA","phoneId":"66ac1740-f78c-4b39-b68f-a5be691f36ea","identityId":{"type":"Buffer","data":"rj6cX49fA+dIPGuI2ioVRHQ7OL0="},"registered":true,"backupToken":{"type":"Buffer","data":"44iD5p2M/cNcryzjqLyRxlH3x4k="},"registration":{},"pairingCode":"FZ7Q527T","me":{"id":"94756879410:9@s.whatsapp.net","lid":"64652662829084:9@lid"},"account":{"details":"CMeasdsDELzdscMGGAkgACgA","accountSignatureKey":"h4q8MSL3BbY+kQmq4ss63QtEZE+emODM9/aIuxmldSc=","accountSignature":"OcV8wI2geEYuJpypKjeCX94H+tjSmP/L592V5i08TwdZ4GZPHYDFLw9wVjtccy/stAeWCtKNpD5X7piHCsV7Bg==","deviceSignature":"TjcStRJUqCChLaEf09Rm8kaGsD0TfS5mdJBj3RZnfB8b6C88VtzgE2bs+6cmbociGKSrlpD4ZQjVU3l6cTjHiQ=="},"signalIdentities":[{"identifier":{"name":"94756879410:9@s.whatsapp.net","deviceId":0},"identifierKey":{"type":"Buffer","data":"BYeKvDEi9wW2PpEJquLLOt0LRGRPnpjgzPf2iLsZpXUn"}}],"platform":"android","routingInfo":{"type":"Buffer","data":"CAUICA=="},"lastAccountSyncTimestamp":1751936714,"lastPropHash":"1K4hH4","myAppStateKeyId":"AAAAANWD"}