{"noiseKey":{"private":{"type":"Buffer","data":"iKDulv0oagnIoL5Tj146KDpRXI5SRvJ/FXarb5imkm4="},"public":{"type":"Buffer","data":"lwVRMH7Sx2Ct8ZI9F32noat+yeJxIKmYw20INsF+BgM="}},"pairingEphemeralKeyPair":{"private":{"type":"Buffer","data":"MDOJfhPIFiCkHhuuirGnK3w11AK/EAYxiKR7Kgt81HA="},"public":{"type":"Buffer","data":"Gp+gCICAeBJCEG9RgU8X5miSwIQuVI0EhbCs3MLK8QM="}},"signedIdentityKey":{"private":{"type":"Buffer","data":"yE8eain/5sHnpnAH+O2JMqYUXLU8Si6/GXgLgy6R9HM="},"public":{"type":"Buffer","data":"IzCSyMfnT+q/x7SV/Iaiyy5+w3lg9gWEYuUoWZV5wRM="}},"signedPreKey":{"keyPair":{"private":{"type":"Buffer","data":"WNsdjvAopFirCGpIat1dUDGKxmO/N0Hm7jz8hdWiaXE="},"public":{"type":"Buffer","data":"0gc6pONO0qFsBmYcK8/o+1T0/SMi4MdENlUFedQ3dTs="}},"signature":{"type":"Buffer","data":"M70AKKCKy4dhR/64EgCTKARwmSSB/hAVn7/ru90cNenTd1MXyTOXo0YfNSmUtJwRLx7TUqcsEc0dD0ar7Onghg=="},"keyId":1},"registrationId":238,"advSecretKey":"rsgutQhmKxwOihrQWHz6YjYrV/IvpTn3AVQefk+slo0=","processedHistoryMessages":[],"nextPreKeyId":31,"firstUnuploadedPreKeyId":31,"accountSyncCounter":0,"accountSettings":{"unarchiveChats":false},"deviceId":"umNvFCcgRA-AtRboOBD8LA","phoneId":"391cba4f-c6dc-49b1-82ba-7d626029d243","identityId":{"type":"Buffer","data":"TVT7uk7UlXkqG2d+/uADIGByxE8="},"registered":true,"backupToken":{"type":"Buffer","data":"7ST+EmwM14MEqM8FshAVUEVlKZI="},"registration":{},"pairingCode":"BFE4FP3Z","me":{"id":"94725320166:31@s.whatsapp.net","lid":"201292886597798:31@lid"},"account":{"details":"CKy9u98EEN+zysMGGAMgACgA","accountSignatureKey":"RVIYorRvJVgLgy+V/+4wnOt/zKfkWIB6yGmGZCW4XAg=","accountSignature":"nIgfOcGzacS7VbNz/4d7hzDUnhYbD/ljqCOanPS7dE+JpVX6FSWQJJ4B83RjVebU/aSNar0Vj+vh5lnVpHG9BA==","deviceSignature":"BzFORkLS0Btfr//87gr1kCwgtt6LAttDwfHpawBVzTBp/KBUFsG5FpXrrC+3SZFc1ib9MLeDgeXC3gVQHNXajg=="},"signalIdentities":[{"identifier":{"name":"94725320166:31@s.whatsapp.net","deviceId":0},"identifierKey":{"type":"Buffer","data":"BUVSGKK0byVYC4Mvlf/uMJzrf8yn5FiAeshphmQluFwI"}}],"platform":"android","routingInfo":{"type":"Buffer","data":"CAMICA=="},"lastAccountSyncTimestamp":1752340973,"lastPropHash":"PWk5B"}