{"noiseKey":{"private":{"type":"Buffer","data":"uG4d9pShp1lngf01QhAwG9+Dvcj+E1ay3hFQ8jmnMHE="},"public":{"type":"Buffer","data":"2tDhnwQP0yiMH0Et/l0Est5EOwGMLcfNhWuE7ChGJyI="}},"pairingEphemeralKeyPair":{"private":{"type":"Buffer","data":"oLW95r9z3CMCHMAXCyyIwyXbnkEbG2eJ+LLo4Qdb/FU="},"public":{"type":"Buffer","data":"Fsnp+YsZdw+D6hbExnH16giO8vNftOlig3fHtzp4n0w="}},"signedIdentityKey":{"private":{"type":"Buffer","data":"CM/EiLT2J/cZtCdjuXLbjTcxAZQnrZNyRpFgWCRNhkg="},"public":{"type":"Buffer","data":"FlyW7CYZZ8qzoduYZhbpYhXt9xSqvuifFcMDJUVP9V0="}},"signedPreKey":{"keyPair":{"private":{"type":"Buffer","data":"KB83jUyRUlTjYufnANy4Ib+Ouhm2kYX7tqcSI6sQ5X4="},"public":{"type":"Buffer","data":"cBrdvFmjAOI363v1Mp1HMG5Y954XrRIqjyA0RzJEaRo="}},"signature":{"type":"Buffer","data":"HT/m3ke+2lt115yrQSxVQUo13SRuFxCA0GRs7KgSF37CrFC9KaQE0flio+20jJUjwHMSMP34G2uxPdRAMJUhBA=="},"keyId":1},"registrationId":37,"advSecretKey":"YJzsFqpwHMHf8Gvd8Q7he4GgrpW6HT9S3YFe5LWIPVQ=","processedHistoryMessages":[{"key":{"remoteJid":"2349021829005@s.whatsapp.net","fromMe":true,"id":"3ACE53A590A451BB6DDD"},"messageTimestamp":1751804444},{"key":{"remoteJid":"2349021829005@s.whatsapp.net","fromMe":true,"id":"3A2F3BF303F5CB043667"},"messageTimestamp":1751804737},{"key":{"remoteJid":"2349021829005@s.whatsapp.net","fromMe":true,"id":"3A45F58F31643391015A"},"messageTimestamp":1751805003},{"key":{"remoteJid":"2349021829005@s.whatsapp.net","fromMe":true,"id":"3A11B053104504F038BA"},"messageTimestamp":1751805202},{"key":{"remoteJid":"2349021829005@s.whatsapp.net","fromMe":true,"id":"3A38A402BA31AB7BDEAC"},"messageTimestamp":1751805287},{"key":{"remoteJid":"2349021829005@s.whatsapp.net","fromMe":true,"id":"3A0625E7F42B388E613E"},"messageTimestamp":1751805548}],"nextPreKeyId":244,"firstUnuploadedPreKeyId":244,"accountSyncCounter":1,"accountSettings":{"unarchiveChats":false},"deviceId":"ry7Q0xzgQNGVOm6TMr8OGg","phoneId":"42825682-b686-49fb-825b-a9466194857e","identityId":{"type":"Buffer","data":"ihaM5c/l8jpLGCj2oQCKF0MuKEI="},"registered":true,"backupToken":{"type":"Buffer","data":"eZuHOkZ9LZowdI4OgmIkiNYgnqc="},"registration":{},"pairingCode":"6D4EWNRX","me":{"id":"2349021829005:14@s.whatsapp.net","lid":"51385441722516:14@lid","name":"Hørłüwhãbléssédżëëk"},"account":{"details":"CPn69OEDELPTqcMGGAIgACgA","accountSignatureKey":"3gD23XjHkJuM+5j8ugA/cUN9RPgnF0FGL9KHEa1rIVc=","accountSignature":"68JKwaeh/6RZ1+qlxCGO9nn9NKrSyu3B+T7CUH5cQFSGSSaTSZRXzS0TtBZt+dQbzwsgIq4SWKOwYPDsLgaohA==","deviceSignature":"ye17iYf+RCbsT3Uxlp4qd3zPXEt6oSte1U0i52YY3+72qDMLbMOIuR0BMO2Yu/uA7ryIdganqEM8Eq/LlMHLCA=="},"signalIdentities":[{"identifier":{"name":"2349021829005:14@s.whatsapp.net","deviceId":0},"identifierKey":{"type":"Buffer","data":"Bd4A9t14x5CbjPuY/LoAP3FDfUT4JxdBRi/ShxGtayFX"}}],"platform":"iphone","routingInfo":{"type":"Buffer","data":"CA0IBQ=="},"lastAccountSyncTimestamp":1751804382,"lastPropHash":"2P1Yhf","myAppStateKeyId":"AAAAALSt"}