{"noiseKey":{"private":{"type":"Buffer","data":"uHeQ5r+zMiYffD12uMvffBFSB36yRm690Bc+GQo4TmY="},"public":{"type":"Buffer","data":"tJsaxz829sY8TOpjhsnoCPJn5Q2gaLsNEDTucjy7ZEE="}},"pairingEphemeralKeyPair":{"private":{"type":"Buffer","data":"4FxWw4LawIdPRGBFk+1OxbEXIlciMXndbA9HXYE43H4="},"public":{"type":"Buffer","data":"mQ8I+te8bPenNr9W1ufPnQ8uHGU6Wiasxei1amMNzgk="}},"signedIdentityKey":{"private":{"type":"Buffer","data":"yGLsgKgPGTMEJOY2rY3ZhLyTwNVdjdc+hlPTkwapDmo="},"public":{"type":"Buffer","data":"dZIc9vb62qwESzTxscN38HumiWJsunumVvfG2JnKi1A="}},"signedPreKey":{"keyPair":{"private":{"type":"Buffer","data":"gOT4odLJ9n4PEoGqyKC/bY68dRWAXzuwZnf9JXs0SFE="},"public":{"type":"Buffer","data":"DRJmy1JiKl+lHZqvOKtH9/CpILavfvGr7v/fXBwU438="}},"signature":{"type":"Buffer","data":"C1c1Yi18JejUcXG4EvHwLu3i+EOSiS8Pkmcw4BpG1JVTn0WJYRJIbbp8tyTajyk++vaEJIMEsGxZN3COvus+AQ=="},"keyId":1},"registrationId":178,"advSecretKey":"I10S/Z9jFK67Xp1JDN9p36WvMoGgkE/6IAA25FcCcmo=","processedHistoryMessages":[{"key":{"remoteJid":"94768562572@s.whatsapp.net","fromMe":true,"id":"E14BBBC79B0CB6DDC5742500616BCF91"},"messageTimestamp":1751805063},{"key":{"remoteJid":"94768562572@s.whatsapp.net","fromMe":true,"id":"C9046FA63DBCE616BDFF1A0F6DBCA1E8"},"messageTimestamp":1751805064},{"key":{"remoteJid":"94768562572@s.whatsapp.net","fromMe":true,"id":"C8B8B84B59D73B72E766DE4AD563BBCA"},"messageTimestamp":1751805070}],"nextPreKeyId":31,"firstUnuploadedPreKeyId":31,"accountSyncCounter":1,"accountSettings":{"unarchiveChats":false},"deviceId":"mR0ZAovuRFazk-7JknQ20g","phoneId":"be3dbe39-6b42-4e39-b7c0-c4b963738107","identityId":{"type":"Buffer","data":"eGQlD9G6jXmK4HN/BES0uv0mRV8="},"registered":true,"backupToken":{"type":"Buffer","data":"HJgtlS1maeQwYEfPXqvzeln6muM="},"registration":{},"pairingCode":"EKBSBA4P","me":{"id":"94768562572:2@s.whatsapp.net","name":"Bot Sale","lid":"234617521070287:2@lid"},"account":{"details":"COGs758FEPXYqcMGGAEgACgA","accountSignatureKey":"qY6rTQpTO90b+j3fRKEXSd0JXflqoMNC7/H2N0LiSwk=","accountSignature":"scEFR7TO3YQArZHMgWgcR3CgQCdyC2YByJqLgk4tC1daC845x4h/VLoon3+QRtcZKnPHkE9i0F4+5I6wq00pBA==","deviceSignature":"0oG6Jo9BX2TYINMlNiYc9fnIZ1OqPlvgNZ16y3jq2+wfRBe80ZDG+O/Kxs2pJVpGZxKADYNWlZ2t+A13Eb7GBA=="},"signalIdentities":[{"identifier":{"name":"94768562572:2@s.whatsapp.net","deviceId":0},"identifierKey":{"type":"Buffer","data":"BamOq00KUzvdG/o930ShF0ndCV35aqDDQu/x9jdC4ksJ"}}],"platform":"smba","routingInfo":{"type":"Buffer","data":"CAIIBQ=="},"lastAccountSyncTimestamp":1751808581,"lastPropHash":"PWk5B","myAppStateKeyId":"AAAAAMap"}