{"noiseKey":{"private":{"type":"Buffer","data":"WE1Xy6BYvkVqjAyRbz1xLQRusMDfBER9c1ujpwRPolM="},"public":{"type":"Buffer","data":"EnjU3LtM7zgP1xyRa/byQWvgqa8XU+iTo7U0zzPGYSw="}},"pairingEphemeralKeyPair":{"private":{"type":"Buffer","data":"GESQwKVjtY0CdJuU/Q2hK4rKFvmrDiOn7WcwhHwPCl4="},"public":{"type":"Buffer","data":"06WGaal3Utq0Ct8DKgmR17zd+LbN1npD2M017HaPUkw="}},"signedIdentityKey":{"private":{"type":"Buffer","data":"qGA0vGKh07fUOYsIqAuRo2M4xMiPRUIK/pw3xmiiblE="},"public":{"type":"Buffer","data":"smI7/YmikL8bBp5aFid3VeyQPJCJuh9v2WWnZbouUBI="}},"signedPreKey":{"keyPair":{"private":{"type":"Buffer","data":"CKmGTI6Z+e3ifQH8oo3BUWSfFRQd7NhgnrZlaIr+G1c="},"public":{"type":"Buffer","data":"SFJ8nLhxlGPepxrK9nKuAvmsc90e455cNdJPNC+Jb0Q="}},"signature":{"type":"Buffer","data":"imwU/mZSm6MGaLqKu+0b2fwvSWsaj2E7HTbFsYIKwbgwpwIaR1jeHtz0J9UeP5VAipgueStryr43zaV64j/uhw=="},"keyId":1},"registrationId":231,"advSecretKey":"Z8/qgl4fd8VFRhNlX5QBQ8jyO01XOmd3/JFgrqSXWGM=","processedHistoryMessages":[{"key":{"remoteJid":"94717515300@s.whatsapp.net","fromMe":true,"id":"9AA62E5EEEC6CA3333D0718EA43A969C"},"messageTimestamp":1751871644},{"key":{"remoteJid":"94717515300@s.whatsapp.net","fromMe":true,"id":"E7E4A6FC6240FD49DA4E3046C4BFE3F0"},"messageTimestamp":1751871644},{"key":{"remoteJid":"94717515300@s.whatsapp.net","fromMe":true,"id":"49323770E6C6CFE26ECE26F7AD8A3732"},"messageTimestamp":1751871653}],"nextPreKeyId":31,"firstUnuploadedPreKeyId":31,"accountSyncCounter":1,"accountSettings":{"unarchiveChats":false},"deviceId":"PUlTQTAuQNOGQ55OcBmPcw","phoneId":"122039a9-c293-458e-8257-2905473a9b90","identityId":{"type":"Buffer","data":"LZbEZtUujElU7H1309V53KPjxJU="},"registered":true,"backupToken":{"type":"Buffer","data":"z9Z7SOBDmabb4VPW3JQ7bqKpt1A="},"registration":{},"pairingCode":"EJPYLNRG","me":{"id":"94717515300:1@s.whatsapp.net","lid":"209105130102883:1@lid","name":"꧁𝙻𝙰𝙺𝚂𝙸𝚁𝙸࿐"},"account":{"details":"COLQnJ0DEI3hrcMGGAEgACgA","accountSignatureKey":"1v0RKkU5b0+yjIf9Wc2SH5JKcm3IYfZcbgwQZsEbUm8=","accountSignature":"2oEWeUmGdNgfmfacHXSTlEW51xYJSIIc8gpf5N1WFxzLKew/BelyDcUz/rBc1buPJfr5FyLvjW3hbUB+cJ5ABw==","deviceSignature":"Ad0cYXGS+FI75bJIiw43Ms+vTItA8H5yBvgafSDANzGIyV+uxwxknv3PudWh1hEaNktx8KsjQfuWlKcLE0vigA=="},"signalIdentities":[{"identifier":{"name":"94717515300:1@s.whatsapp.net","deviceId":0},"identifierKey":{"type":"Buffer","data":"Bdb9ESpFOW9PsoyH/VnNkh+SSnJtyGH2XG4MEGbBG1Jv"}}],"platform":"android","routingInfo":{"type":"Buffer","data":"CAUIEg=="},"lastAccountSyncTimestamp":1751871641,"lastPropHash":"2V77qU","myAppStateKeyId":"AAAAANmO"}