{"noiseKey":{"private":{"type":"Buffer","data":"aH/tV4IasaMMOK/g5K2RtGw4dU850nOKxspHJskcCE8="},"public":{"type":"Buffer","data":"XdxMd389oKGK8RufWCbRBTBREnlE8ud4YiKv7RajayY="}},"pairingEphemeralKeyPair":{"private":{"type":"Buffer","data":"OHd5CPEwKdNrTf7NrZHLTXBl3Qk5rsM+8UDF1fY5GVI="},"public":{"type":"Buffer","data":"xTgefHzZy8LDVaK/DZ8YfVSJWj7jjLSTvITmm+6bB1I="}},"signedIdentityKey":{"private":{"type":"Buffer","data":"GNkfp5gwl8LvzQFveE/BXwy/Rwjr4V5vCHDDKwzSFkA="},"public":{"type":"Buffer","data":"1J/EK6grhDc8S/IVfqAqzJ71fafBNv2UnTObnVgfOio="}},"signedPreKey":{"keyPair":{"private":{"type":"Buffer","data":"QFXTfpdVf0w0DH+LQS3ejou+9o2CrPy9reKbeIP8SUc="},"public":{"type":"Buffer","data":"wB84UeU5x+eGYRSr3gnOGu4yE0yRFd0sqdcKuU+6E2A="}},"signature":{"type":"Buffer","data":"5J63MVWKVfBRrKXiGnNb2Vz5irqjbIhI8Vf7vnTctTC8MO1LrL4ykqG1klGmhh/DKMqil3lGh5mI+zgMcpWDjg=="},"keyId":1},"registrationId":46,"advSecretKey":"xnbpbHvSVPhNXfAb0nZK3x8JT2jt0CJsJB/80k5x2M4=","processedHistoryMessages":[{"key":{"remoteJid":"94770533252@s.whatsapp.net","fromMe":true,"id":"5BD572453F0DBD7C234099DACD6916F3"},"messageTimestamp":1752537501},{"key":{"remoteJid":"94770533252@s.whatsapp.net","fromMe":true,"id":"46F673F70BABDF2D7255B633B4DF36D4"},"messageTimestamp":1752537522},{"key":{"remoteJid":"94770533252@s.whatsapp.net","fromMe":true,"id":"BF78F500C7A511BD1D99A5279B366A80"},"messageTimestamp":1752537692},{"key":{"remoteJid":"94770533252@s.whatsapp.net","fromMe":true,"id":"2567D4585F653D3B0014C1DA3C16E7D6"},"messageTimestamp":1752537838},{"key":{"remoteJid":"94770533252@s.whatsapp.net","fromMe":true,"id":"0971EABDB52BF7E3C9FD40811318BEAA"},"messageTimestamp":1752537910}],"nextPreKeyId":251,"firstUnuploadedPreKeyId":251,"accountSyncCounter":1,"accountSettings":{"unarchiveChats":false},"deviceId":"CLd8b1llQp2QJmiU93BXHA","phoneId":"56d54732-981d-48ed-842f-28bae3505927","identityId":{"type":"Buffer","data":"owAh1VG0b2u5yIa9shVp99U/J/0="},"registered":true,"backupToken":{"type":"Buffer","data":"Xz+ups8SF6gqr0ZUy0POBKyQBcg="},"registration":{},"pairingCode":"1VYJWLH7","me":{"id":"94770533252:3@s.whatsapp.net","lid":"41352012263561:3@lid","name":"😇😇"},"account":{"details":"CJTIoJAFEIKz1sMGGAIgACgA","accountSignatureKey":"MLNiaqcGaga94I5CztwCgxkx56/mTkcJz/F2S71stX0=","accountSignature":"D6AXtkY9CRXdmB4vwCN8pIT5k9wDUxsNe2FD9VnjeDKVxVc07kbFoIwU/cCEyN0tc2mf3truQst1T14LurVQCw==","deviceSignature":"3Y0R/touUoAuLeQjYZntX+NcRyGoqhwHAK8TmsrfNsOhm/RyWGH6CU6g0fAbBqFZFGJPzJZf/FBug0lJ5M3Kgw=="},"signalIdentities":[{"identifier":{"name":"94770533252:3@s.whatsapp.net","deviceId":0},"identifierKey":{"type":"Buffer","data":"BTCzYmqnBmoGveCOQs7cAoMZMeev5k5HCc/xdku9bLV9"}}],"platform":"android","routingInfo":{"type":"Buffer","data":"CAMICQ=="},"lastAccountSyncTimestamp":1752546134,"lastPropHash":"1K4hH4","myAppStateKeyId":"AAAAAO15"}