{"noiseKey":{"private":{"type":"Buffer","data":"gIQBBtrZAFBDAkA2QrVDClcVqyWoBxyQCsIKno3lTV0="},"public":{"type":"Buffer","data":"WEwE8VzLTOQwlXvAOhxH+xM1buyaTqDFaopIaYGRPUY="}},"pairingEphemeralKeyPair":{"private":{"type":"Buffer","data":"6EPQ0NHVqF882/0vw5Y6WchUFOFFsIDMM0SQFRI6jXE="},"public":{"type":"Buffer","data":"OamdZc5vUxMp81X84ui4xuQAZDXhbzU1Djm5NgcNPGM="}},"signedIdentityKey":{"private":{"type":"Buffer","data":"wAr8J2aqofZOGgYCApxPY9VNX/MTnaUB3svpbwk/4n4="},"public":{"type":"Buffer","data":"eiyNS2NtuKjan72OtJblhrbcAXAUuqoHmt7UEkQDZ3Q="}},"signedPreKey":{"keyPair":{"private":{"type":"Buffer","data":"yHI14Dfj3KRc7iGOFnBUWcNbgeF9Bl2KkQuEi3lbPHY="},"public":{"type":"Buffer","data":"FwJQgv0jSFs3wulV23b26Gyh3C/ZZn7/wZvYtX9XXVs="}},"signature":{"type":"Buffer","data":"erraU13u7cKytu+7N0XjyitPYjzPL+GnCgnRpYdOlFPNs6up8NSNNaq+Ze/Cb5tRXL5BwQwjHCR0lJJ/vslwAA=="},"keyId":1},"registrationId":118,"advSecretKey":"hTSesWLqeD4i4ZJFefjUpn2WDwMEt3t4kMo391It9+w=","processedHistoryMessages":[{"key":{"remoteJid":"94743406390@s.whatsapp.net","fromMe":true,"id":"0DE7CCFE6F777B9C250B9BE271B4F8C3"},"messageTimestamp":1752589819},{"key":{"remoteJid":"94743406390@s.whatsapp.net","fromMe":true,"id":"06B6A2F74C12D094D660F66517F8FEDA"},"messageTimestamp":1752589819},{"key":{"remoteJid":"94743406390@s.whatsapp.net","fromMe":true,"id":"011832B380A7C4F5A719143337ECD98F"},"messageTimestamp":1752589966},{"key":{"remoteJid":"94743406390@s.whatsapp.net","fromMe":true,"id":"B6AF61CA6423F0D04DF234446C34B671"},"messageTimestamp":1752589968},{"key":{"remoteJid":"94743406390@s.whatsapp.net","fromMe":true,"id":"69A0E80C1EC92CDD45DFB314E253B1B3"},"messageTimestamp":1752589977}],"nextPreKeyId":160,"firstUnuploadedPreKeyId":160,"accountSyncCounter":1,"accountSettings":{"unarchiveChats":false},"deviceId":"PlOJhViIT4y9dKlbU3gp_w","phoneId":"85dcb392-f96c-4f70-8877-cf6091f34ce1","identityId":{"type":"Buffer","data":"XyfdZDmv4pdWuGj98h9mtACpE9M="},"registered":true,"backupToken":{"type":"Buffer","data":"ct/kC9IatvLHZmhoRMIjwZui068="},"registration":{},"pairingCode":"DE9KFH6C","me":{"id":"94743406390:13@s.whatsapp.net","name":"CD // STATUS KING //","lid":"231091352895524:13@lid"},"account":{"details":"CIewo4YCEOjL2cMGGAEgACgA","accountSignatureKey":"MvJIJaPSKlHqqIJoarYdpfDFLYFnTMw7qqB3DFafk0U=","accountSignature":"C9Gu8DgEP0iF3Ym2inQccLcX3VPp+UJpNanKeuWPfZuRbOey/pyLRv0tyijd53VIlIqYVx4lf8RE+5cJ6OFoBQ==","deviceSignature":"2XygXB7TqAKgez+tUaa1httiMNYjvjwZLJyX3i0PahZfDleVW7fl2BnoKcvhYAAJ+2IrC/J28mcTuwHj4nw6BQ=="},"signalIdentities":[{"identifier":{"name":"94743406390:13@s.whatsapp.net","deviceId":0},"identifierKey":{"type":"Buffer","data":"BTLySCWj0ipR6qiCaGq2HaXwxS2BZ0zMO6qgdwxWn5NF"}}],"platform":"smba","routingInfo":{"type":"Buffer","data":"CAMIDQ=="},"lastAccountSyncTimestamp":1752589812,"lastPropHash":"1K4hH4","myAppStateKeyId":"AAAAALjW"}