{"noiseKey":{"private":{"type":"Buffer","data":"YBVR5ahQPltC7FOM4F7GTqrOrDX05nIi++oJ2tfAllM="},"public":{"type":"Buffer","data":"SsbzDrZBak5LnFI0OSwjcknCDLkdqIeDxSwi9Qo70h8="}},"pairingEphemeralKeyPair":{"private":{"type":"Buffer","data":"EDXgVQ+EXzRha+g/dySfQQQDXe3TrC3A3yMGf07Yb0Y="},"public":{"type":"Buffer","data":"WEZMW8OGqXoncBrun7cwRqTntK22xGQNsb+S1Z1zJxA="}},"signedIdentityKey":{"private":{"type":"Buffer","data":"yGx+jpC7j6ZWZ9+i7zeBbSuXUDt49pdcGOpMfVTGcXs="},"public":{"type":"Buffer","data":"Et35LDN8wT+RVhzVXht+NbvhErBxhRAspfrw4gSFJAc="}},"signedPreKey":{"keyPair":{"private":{"type":"Buffer","data":"yBiZ8NJJR2mk9Gc/R9N9uJe9HDlXRvzUC1HK8+UNAkc="},"public":{"type":"Buffer","data":"rtY2UfiBN/Y115Bp843wSoTLP4CD7qKF36mrlwED4io="}},"signature":{"type":"Buffer","data":"+TFvAaph7lXElL6LMq9fJm2bGgCYIYEPDZZnYjPNsmbMDCE5UhnqOfMF5qGrhIEtiIwPE6/H9eOEWdn6I8V3Ag=="},"keyId":1},"registrationId":192,"advSecretKey":"8bVV6lM8dxxMFfHudt7HJJf10QyZ09FNxbbQ9kJQznQ=","processedHistoryMessages":[],"nextPreKeyId":1,"firstUnuploadedPreKeyId":1,"accountSyncCounter":0,"accountSettings":{"unarchiveChats":false},"deviceId":"qEZZH0KLSOKZjQXR4tF9Yg","phoneId":"00b0dec5-a055-47ba-b6e7-2e0da1c1811b","identityId":{"type":"Buffer","data":"zflMEMLCxm3Ay24OWnI+62TBSTU="},"registered":true,"backupToken":{"type":"Buffer","data":"X1egGlECCIeKtUY+Wvr9mP+lnko="},"registration":{},"pairingCode":"FNFTCV5K","me":{"id":"94702241281@s.whatsapp.net","name":"~"}}