{"noiseKey":{"private":{"type":"Buffer","data":"WKE/kWmyX3lIl5VtDJ1zDABOAXHCbXjm+fqE1me4QFA="},"public":{"type":"Buffer","data":"AskfRM1KUWR+wIwKnKfmZ2hn5l59lH8b0wDLiOaLhnk="}},"pairingEphemeralKeyPair":{"private":{"type":"Buffer","data":"2BwyS5ZXv9hTTGg/fGoHixcYp+vcH8A2KZh52g9kc3A="},"public":{"type":"Buffer","data":"vfn0d6TBY7TzkQEbSLp/HI9WCqcjIJ6cRFV1SsY+Vmk="}},"signedIdentityKey":{"private":{"type":"Buffer","data":"cPqGhlP2ZbLxncLpZd9VS8mHEVdvEMA4MH7VGcCB5lU="},"public":{"type":"Buffer","data":"bnYDqAaVBjaJsejqeKLeaF9IE+u/9CDqDzsGsaR4N2E="}},"signedPreKey":{"keyPair":{"private":{"type":"Buffer","data":"WAveAx2uuLaHilGYS6wxRou09MGzzcmhnIku225q1Uk="},"public":{"type":"Buffer","data":"3/SZaLt43zMjXPni6uix21ihN2BbfVxza8v/Jir8p1U="}},"signature":{"type":"Buffer","data":"2Djw7KkxcfZjpPLyov6JfNhSNa4QdzTYMhur6imKrfstyl1R3x32wTkB+ZHPJLkWd/sQZ6V2nzXLkeG28e2QAw=="},"keyId":1},"registrationId":117,"advSecretKey":"a2ekpQoyM5Ue+71AY2ibZ1RuAiuCY7o/uHqckV26UTA=","processedHistoryMessages":[{"key":{"remoteJid":"94774957773@s.whatsapp.net","fromMe":true,"id":"971CC76D36CAC5EC8B0D472AA2B6226D"},"messageTimestamp":1752120007},{"key":{"remoteJid":"94774957773@s.whatsapp.net","fromMe":true,"id":"679C0AA7C0DBB5AC165C34A4CEB2C635"},"messageTimestamp":1752120054}],"nextPreKeyId":47,"firstUnuploadedPreKeyId":47,"accountSyncCounter":1,"accountSettings":{"unarchiveChats":false},"deviceId":"A0Z2oNhzTIqhaHPt73MxgA","phoneId":"f7c45a3b-e03f-4f3e-a529-bebda158ebd8","identityId":{"type":"Buffer","data":"xH8SHMa/sQBBVY/W/78VlIRQrls="},"registered":true,"backupToken":{"type":"Buffer","data":"MvICGUtA/gVFl/1LVsYUoPqwzFQ="},"registration":{},"pairingCode":"J9Z1FFAK","me":{"id":"94774957773:35@s.whatsapp.net","lid":"201825395441833:35@lid","name":"̈́Ｋ͟ɪ͟ɴ͟ɢ͟ ͯ͟Ｒͦ͟ᴀ͟ꜱ͟ᴛ͟ʜ͟ᴀ͟"},"account":{"details":"CMGc78YDEJP1vMMGGAEgACgA","accountSignatureKey":"su/wvHItBUJl9uiiH/CM+O+ZooXZ/NSgu5gOKbQJGQo=","accountSignature":"IjNL8wZeTp4yMjsW4nm9HurH4t3tnKrPa72NN+x00P8qi2dFfNUE93NH2d05rKITnIu9pMdX5/C6JU6a2DVCBQ==","deviceSignature":"bkwlz28nYmNAX2lCs1Cr1t1TpuMAiN4XLQU1M3tu+cGgPAYZKsKDYxEtK0KD3HB1Yn9XximnHusb3tMrZU2nCw=="},"signalIdentities":[{"identifier":{"name":"94774957773:35@s.whatsapp.net","deviceId":0},"identifierKey":{"type":"Buffer","data":"BbLv8LxyLQVCZfbooh/wjPjvmaKF2fzUoLuYDim0CRkK"}}],"platform":"android","routingInfo":{"type":"Buffer","data":"CA0IBQ=="},"lastAccountSyncTimestamp":1752119968,"lastPropHash":"PWk5B","myAppStateKeyId":"AAAAAE4g"}