{"noiseKey":{"private":{"type":"Buffer","data":"aGgbnBnB8Wr6u55fDlPRW4+/oT23ce1zT4lMFM3Bfnw="},"public":{"type":"Buffer","data":"R2JsXskVpaanS5Tw15wUmjUxTfuzgMKluDrfjFRItx0="}},"pairingEphemeralKeyPair":{"private":{"type":"Buffer","data":"yBrR0ABihObFzU/JyMn9uXUFc8Ma1X8y21hXWZGQyWU="},"public":{"type":"Buffer","data":"TeTfYLsgMr/uMP1f+6gUVCQJaqS4GxyrHj47r+8PyyE="}},"signedIdentityKey":{"private":{"type":"Buffer","data":"mNmrUSiIyb5y3yX/Gfc0/uc0DBTPN1+72hKczaIyHEg="},"public":{"type":"Buffer","data":"WZBbd44xl/UwglOBL/eDZHrF8VVaE388ifW84UTIiTI="}},"signedPreKey":{"keyPair":{"private":{"type":"Buffer","data":"INOe/wcJuDrgLucUrUlEOTRwzC/rE7uL1wRcSjhlS2s="},"public":{"type":"Buffer","data":"mgT+dA+SPifPNXbPgCAPLqztM7Kj5wK7nw/WaRTJ0zY="}},"signature":{"type":"Buffer","data":"VwFTqmqrm7OM3dlUlEIue157DRNGL81uXEkOPBeBzUBfqNW5DPl79q8dhxdMM2zyulOI9J0t/SxP6EAfk1mjjQ=="},"keyId":1},"registrationId":153,"advSecretKey":"rAZhv8YmJDQYQJEqf54MnaNtTUiCOdhk6/Bgy2SYJhU=","processedHistoryMessages":[{"key":{"remoteJid":"94787402206@s.whatsapp.net","fromMe":true,"id":"E60E4C2A0CA0336F8B1E2E6C8DB7EDBE"},"messageTimestamp":1752026600},{"key":{"remoteJid":"94787402206@s.whatsapp.net","fromMe":true,"id":"67C1EEB0EEF59BDC3AC4AC2C6CC8D07C"},"messageTimestamp":1752026641},{"key":{"remoteJid":"94787402206@s.whatsapp.net","fromMe":true,"id":"546D2FA36ECBCF9384C7DFC7E7567E76"},"messageTimestamp":1752026681},{"key":{"remoteJid":"94787402206@s.whatsapp.net","fromMe":true,"id":"BFE39AA67E25BEC78184B2C911743E01"},"messageTimestamp":1752026704},{"key":{"remoteJid":"94787402206@s.whatsapp.net","fromMe":true,"id":"1050343B7422BC2DE8F6F591EC3189D9"},"messageTimestamp":1752026717},{"key":{"remoteJid":"94787402206@s.whatsapp.net","fromMe":true,"id":"CC388C9DF20314CA8E9D2BA86909699D"},"messageTimestamp":1752026738}],"nextPreKeyId":148,"firstUnuploadedPreKeyId":148,"accountSyncCounter":1,"accountSettings":{"unarchiveChats":false},"deviceId":"F7kLCrIYR3KnngGnQdl5fg","phoneId":"9484262d-49c9-48f4-83be-f169e74d7fb4","identityId":{"type":"Buffer","data":"4mDT2xCG2+e/OQGy5CGwyZW0+uo="},"registered":true,"backupToken":{"type":"Buffer","data":"UqBdWc7Ww6YSoAtzutNpsgwc484="},"registration":{},"pairingCode":"VWB55TD4","me":{"id":"94787402206:5@s.whatsapp.net","name":"KAVI","lid":"5846037737577:5@lid"},"account":{"details":"CI3LwPcDEMmbt8MGGAMgACgA","accountSignatureKey":"/WKzKOZ2mXUQeyLMQenTw+Dazcmcrq9jnupZ8oSNTTo=","accountSignature":"6lfP01MCBSo9qNW7/uF48tJrwiw+esMa0Nf54mfrmOAFGI12Rgc+XOojo/+w7D5mdFvv7vpBlw6NpDHVFo8oAA==","deviceSignature":"z6vKVhMYOvMJOcJRemwjGwdufbJkz7eh2BVTV9BT3Y5QXT8S4D1e9/Q7Hh8Ng1R2kiILB3gb0yy/exyuxaAiiA=="},"signalIdentities":[{"identifier":{"name":"94787402206:5@s.whatsapp.net","deviceId":0},"identifierKey":{"type":"Buffer","data":"Bf1isyjmdpl1EHsizEHp08Pg2s3JnK6vY57qWfKEjU06"}}],"platform":"smba","routingInfo":{"type":"Buffer","data":"CA0IBQ=="},"lastAccountSyncTimestamp":1752026582,"lastPropHash":"PWk5B","myAppStateKeyId":"AAAAACrr"}