{"noiseKey":{"private":{"type":"Buffer","data":"YC0m+pyBJh9QFwf4fKLuTjARg1JFOQnWXN1q5cUwXXQ="},"public":{"type":"Buffer","data":"YVL+tSrkT5EnNCr3K+s5khOwti9ilapZmxyUeJXTqSQ="}},"pairingEphemeralKeyPair":{"private":{"type":"Buffer","data":"cNDKRWrP4O64/iqy/JjWDYKar0LU+BUZV052J1pEcnE="},"public":{"type":"Buffer","data":"waklzOZnByOelva2spsWUJVnXTY2YWdo+MKyXYqA9SU="}},"signedIdentityKey":{"private":{"type":"Buffer","data":"GC8OdEmH//E0vPqOulGKB/iY/f6yniVtw21Q7sONJHQ="},"public":{"type":"Buffer","data":"u1IMo1b9lmtXT9snITrD680l6QLbieWhVOJGzPWGTH8="}},"signedPreKey":{"keyPair":{"private":{"type":"Buffer","data":"IGG14qOrelJigJ3zQIG6hoctuvUJkh+WfKxYFmhLPHg="},"public":{"type":"Buffer","data":"6lxrNpcHmwTytYM2jvozk/bHb36e6fU3WCpuLE9CRFE="}},"signature":{"type":"Buffer","data":"FPNC3ccz6g62mg3Zih2AWvbFLz5bNFiJlTfhSh2Ao0EucoO+/CwndPsIiuGSPqRFgY1j23FtQ+8ERGqSLx7eBQ=="},"keyId":1},"registrationId":202,"advSecretKey":"Cii0CrF5/OnMEvkBpbkDJv8nOIzdyV4cuz/eWULM4t0=","processedHistoryMessages":[{"key":{"remoteJid":"94773228254@s.whatsapp.net","fromMe":true,"id":"C8D4572E14B252BD397601B102D18038"},"messageTimestamp":1751773454},{"key":{"remoteJid":"94773228254@s.whatsapp.net","fromMe":true,"id":"3D31E987B63B0850D9FF416C6033A9C8"},"messageTimestamp":1751773455},{"key":{"remoteJid":"94773228254@s.whatsapp.net","fromMe":true,"id":"4304E976345052056EACF0C6CC801DAD"},"messageTimestamp":1751773467}],"nextPreKeyId":67,"firstUnuploadedPreKeyId":67,"accountSyncCounter":1,"accountSettings":{"unarchiveChats":false},"deviceId":"qluVnmaGRkORRe_sZJBz6w","phoneId":"156f14b2-ac5e-47dd-afdf-db9369c0147b","identityId":{"type":"Buffer","data":"p0HoJ/XWAcWIbT6JtFhyCofWnjc="},"registered":true,"backupToken":{"type":"Buffer","data":"bQh6B2DA7TNkmTHmTOHIEmqQe3Y="},"registration":{},"pairingCode":"24KDCGZL","me":{"id":"94773228254:2@s.whatsapp.net","lid":"193682171011254:2@lid","name":"Monster ✗"},"account":{"details":"CKX2voUDEP/hp8MGGAEgACgA","accountSignatureKey":"JTS51Wp83RTlOGsemwt4S2cK6QR9/eIh66b3l0iHn2s=","accountSignature":"g3946PTKRbX8qnfNVl6h/BgbmCH6jkaktEdNwaL+XiVFFnH75vaDPOM5BJbHbiK/am64eRLJMIdYw52MbZsABQ==","deviceSignature":"YKqsB0c801qDhT4UVrMSiZOnUEWNhVUjvgX89p2wZdKjO+PCXPnUd3UzigrRHlSMTWetfbMEKbP3bUyIJoL0Ag=="},"signalIdentities":[{"identifier":{"name":"94773228254:2@s.whatsapp.net","deviceId":0},"identifierKey":{"type":"Buffer","data":"BSU0udVqfN0U5ThrHpsLeEtnCukEff3iIeum95dIh59r"}}],"platform":"android","routingInfo":{"type":"Buffer","data":"CAIICA=="},"lastAccountSyncTimestamp":1751787434,"lastPropHash":"3R9Z39","myAppStateKeyId":"AAAAAJoW"}