{"noiseKey":{"private":{"type":"Buffer","data":"uFM39wzgJajqAPKZzNdbr8ZhA5RI8dDzp8ynr3GBlH0="},"public":{"type":"Buffer","data":"cBkl2eoBlpxDBhhJj00Mh3xloiFPZoaBz0HK8DNEjUY="}},"pairingEphemeralKeyPair":{"private":{"type":"Buffer","data":"+LpMt64afZf8m2WMBwunLNhwtD5/yU4lZIAn4+/iZ0k="},"public":{"type":"Buffer","data":"MnsHeakxWSF3C7yTi4G3HD8jdxpq/FxclIUa0tbz3lQ="}},"signedIdentityKey":{"private":{"type":"Buffer","data":"wNeLFgLc4+SmG4F54RQAJKsiVsiq7X5wAo7ybQPlylo="},"public":{"type":"Buffer","data":"8IriA1ntD7t/GLW+64SOErX5rfOZV62hGCC/C0rca0s="}},"signedPreKey":{"keyPair":{"private":{"type":"Buffer","data":"GNsxLsUukr2o1Ht5nuBHMPcPT0TiQygsbXcvlHIvLEk="},"public":{"type":"Buffer","data":"8nfQE/3l7BfreloTASyTEPpu6kh/qYGY0KTqfqJcsVw="}},"signature":{"type":"Buffer","data":"9wQ0dvZFOKFVyGmaqCjlIlZzN2TVNDeHGz/wCl2nSrgX2rVqAGC1hOmgD6g+3rulBCEpCVpOnWpryh+K9YICBw=="},"keyId":1},"registrationId":63,"advSecretKey":"MpUyI9xmHZ+9eDNhpL7n2Q8fyxKbdLsttcg8lVV4Zlc=","processedHistoryMessages":[{"key":{"remoteJid":"94725765528@s.whatsapp.net","fromMe":true,"id":"1F2175B607E1653C25CB70254A203D9C"},"messageTimestamp":1752416943},{"key":{"remoteJid":"94725765528@s.whatsapp.net","fromMe":true,"id":"9DF86DA74E9F9478FD770B0229A0F2B2"},"messageTimestamp":1752416945},{"key":{"remoteJid":"94725765528@s.whatsapp.net","fromMe":true,"id":"06BFE732F38B9D0C1C21F8564C962DA6"},"messageTimestamp":1752416996},{"key":{"remoteJid":"94725765528@s.whatsapp.net","fromMe":true,"id":"30E9F2CB3ABB2D5E0028BEFB79AB1710"},"messageTimestamp":1752417037},{"key":{"remoteJid":"94725765528@s.whatsapp.net","fromMe":true,"id":"B55E5932534B72DA849684E6D7A9B31E"},"messageTimestamp":1752417074}],"nextPreKeyId":34,"firstUnuploadedPreKeyId":34,"accountSyncCounter":1,"accountSettings":{"unarchiveChats":false},"deviceId":"mJ7M4P1WQ42OfSldUSKUXg","phoneId":"908e3ea6-a623-4f79-b541-8e4549365c0f","identityId":{"type":"Buffer","data":"cJ1ioj+2a6JEwQMvRkwS1sEZSY0="},"registered":true,"backupToken":{"type":"Buffer","data":"2+R1C+FhWKZm8TLTbc8JcNES7aM="},"registration":{},"pairingCode":"XGRYZCTC","me":{"id":"94725765528:9@s.whatsapp.net","name":"ιт'z кℓω: ℓυѕιfєя χ∂....∇ﻝ","lid":"21621502931182:9@lid"},"account":{"details":"CJvfpe4BEJeFz8MGGAEgACgA","accountSignatureKey":"Bj1vg1z1T0rOJjnPDk5d8U1Ccrb8Nb+pmYdWGC6RVyI=","accountSignature":"s2Vt5ofT0BElp7Xk9wcVJ6evIZuwMrr7Fwl0gzgMbzocbLI2cRmY1lJgqW/VH0NjyZD+lWb1bIw+/JpvPE2qDQ==","deviceSignature":"Oc3lBdrKtgZfkk+bZGOUea1TSXtbU8ZohIw3LD2p82rGT4WBhXU1L44TFrGkVX/cVYvScI2IhBVR78JQ1bDHAw=="},"signalIdentities":[{"identifier":{"name":"94725765528:9@s.whatsapp.net","deviceId":0},"identifierKey":{"type":"Buffer","data":"BQY9b4Nc9U9KziY5zw5OXfFNQnK2/DW/qZmHVhgukVci"}}],"platform":"smba","routingInfo":{"type":"Buffer","data":"CAkIAw=="},"lastAccountSyncTimestamp":1752416932,"lastPropHash":"PWk5B","myAppStateKeyId":"AAAAAGTX"}