{"noiseKey":{"private":{"type":"Buffer","data":"WDF+N3NqX7KNdPYCQfl2Y6MCI3wEBWss8fl4GnhiTWE="},"public":{"type":"Buffer","data":"bTxcKTrw+creSDqIEbdQ/fo4Ak2s7HEHIB9nThxIlm8="}},"pairingEphemeralKeyPair":{"private":{"type":"Buffer","data":"wFHR/uCIwvr9pGI8GichOhGA4reEUiIo1zd3PJMcTlw="},"public":{"type":"Buffer","data":"QgDU3MaFfBi5hlK62ft7rYD8Z5DKMby8C0ur6JCWfwM="}},"signedIdentityKey":{"private":{"type":"Buffer","data":"aB/t6mdc4o3QW1enNQFbtobMo7dYxnKhSp9OIboAtWQ="},"public":{"type":"Buffer","data":"INSqwlCCQVRxBDESySm9UEGK0CgwdVJy+Gs8H4JxCDc="}},"signedPreKey":{"keyPair":{"private":{"type":"Buffer","data":"2K9lmqjfv8AxSdqoQ3kdO9aev4LA0iKayc2xNlQkx3A="},"public":{"type":"Buffer","data":"RiXkzPWenyikWhEpxdWdGPN9jRqfZz8lN8zZQHHQDGw="}},"signature":{"type":"Buffer","data":"BYfr4qc5Au3q434NKfqIOLwWvN01ajmBC29K9sDXg8NBCIJCT9D+sJR2ymF07EDh7OqhEFrUvEtMVfyOMd9pjQ=="},"keyId":1},"registrationId":39,"advSecretKey":"KseFROYzFrNIUkx0OENXQ6A8cMtGWMCEGsZIi/o9kUo=","processedHistoryMessages":[{"key":{"remoteJid":"923099610962@s.whatsapp.net","fromMe":true,"id":"1AF475EE9504DF3629D21CBF01F92930"},"messageTimestamp":1752028706},{"key":{"remoteJid":"923099610962@s.whatsapp.net","fromMe":true,"id":"3FA12DDE7C139EF12B51490DEB1A7208"},"messageTimestamp":1752028706},{"key":{"remoteJid":"923099610962@s.whatsapp.net","fromMe":true,"id":"36DE99A87515837EF72293530A68CD5A"},"messageTimestamp":1752028717}],"nextPreKeyId":262,"firstUnuploadedPreKeyId":262,"accountSyncCounter":1,"accountSettings":{"unarchiveChats":false},"deviceId":"bcI6Z5S1SdCfsqKqvA3_Vg","phoneId":"b735fcb0-c160-4ee2-b93a-a3de308409ed","identityId":{"type":"Buffer","data":"8bkNJwJKpDpvxjrKEQnl/F2CSSc="},"registered":true,"backupToken":{"type":"Buffer","data":"k08UsqgJmTck93fHob3px9HTBDA="},"registration":{},"pairingCode":"MNPN3KNQ","me":{"id":"923099610962:1@s.whatsapp.net","lid":"60851784540333:1@lid","name":"𝐔𝐌𝐄𝐑 𝐊𝐇𝐀𝐍 𝟑𝟎𝟐"},"account":{"details":"CPqdlhsQkKy3wwYYASAAKAA=","accountSignatureKey":"fqG99abtEiV3M/e+YcD/F5ryPLdh8oM9xHfyHU8nTQU=","accountSignature":"3uom2ayqNimQqmDwqYhWbUHck9mCGzh1DLjR7iw3s/7kiCtlFZ51edElS0XLHhLKW9FgbJELEZQFcU+nBvjMAA==","deviceSignature":"KX7BO7wFzYWxvUVYlwpGpTNsbHMD/t3/jZN/RnAundVsC4bfE3Hcvikh6bKfnA4lWCe4MhFOyokXSkrLIauLhA=="},"signalIdentities":[{"identifier":{"name":"923099610962:1@s.whatsapp.net","deviceId":0},"identifierKey":{"type":"Buffer","data":"BX6hvfWm7RIldzP3vmHA/xea8jy3YfKDPcR38h1PJ00F"}}],"platform":"android","routingInfo":{"type":"Buffer","data":"CBIICA=="},"lastAccountSyncTimestamp":1752028703,"lastPropHash":"3R9Z39","myAppStateKeyId":"AAAAAKhu"}