{"noiseKey":{"private":{"type":"Buffer","data":"wEWsm0i937VzEa3pdPRNsXPSx8FylXl+fiScFsxdYWw="},"public":{"type":"Buffer","data":"VVL+65wdUnkGHpC2FfJIJ44JlNk/O+gV70whxCYlTiw="}},"pairingEphemeralKeyPair":{"private":{"type":"Buffer","data":"oH57viy0r9ccuH+OzbJSBzvjDNyYYYFf5EjAOa9sMX8="},"public":{"type":"Buffer","data":"mrKne+L+FsaXmQebuHfbJ9CtdDCBScOn+RueBuFd0R0="}},"signedIdentityKey":{"private":{"type":"Buffer","data":"cAPTv2DCLSziy/PKZAjDqG1UhSNg0cI59jnC7aM4/1k="},"public":{"type":"Buffer","data":"qn5QDCAQI6CyvtmhrnBmzEjlHGb4C0yGBxUzhssdf3k="}},"signedPreKey":{"keyPair":{"private":{"type":"Buffer","data":"KIQYhgXP2YwCxq7xeeK9skIz2yJcNIvVSrPlE7BR+18="},"public":{"type":"Buffer","data":"qKpXdzhgm61myac+UA2Ai+SUEhF/RTvNxc7AFPh2OFM="}},"signature":{"type":"Buffer","data":"MzxYUL5mS7o53GEpOrcxm6WhnTJjFiSpwDYAnMmapB+a/DWEDie34/F53CB+TRKkliteyd0UGTjQXvdRYn/Uiw=="},"keyId":1},"registrationId":159,"advSecretKey":"gozo1B9zpv2dzM5gQde2g+uurb0TcAMvph7WrLLMEqA=","processedHistoryMessages":[{"key":{"remoteJid":"94719129559@s.whatsapp.net","fromMe":true,"id":"45108DADDF7303135074DDC80D57A7A8"},"messageTimestamp":1752342264},{"key":{"remoteJid":"94719129559@s.whatsapp.net","fromMe":true,"id":"A22B4305E6C9B9751FF62619FFC7D1EA"},"messageTimestamp":1752342264},{"key":{"remoteJid":"94719129559@s.whatsapp.net","fromMe":true,"id":"7D9643A86D008A6CC49A3046E96026C2"},"messageTimestamp":1752342271}],"nextPreKeyId":1081,"firstUnuploadedPreKeyId":1081,"accountSyncCounter":1,"accountSettings":{"unarchiveChats":false,"defaultDisappearingMode":{"ephemeralExpiration":86400,"ephemeralSettingTimestamp":1752376403}},"deviceId":"c_wm2tnJTJyhOx4cpxcSVw","phoneId":"b5be54f1-bca4-4ccd-b8e1-30181d991c4b","identityId":{"type":"Buffer","data":"aGqxYIh7/qU/Lf5VIB5WLV+jny0="},"registered":true,"backupToken":{"type":"Buffer","data":"mF6Wna5PM+FuG+i5qsvjAfSjR1w="},"registration":{},"pairingCode":"7721PLRT","me":{"id":"94719129559:7@s.whatsapp.net","name":"Kasun Sampath","lid":"189292798288077:7@lid"},"account":{"details":"CPGpk84EEOi9ysMGGAcgACgA","accountSignatureKey":"ybqXue1yyNzLQCX+etASPyb9stAADZq1+PFdxhGlvx4=","accountSignature":"i2N98xx6PE7QYGsviYlzKhN1j/nSvZazsuyk+yv8oMyILzjHhPGd8djhXGCo+YSC3b7HBL77yq2gANExnUdtBw==","deviceSignature":"A6c6gNX5He1Ieu3kOxJCxV1LNZ+J9CgS5XdyloIAd7GvlnHMqPrGQmgFX68KEIofQ/NwE2j0VAiUMIj59IEvhQ=="},"signalIdentities":[{"identifier":{"name":"94719129559:7@s.whatsapp.net","deviceId":0},"identifierKey":{"type":"Buffer","data":"Bcm6l7ntcsjcy0Al/nrQEj8m/bLQAA2atfjxXcYRpb8e"}}],"platform":"smba","routingInfo":{"type":"Buffer","data":"CAIICA=="},"lastAccountSyncTimestamp":1752350567,"lastPropHash":"2V77qU","myAppStateKeyId":"AAAAAKMz"}