{"noiseKey":{"private":{"type":"Buffer","data":"WD6mL6tNrIRY6j9KlQfoR/kWDoos/83LWQuiNb05tG0="},"public":{"type":"Buffer","data":"HDm9gWNl+h9BU3lMFJoeLTAGCRKZVKmFIGd9QKk2ZGY="}},"pairingEphemeralKeyPair":{"private":{"type":"Buffer","data":"WD2R7N5GBMehhFpqT4X0FvzYAfgTdoCxRoyo4/gm1F4="},"public":{"type":"Buffer","data":"nyOs9gU1r2QVJDVI/fJiOvOlpw3NqqD+kADX8OpDZiQ="}},"signedIdentityKey":{"private":{"type":"Buffer","data":"eFolFl2wnfq4KrhcnQ19Ra+4qVGXUQlFAqat0Ka8ZHU="},"public":{"type":"Buffer","data":"p4Rh1TYuGGX4RC607rlun+eXNLoUD/oHaLlo+sjmHGQ="}},"signedPreKey":{"keyPair":{"private":{"type":"Buffer","data":"CKwGPDJxOATDkO7uYDYI3pjLWEczXPSiQmG+dQVXMX4="},"public":{"type":"Buffer","data":"2GW2chj1f5g2kF9JB+ugvGvtvFpMs5Z1S8KneOn4cRk="}},"signature":{"type":"Buffer","data":"vFzMrYamrpeRcFd7xV3Wxflxp+nXybaI/PqxJNwP2dHPZVxtE4cym3tVV15Aj4kpn99grM4roJKiYArspznbCg=="},"keyId":1},"registrationId":57,"advSecretKey":"9dk6NQOy4POzSfnVZ3KKeQgvEXX/BLNawulgHqgxp7g=","processedHistoryMessages":[{"key":{"remoteJid":"94778967825@s.whatsapp.net","fromMe":true,"id":"45E507CDA32A19D55D6CA5A06A9AC71A"},"messageTimestamp":1752051441},{"key":{"remoteJid":"94778967825@s.whatsapp.net","fromMe":true,"id":"5705D0CBFA862D5A16707923E3B518AC"},"messageTimestamp":1752051446},{"key":{"remoteJid":"94778967825@s.whatsapp.net","fromMe":true,"id":"453F9ECEE4EAE8CB46C1397E3148D6A5"},"messageTimestamp":1752051448}],"nextPreKeyId":399,"firstUnuploadedPreKeyId":399,"accountSyncCounter":1,"accountSettings":{"unarchiveChats":false},"deviceId":"VXb4MWxaQzCQwuDNaWOYgQ","phoneId":"5abfcf6c-3cc3-46be-83c7-17710ffcb2a0","identityId":{"type":"Buffer","data":"iXcZwyH7ceInyCHyQvkSMxfQQpQ="},"registered":true,"backupToken":{"type":"Buffer","data":"734Oaz4FW99ha2fx5bFiH5j/1ac="},"registration":{},"pairingCode":"1H3RJCDF","me":{"id":"94778967825:1@s.whatsapp.net","name":"𝙿𝙾𝙳𝙸","lid":"3423726489815:1@lid"},"account":{"details":"CJfV69ICEN3duMMGGAEgACgA","accountSignatureKey":"nDb21yQzSk1qx1altg9zdCVv2w8g/Na/oPce9/s+Igk=","accountSignature":"0F0T8GdGuufL1qUP9SD/OvEsXnjjgwjfjzyXomVeUpyeFp2GSM79K8Kj4xv+aqq20hu4V6LwNhw2EpIG0EZzCg==","deviceSignature":"hsJItkvdw1Ys4lszIsRw0dHHM90o7PjLwDAL2UyDNeDllCHzuX1LDB+kayeNqWkUVe1nWH5XFTQEENE2c26qCw=="},"signalIdentities":[{"identifier":{"name":"94778967825:1@s.whatsapp.net","deviceId":0},"identifierKey":{"type":"Buffer","data":"BZw29tckM0pNasdWpbYPc3Qlb9sPIPzWv6D3Hvf7PiIJ"}}],"platform":"smba","routingInfo":{"type":"Buffer","data":"CAUIAg=="},"lastAccountSyncTimestamp":1752067934,"lastPropHash":"1K4hH4","myAppStateKeyId":"AAAAABky"}