{"noiseKey":{"private":{"type":"Buffer","data":"4CscT3xtKHGuga7wh8w5T+L3ycPbZFFHlnPWLVtWs2g="},"public":{"type":"Buffer","data":"SjQW9Znpkxy+T0+NZfEQEKywmZhbiCKtFJIPBnPDOSE="}},"pairingEphemeralKeyPair":{"private":{"type":"Buffer","data":"CGr24UvvqHEHE81Vs3g5PEZf7o6M3Wa0F0q4ahYOR2g="},"public":{"type":"Buffer","data":"z/zpHw8V24kNXaqGbpcVZBOE+BEPJzsnXtiIajXgYWo="}},"signedIdentityKey":{"private":{"type":"Buffer","data":"mB0/GQTgXrnzplrwvwSklaOeZIeX9f4ZHryZj6rc0UE="},"public":{"type":"Buffer","data":"yU21KhUnYN9TqF6WlVRBv6r4jOJTdzSo9tZTjvBTyDs="}},"signedPreKey":{"keyPair":{"private":{"type":"Buffer","data":"IFIk64xv9r/0gNDyFpknQx+KUPhlLvfabFP314eE32s="},"public":{"type":"Buffer","data":"EiT41PYAiPU8VkIwkENi++J4Ms6EtmvoeC8zhroG3kM="}},"signature":{"type":"Buffer","data":"ArDcon3ZnHvj/jlr8sFGB3nmokydNtDqnGoXKdC4SB61X2VJQq9ZQfvFmGLK0RW1xuONgXCmxD3KviuccZgoiw=="},"keyId":1},"registrationId":31,"advSecretKey":"7PY1/XYLD/H3mjnuaVeuiYRy1onNtRSfoqK3/BOnRzM=","processedHistoryMessages":[{"key":{"remoteJid":"923362901028@s.whatsapp.net","fromMe":true,"id":"7EAF27BCF2B33F84F18ED4D2388B9529"},"messageTimestamp":1752396197}],"nextPreKeyId":34,"firstUnuploadedPreKeyId":34,"accountSyncCounter":1,"accountSettings":{"unarchiveChats":false},"deviceId":"PtODCgp6Sf6dWGrVaEa1LA","phoneId":"dac922bd-6b57-4491-8807-d3409efffc6f","identityId":{"type":"Buffer","data":"TFIgAVdvFJ4LyGGdYxnVtzt2er0="},"registered":true,"backupToken":{"type":"Buffer","data":"QqCXljINNHQvFvG92s3kSBm9/gA="},"registration":{},"pairingCode":"XRB3DFEL","me":{"id":"923362901028:70@s.whatsapp.net","name":"Hacker Boy","lid":"184538152059089:70@lid"},"account":{"details":"COb6rpQDEPHizcMGGAIgACgA","accountSignatureKey":"JcOayUT54fhBOzbyiBu1+LaZHifkgVayJZOMITQW1gA=","accountSignature":"gJaM8pXVxmAQsWf3MSEOJ+jkLF45AMS4qOMHkRm6m5t6MW1jBTQh6HVzv54/FDGarWejLgZmhLOaGFta7pjECg==","deviceSignature":"vJjYgvYKybhBZPf8wYGRJu5Zlq7FjBljsW1ksOLqEfhnotrb/tuQAQLLl+m8jOVb3hh0uXRcLF/N9x/bSrDjiA=="},"signalIdentities":[{"identifier":{"name":"923362901028:70@s.whatsapp.net","deviceId":0},"identifierKey":{"type":"Buffer","data":"BSXDmslE+eH4QTs28ogbtfi2mR4n5IFWsiWTjCE0FtYA"}}],"platform":"smba","routingInfo":{"type":"Buffer","data":"CAsIBQ=="},"lastAccountSyncTimestamp":1752396158,"lastPropHash":"PWk5B","myAppStateKeyId":"AAAAACUW"}