{"noiseKey":{"private":{"type":"Buffer","data":"oHhbJucNIyiDJafF3VITOBK5669j90W67C6rEoBM82M="},"public":{"type":"Buffer","data":"oPjvX3jqOlBUg2cRT8C8sNhRbiThDNNh2ZJZ1jdbDCw="}},"pairingEphemeralKeyPair":{"private":{"type":"Buffer","data":"KPLDFEujmYG9cIy2FP5YZEeoa2MMkOYSbIOLEU9kNXA="},"public":{"type":"Buffer","data":"CwKnQ5dN3qdnGbjtoYDdSE8otbYtLCooedK1uODL7VI="}},"signedIdentityKey":{"private":{"type":"Buffer","data":"WPDy9c9isx+SgkVe/Y9uD8dr3XZ0VDwCf3Tz0EJuYXo="},"public":{"type":"Buffer","data":"dErfeXkbiQ/1IzGA7AUHV4OUBFM/BliQ3kkw/7dnxlY="}},"signedPreKey":{"keyPair":{"private":{"type":"Buffer","data":"8FjWL7I+tSoCbqtX1DJOz8J9RjIyLRDyfeSUKX3FwUw="},"public":{"type":"Buffer","data":"JuwZls1A00CCkMOkBbRXRNABUjsaUg5bKiXYR2nk8iw="}},"signature":{"type":"Buffer","data":"6/AERve0pEAOZ7/ohmNsM4XA8QQIYSMEufVmqQaFlCnIQTZll+ypBoSq814dluU9zLrJH6fxjG3mET1e383WAg=="},"keyId":1},"registrationId":239,"advSecretKey":"jKgQovJ6DVlO1rJfBwXP28uLgoAA8DqVSbSe3pnFQ3g=","processedHistoryMessages":[{"key":{"remoteJid":"94768143726@s.whatsapp.net","fromMe":true,"id":"FCB43C9F3D2B1DA5917796B7555366D8"},"messageTimestamp":1752401726},{"key":{"remoteJid":"94768143726@s.whatsapp.net","fromMe":true,"id":"4E7359D31B7F8C2126EC5BD42785DA17"},"messageTimestamp":1752401726},{"key":{"remoteJid":"94768143726@s.whatsapp.net","fromMe":true,"id":"27B61329C5ED3F25998F7DD5B2D039B9"},"messageTimestamp":1752401729}],"nextPreKeyId":31,"firstUnuploadedPreKeyId":31,"accountSyncCounter":1,"accountSettings":{"unarchiveChats":false},"deviceId":"1Kh18vFIRpCFxp6v3YkNYQ","phoneId":"040e5328-bdb1-46af-9f83-e136f14ee8cc","identityId":{"type":"Buffer","data":"mmiFFRRLcfved0sJXTp2Y8Kb/OI="},"registered":true,"backupToken":{"type":"Buffer","data":"j3ystAXxsOHQ7sja2BVV5rdoKKw="},"registration":{},"pairingCode":"CQ1YKA94","me":{"id":"94768143726:1@s.whatsapp.net","lid":"164669666934936:1@lid","name":"Iᴢᴢᴜ ʙᴏʏ 👤💗"},"account":{"details":"CLS9w1gQrY7OwwYYASAAKAA=","accountSignatureKey":"eGTWaW95qrneX4jk1X+KCtnlzJajq3aBfVadtFa0yGc=","accountSignature":"rT7989e/gCRUXk5PidSp7B+tZFPwbBD7MvvmaNCeT7h3+ICZgtFxwS8Xgg7qkK6Qd+/26FWrkwv7OXJCF9g3DQ==","deviceSignature":"3RXlzpUjjF/iNVGCytC4ajwd2/ytiKjpN45jvYlYqCTK3COWv8jiuge8LexD2IpgxLYoqF5G7cPwMz3qlCKNCA=="},"signalIdentities":[{"identifier":{"name":"94768143726:1@s.whatsapp.net","deviceId":0},"identifierKey":{"type":"Buffer","data":"BXhk1mlveaq53l+I5NV/igrZ5cyWo6t2gX1WnbRWtMhn"}}],"platform":"android","routingInfo":{"type":"Buffer","data":"CAsICQ=="},"lastAccountSyncTimestamp":1752401723,"lastPropHash":"PWk5B","myAppStateKeyId":"AAAAAEJW"}