{"noiseKey":{"private":{"type":"Buffer","data":"cFJKi3bbSqj9y1+NUZeuGEdcoa3IUkkluYR8+6QAE2M="},"public":{"type":"Buffer","data":"f6phPCsTHjVIQvj+6K6SHl+rQ2qtlt4QD3TMHyLwADE="}},"pairingEphemeralKeyPair":{"private":{"type":"Buffer","data":"aH86pyF32eVm8deVplS781xA4KHR1X+SxkIqM0KTlHs="},"public":{"type":"Buffer","data":"jWbeCaxb20ori3hM1ypjdiE6XgrGvIcZkP7TwSs4+nY="}},"signedIdentityKey":{"private":{"type":"Buffer","data":"SFPrTjPIPJNF14014So2VZ+DWu6fWD49HhztIVMbKHE="},"public":{"type":"Buffer","data":"SSpXfF01dNjXWPloS+993PLVy/0PU4pf3kCW2nCMIzU="}},"signedPreKey":{"keyPair":{"private":{"type":"Buffer","data":"iJc/qZbMI8IgJJs86Wek55YFpHavhr85+bAAJsvMAHo="},"public":{"type":"Buffer","data":"K2CKh7vqbvVSbc711MWHIP4Y5FB+0W8QDxTU4+Wbpz4="}},"signature":{"type":"Buffer","data":"lqN6sMBXWeDtsrndIh8RhdgSxDEkXPiNqwCCrbfQTOPSZoIERe0cYrhOqF+n05wqR9INt73cD2QjAYj1BE/sBA=="},"keyId":1},"registrationId":123,"advSecretKey":"WpX+kGsYf+bJRstCYKNhcEqsqy7SXUFuQdFYT49d8lo=","processedHistoryMessages":[{"key":{"remoteJid":"94761778970@s.whatsapp.net","fromMe":true,"id":"3EC61ED73DF69195B633647EBD397133"},"messageTimestamp":1751731231},{"key":{"remoteJid":"94761778970@s.whatsapp.net","fromMe":true,"id":"AF1086BD8A8811ACC47906B2D0CE7D5A"},"messageTimestamp":1751731231},{"key":{"remoteJid":"94761778970@s.whatsapp.net","fromMe":true,"id":"9CC9103ECD14B01EF1B7E098392E48FC"},"messageTimestamp":1751731235}],"nextPreKeyId":375,"firstUnuploadedPreKeyId":375,"accountSyncCounter":1,"accountSettings":{"unarchiveChats":false},"deviceId":"HVbjwTzATquFzKmdvLlHpg","phoneId":"d9b09e3c-45fe-49a2-9dd3-1b9001aa3784","identityId":{"type":"Buffer","data":"rpDh0Fpv7XIptAr/VYN/0Bp1Kc4="},"registered":true,"backupToken":{"type":"Buffer","data":"mOFj9r96RtHUVFfNcSMSd9dyKvU="},"registration":{},"pairingCode":"7VTXX3A6","me":{"id":"94761778970:3@s.whatsapp.net","lid":"243069949608072:3@lid","name":"ℜ𝔖𝔐𝔇"},"account":{"details":"CKahsssGEJCYpcMGGAEgACgA","accountSignatureKey":"Ga1EQLZ8q0OCqcE4gcNyavhHijRgg2zy8R+Jn0IaSD4=","accountSignature":"QIYjjh9yph/XPR0RVzQLMeHCWtCggOvpnv4PHJWgACOP672z9hhbzvjNLF7zb0ZsyD5r0xd3iP2CXx6xrGuqCQ==","deviceSignature":"OT/KBWvLmR8X52fPPjvEGJkvPrtRdcdEPYcDQKXbCzupMU845KygVOIhqyFHhv4iXF67PWv6rKe3c+hL0Cm3Dg=="},"signalIdentities":[{"identifier":{"name":"94761778970:3@s.whatsapp.net","deviceId":0},"identifierKey":{"type":"Buffer","data":"BRmtREC2fKtDgqnBOIHDcmr4R4o0YINs8vEfiZ9CGkg+"}}],"platform":"android","routingInfo":{"type":"Buffer","data":"CAIIEg=="},"lastAccountSyncTimestamp":1751737510,"lastPropHash":"1K4hH4","myAppStateKeyId":"AAAAAEUQ"}