{"noiseKey":{"private":{"type":"Buffer","data":"UPBX/rL5b/HOrjzXw1pKgkLTGpV524/NluFzsaq7yko="},"public":{"type":"Buffer","data":"7bMJ3L6aCsTMmArs6wg1O1Ydq3hihAmxWJQHQTmAkB8="}},"pairingEphemeralKeyPair":{"private":{"type":"Buffer","data":"QDrwgpWdw5JP7Q6bYrZVEH+7Qtd/r6txjRWxq33x6Ec="},"public":{"type":"Buffer","data":"uY1wxw3epfx+P8xMAC4/Y2EjW8p/uDd4FUDPMPucKFY="}},"signedIdentityKey":{"private":{"type":"Buffer","data":"iG8G2TMUxUhe/QOYPZzwUeSvvcSDUXPf075NwIHcakE="},"public":{"type":"Buffer","data":"59ZdtA3S2qnhDXvBjj5RyStTlZPpKrUUJ/MNlSsE2GE="}},"signedPreKey":{"keyPair":{"private":{"type":"Buffer","data":"qLDC/2UaifWmtkcjibVN9TWz1Qz+hiXuaeSfm/H01XU="},"public":{"type":"Buffer","data":"/NoWX80ezD54ATLQMnQNMfkWgQ9UO7T3c+0JCreYGD0="}},"signature":{"type":"Buffer","data":"SePanOgby1pHt8zeRXBZhBrhuz2qugOaov/uPLUaIHuN9TcePZBu3FDGiGttOhRe1+4zBJAlLAFPkPDsrIVUjg=="},"keyId":1},"registrationId":162,"advSecretKey":"S7FfmwekdfSCdbW53pqtehhubfxu8P2CGcVDPTt3HrU=","processedHistoryMessages":[{"key":{"remoteJid":"94760947868@s.whatsapp.net","fromMe":true,"id":"EB8318A8D96ED6E3D651942B4A76CB39"},"messageTimestamp":1751886468},{"key":{"remoteJid":"94760947868@s.whatsapp.net","fromMe":true,"id":"0972B76DB71F19393C1EDF3F7A649ACB"},"messageTimestamp":1751886468},{"key":{"remoteJid":"94760947868@s.whatsapp.net","fromMe":true,"id":"080F45B67242AC6CA00EF6AFE959AD57"},"messageTimestamp":1751886470}],"nextPreKeyId":33,"firstUnuploadedPreKeyId":33,"accountSyncCounter":1,"accountSettings":{"unarchiveChats":false},"deviceId":"xgWO-YFiQpOlryd62mAtRg","phoneId":"10b606e7-8959-498b-becf-377d48de394b","identityId":{"type":"Buffer","data":"BtmzwMwbWkK5ctuhUf6DocX9620="},"registered":true,"backupToken":{"type":"Buffer","data":"fsuXb7VLxbUmF/3b2gUzVkzymek="},"registration":{},"pairingCode":"JQT6T91V","me":{"id":"94760947868:8@s.whatsapp.net","name":"Ｃ ᴀʀɪ ꪶ P ᴏ͢͠ᴅɪ ( ʜᴇ͢͠ʀᴀ)","lid":"136992931229939:8@lid"},"account":{"details":"CNfcgJYHEPXUrsMGGAEgACgA","accountSignatureKey":"ASgXjBFR3I8Z+hvhxDN/xSZY1kapkaHIjQLwhagX0SI=","accountSignature":"2ls4/lQTCIdtQTgjvzcSCaJwsza9CqhIQdhUT+PbYx5doUB7v8lQRbZHdnwVb0vfHUwOMFDWChdU5C+gKKCTDA==","deviceSignature":"/oyXOJlxZzwpzW3NqQFMjzs1nUSSesNiXwFHXqt7DP6wzqtADzSX6d6J08X4MFFDpZNufUdkNmhDwBoh6IHQjQ=="},"signalIdentities":[{"identifier":{"name":"94760947868:8@s.whatsapp.net","deviceId":0},"identifierKey":{"type":"Buffer","data":"BQEoF4wRUdyPGfob4cQzf8UmWNZGqZGhyI0C8IWoF9Ei"}}],"platform":"smba","routingInfo":{"type":"Buffer","data":"CBIIAg=="},"lastAccountSyncTimestamp":1751886466,"lastPropHash":"3R9Z39","myAppStateKeyId":"AAAAAGDK"}