{"noiseKey":{"private":{"type":"Buffer","data":"4DHz7cP1R2LedUlz2CYupaN+2SARpr3W9ZNCASN/Dks="},"public":{"type":"Buffer","data":"vgiem7b3mYT0SFF0Qu3Fi/PDGypF3qLv57Ep0U1hRVE="}},"pairingEphemeralKeyPair":{"private":{"type":"Buffer","data":"kDVDyXRgqALtlJcXTtGHmfNAn6MEzX2TnHziTadFn2o="},"public":{"type":"Buffer","data":"4gMUL/hTVN2CtQC5ioTYVHOjv4UfPd0IJFmYh4NrVTE="}},"signedIdentityKey":{"private":{"type":"Buffer","data":"wGW9AWWFph8UipJyeXfdvYACl0py7kPKZajILRpkE0o="},"public":{"type":"Buffer","data":"zxefZGfYjfyTkjXF3hmsqT/abzl8Y3ktUXc5n+Al+1o="}},"signedPreKey":{"keyPair":{"private":{"type":"Buffer","data":"gLXuoOXKin3sFPkrsrCfnw3emEFzzBxDmdnX3qTc4G0="},"public":{"type":"Buffer","data":"Ctovz7jBP0zvKdm6H/+qUpscOd232BwTIi2NpBIKwGU="}},"signature":{"type":"Buffer","data":"p+WUY4v8/TbtYQhT1WLk+15AAPw8gRv8D0D2FbUgRzG5ilFyjD8i9iyqkWYSpfBjaASoNRVPFI99UBERLN1TCA=="},"keyId":1},"registrationId":39,"advSecretKey":"4GbomJ4pbYNEO2jevZwXq8Sjn2XfxmO8OiRBn3y0kD0=","processedHistoryMessages":[{"key":{"remoteJid":"94769749610@s.whatsapp.net","fromMe":true,"id":"579F6EE3329C438FC8DAE5232A1C1FE4"},"messageTimestamp":1751819862},{"key":{"remoteJid":"94769749610@s.whatsapp.net","fromMe":true,"id":"D065ACB62C17BEEE8DB3252CBEA743F4"},"messageTimestamp":1751819862},{"key":{"remoteJid":"94769749610@s.whatsapp.net","fromMe":true,"id":"90C9FA759984A7BA01EAA5E1B77A2CAD"},"messageTimestamp":1751819901},{"key":{"remoteJid":"94769749610@s.whatsapp.net","fromMe":true,"id":"466DA800DAE443A3505A57B4DB62D669"},"messageTimestamp":1751819916},{"key":{"remoteJid":"94769749610@s.whatsapp.net","fromMe":true,"id":"F317D3B9B7F91E15463BB1D6AB7D6697"},"messageTimestamp":1751819983},{"key":{"remoteJid":"94769749610@s.whatsapp.net","fromMe":true,"id":"27FAA8DA0DA70B98EF01DFEFFF38D668"},"messageTimestamp":1751820027},{"key":{"remoteJid":"94769749610@s.whatsapp.net","fromMe":true,"id":"9DEBDA3028AD3766757468308131F818"},"messageTimestamp":1751820027},{"key":{"remoteJid":"94769749610@s.whatsapp.net","fromMe":true,"id":"EA415E057B147CFDC891FD388F17C367"},"messageTimestamp":1751820030},{"key":{"remoteJid":"94769749610@s.whatsapp.net","fromMe":true,"id":"8DE7AAF0DD3EA14B9CE9754F3CEF5E06"},"messageTimestamp":1751820030}],"nextPreKeyId":33,"firstUnuploadedPreKeyId":33,"accountSyncCounter":1,"accountSettings":{"unarchiveChats":false},"deviceId":"_f9iTA_aTn2TmI4QwyWIXg","phoneId":"2faac344-6f98-4521-8178-7a03e48406f0","identityId":{"type":"Buffer","data":"erxvvIcv/qinUl0SVvrnVMDVouk="},"registered":true,"backupToken":{"type":"Buffer","data":"yADQ2vMEHhq3yV6EzLUJJ68lmaY="},"registration":{},"pairingCode":"WSR3RF4C","me":{"id":"94769749610:6@s.whatsapp.net","name":"ɪⴕ \"ᴢ ᴍᴇ 𝔎𝔦ɴ𝔊׀Dina\" bbh <<","lid":"25521266114714:6@lid"},"account":{"details":"CPravIIGELzMqsMGGAEgACgA","accountSignatureKey":"d940vg/8g0KJ2ziP9IaYL6CT/Js8a69dEOOQTvjGfRQ=","accountSignature":"HQiARUNc88y3+w8DR8fUfSJu+uiUVcNo7vHebiKntL/cR6vaeSRWnV6dVQoqOZo3FDDCDhvzw5GHNUXqQRYUCg==","deviceSignature":"ZupFydS/51l2hNnAWzB9GUEN8yepGJasoYDCzBMAoezpBwtoOdkBFocXBNzQu9Z6+OadVfCa2Y/PwMPiVxtVAg=="},"signalIdentities":[{"identifier":{"name":"94769749610:6@s.whatsapp.net","deviceId":0},"identifierKey":{"type":"Buffer","data":"BXfeNL4P/INCids4j/SGmC+gk/ybPGuvXRDjkE74xn0U"}}],"platform":"smba","routingInfo":{"type":"Buffer","data":"CAgIDQ=="},"lastAccountSyncTimestamp":1751819849,"lastPropHash":"PWk5B","myAppStateKeyId":"AAAAAOzQ"}