{"noiseKey":{"private":{"type":"Buffer","data":"CPHeful/Q07zps6LMjocFU/F49zjAP72nnJVetw3anM="},"public":{"type":"Buffer","data":"FCL45W3fq4fPsuDok+c2p6ZjcnRQu+zJ9V8t48j88BQ="}},"pairingEphemeralKeyPair":{"private":{"type":"Buffer","data":"IErXq4T5lrRUg+/dGrKljWD6T25ckDqkwfK8Kalz8lc="},"public":{"type":"Buffer","data":"rILs32TW/x7uwLi15amDx2sgHkpO8LWDSxuV62S3bBk="}},"signedIdentityKey":{"private":{"type":"Buffer","data":"eAgiZNyu9ys3jYQOxtoe6x/NAOB67q66ZHIO1qZfm1Q="},"public":{"type":"Buffer","data":"mqYXrIuDgNKrjCeKyVPmh4JtsQrx+sFpehBsneS1nCY="}},"signedPreKey":{"keyPair":{"private":{"type":"Buffer","data":"SDgys/3TFW80mKP8IzJAUcHzmfLemF4ITMOxIMSyoHs="},"public":{"type":"Buffer","data":"nSWf//4oB4vo5hxhahUhwjLQC4lr/NCQ38hsglDE13I="}},"signature":{"type":"Buffer","data":"S4871JmIyNEZnu/J1Uke5tHwJwQnpRHeBUllbpNWfCISTo3RALjQvJfxD5hF3bJHeFLv+y+YKTpA7bffhBEDgQ=="},"keyId":1},"registrationId":200,"advSecretKey":"D+IVaHaanRoI70DQ85Z9ohiv+SfRVtZVAcSFPeTInPc=","processedHistoryMessages":[{"key":{"remoteJid":"94701748131@s.whatsapp.net","fromMe":true,"id":"AB4674929CA235EFC3E3DE3026E4EB06"},"messageTimestamp":1751731326},{"key":{"remoteJid":"94701748131@s.whatsapp.net","fromMe":true,"id":"34D484827D0D1D4914DAF6B6461124E8"},"messageTimestamp":1751731337},{"key":{"remoteJid":"94701748131@s.whatsapp.net","fromMe":true,"id":"5504A6318C4E758F9B0C04155BBF673B"},"messageTimestamp":1751731455}],"nextPreKeyId":176,"firstUnuploadedPreKeyId":176,"accountSyncCounter":1,"accountSettings":{"unarchiveChats":false},"deviceId":"tKi8QTdWSQaNNN04dgfuAw","phoneId":"545c2cae-f240-4e8c-a32a-35e3f3cf4b94","identityId":{"type":"Buffer","data":"21Fi1Zs9hUrBtp/JTe/E3un+W2k="},"registered":true,"backupToken":{"type":"Buffer","data":"vY5jwMacp3aoDVfYpU9eOyEKlv8="},"registration":{},"pairingCode":"RA41QWZQ","me":{"id":"94701748131:1@s.whatsapp.net","lid":"207636335198246:1@lid","name":"^_^  Iʂԋαɳ_Nҽƚԋɱιɳα🥺💐🫶"},"account":{"details":"CLnJiXIQ4pilwwYYASAAKAA=","accountSignatureKey":"cBxT/J6z+dqopkqeLaX6m5W8pfNPA12QuBvegVXVhmg=","accountSignature":"L5kUPhGCYiMF5DZ9OJZe3gBTq807blh/u5zLNB8p+jcr5ti5cNYMjzwPxVayNcAdfv6q1IkYouRzxN9Hgxr7Dg==","deviceSignature":"T9TKoCSNGw58tT9sOOipElEfWeiGqctnX0VFxyK+1cD2lmc4HTeZUjzWZzXcxOIE43JWeOl0T3zcoW/QeOJOjA=="},"signalIdentities":[{"identifier":{"name":"94701748131:1@s.whatsapp.net","deviceId":0},"identifierKey":{"type":"Buffer","data":"BXAcU/yes/naqKZKni2l+puVvKXzTwNdkLgb3oFV1YZo"}}],"platform":"android","routingInfo":{"type":"Buffer","data":"CAIIEg=="},"lastAccountSyncTimestamp":1751737514,"lastPropHash":"2V77qU","myAppStateKeyId":"AAAAAJ6a"}