{"noiseKey":{"private":{"type":"Buffer","data":"0Cy0Uj/f2Hvqv6pkoz1K/nfcHw36V4bHsU/5RE4lTEQ="},"public":{"type":"Buffer","data":"fVedzzGTHP34S847NR/WFGVyvoqbH2rpekKlYo0yEHs="}},"pairingEphemeralKeyPair":{"private":{"type":"Buffer","data":"gLHn/0ztaqDkj4Ze8V+u3vCpPC8oi0fFs+pLDvvumGg="},"public":{"type":"Buffer","data":"WRqaRWxDcaJS25YL+wO/AAZvUeX7mR9tYEQb+/mVvBg="}},"signedIdentityKey":{"private":{"type":"Buffer","data":"iH5Vq9HO08G4yAQRfUivXuZyiAdvHxSTA7WmGjsLams="},"public":{"type":"Buffer","data":"xio7uZNI0tMEIecN0N52WzB4nDfZScIPQdbIezWi8HI="}},"signedPreKey":{"keyPair":{"private":{"type":"Buffer","data":"8P3H+kyCMszBEjhkTwQOFDErps/b4ua8+Ovht4afakk="},"public":{"type":"Buffer","data":"NqWK8JHAJLdWSzNa9V/odTi491MY/OL5SGqtXWoaUhs="}},"signature":{"type":"Buffer","data":"u1zdUOrWdtepij6bQalcPNeEFeQetuhtcHCyHdGXvwWtiUzOMbG7xa0PKPeSaf+Ex1hx0o8lApmnvNj0Lxdehg=="},"keyId":1},"registrationId":2,"advSecretKey":"81+1tIII8WsykpKNZRWgnzPstgzsf5xjJiVy3rAtfqI=","processedHistoryMessages":[{"key":{"remoteJid":"94753853529@s.whatsapp.net","fromMe":true,"id":"12CA3FCB99AD2589F6631C1AB6032213"},"messageTimestamp":1751771081},{"key":{"remoteJid":"94753853529@s.whatsapp.net","fromMe":true,"id":"5774CB4B66A0C33A5F4786F357B11AE4"},"messageTimestamp":1751771100},{"key":{"remoteJid":"94753853529@s.whatsapp.net","fromMe":true,"id":"3A9018244B80F14E14BAD1B2DD9E68E9"},"messageTimestamp":1751771233},{"key":{"remoteJid":"94753853529@s.whatsapp.net","fromMe":true,"id":"AB4024AAF4F2AA322C5800FF9376DCAC"},"messageTimestamp":1751771295},{"key":{"remoteJid":"94753853529@s.whatsapp.net","fromMe":true,"id":"238538BCE7DB8F8B43EA426068F8A5AF"},"messageTimestamp":1751771403},{"key":{"remoteJid":"94753853529@s.whatsapp.net","fromMe":true,"id":"D3DF02BE1AF93FA1D3B83D8026B812B1"},"messageTimestamp":1751771431},{"key":{"remoteJid":"94753853529@s.whatsapp.net","fromMe":true,"id":"C473D294ABD57C4F7725CD463AC50D47"},"messageTimestamp":1751771500},{"key":{"remoteJid":"94753853529@s.whatsapp.net","fromMe":true,"id":"A9D015587BC7440DFFA54425ECD0F20E"},"messageTimestamp":1751771541}],"nextPreKeyId":1306,"firstUnuploadedPreKeyId":1306,"accountSyncCounter":1,"accountSettings":{"unarchiveChats":true},"deviceId":"MHdmOOjlSdejrPEBqYrxkg","phoneId":"d518769a-9f6c-446b-bfc5-68dded959ef7","identityId":{"type":"Buffer","data":"KvF6KmFCVcPmDRXZx8Vfe61so7U="},"registered":true,"backupToken":{"type":"Buffer","data":"3d3qs2Z5itO4GVDWkW4OHwfd0Bk="},"registration":{},"pairingCode":"CFNXSZ5V","me":{"id":"94753853529:11@s.whatsapp.net","name":"savinu","lid":"40472097591508:11@lid"},"account":{"details":"CLehwoUCEJjPp8MGGAEgACgA","accountSignatureKey":"T0waIJMMPlg0eBTPHZmoS67YeSLIJaR3KpC9oBrKMxs=","accountSignature":"cPPFLa9TMN0jckE0dJJ240pZ8EMXSnCnD8k92NWuRAkO9IDxjnREZh5NxXpPQGOUHerad4pIjBb9GIq5wffUAQ==","deviceSignature":"nhcFxBj/WluU1/jeEaVi6Q07Ot/Zbrpl2fVMcbb7uj/HMyP3pijlk87lVrwN/XC/9I5l56oWMqrIwrKvqW2CgQ=="},"signalIdentities":[{"identifier":{"name":"94753853529:11@s.whatsapp.net","deviceId":0},"identifierKey":{"type":"Buffer","data":"BU9MGiCTDD5YNHgUzx2ZqEuu2HkiyCWkdyqQvaAayjMb"}}],"platform":"smba","routingInfo":{"type":"Buffer","data":"CAUIEg=="},"lastAccountSyncTimestamp":1751771774,"lastPropHash":"3R9Z39","myAppStateKeyId":"AAAAANIS"}