{"noiseKey":{"private":{"type":"Buffer","data":"SD1IfDE4jNwsgELWYf6GaNiyKhGveidteZq8l+BasEM="},"public":{"type":"Buffer","data":"qSscVtAa3xs84lcy4Vdoyx3WbF/Bb8IlgPePTfFG+hk="}},"pairingEphemeralKeyPair":{"private":{"type":"Buffer","data":"4IgtlNGDG/6xbHNL3z0K+QjAOAkFFVAKkrZAPyVaRn0="},"public":{"type":"Buffer","data":"/J8wIuFjm7oYSi0mtYIaU+Lx/ideR/Tk8SxW3GOMlBg="}},"signedIdentityKey":{"private":{"type":"Buffer","data":"iM6DslvedMJGItZ9lO5Ag+NZB/+sNWU9IkarDknACFQ="},"public":{"type":"Buffer","data":"BrElk1+Odf45SMkNwRIBGIqpSztwxVxnRVUk0QWohFM="}},"signedPreKey":{"keyPair":{"private":{"type":"Buffer","data":"aNJB/rC4YDcGrw6iiAu/KrxMyYGe7UqXV2HjDoOjzVs="},"public":{"type":"Buffer","data":"hCHpog+SQvqhmNKyXkOjlXUgIMDVI44UndfM/OyNwWQ="}},"signature":{"type":"Buffer","data":"a1zzExL2P+kU32bDg+3iswU4uI6yeB0qI0HDjSIA1507ud+j/A67JCDmcaGJCK1HOclCim+qX9rZq4sH7bETjw=="},"keyId":1},"registrationId":105,"advSecretKey":"Tm6QCVM7gaHg6ulHLb2KamQbhDCg2xzL+nR+CttHoY4=","processedHistoryMessages":[],"nextPreKeyId":1,"firstUnuploadedPreKeyId":1,"accountSyncCounter":0,"accountSettings":{"unarchiveChats":false},"deviceId":"3bXVuewnTrywTU3T8YbrJg","phoneId":"539f4257-f2d2-4a72-a9ee-fa51001fc7d8","identityId":{"type":"Buffer","data":"kihYzyro45z2XIoFvj0hdLuFDtE="},"registered":true,"backupToken":{"type":"Buffer","data":"Sf1Ze9PEHd3VZXb753pd5xsumM8="},"registration":{},"pairingCode":"T18AXL3K","me":{"id":"94753534655@s.whatsapp.net","name":"~"}}