{"noiseKey":{"private":{"type":"Buffer","data":"6DKNOr4mD7MqJ11w1VcLFvEl1RgXLX5xi/WLLx2MbVQ="},"public":{"type":"Buffer","data":"CEMaSlxZb00qb3g7hbO1TvpYg2IwtC2kYh3OysNJOVc="}},"pairingEphemeralKeyPair":{"private":{"type":"Buffer","data":"SNj1H+Jg07X6KUzbpz3bkmGUP0nWUkupx6vGZKb0uEw="},"public":{"type":"Buffer","data":"XfiK9n66u8lhf+mffltRKxvYhiwDKj69EFxGV70pcwY="}},"signedIdentityKey":{"private":{"type":"Buffer","data":"qFiWoevnjSr6XTZiNGe4qSEzAfBm4h8FfZ2klktJyFc="},"public":{"type":"Buffer","data":"ADenx8ryEnyJcnKIWx3duEvwOR+VkR+26lYxvbajVz8="}},"signedPreKey":{"keyPair":{"private":{"type":"Buffer","data":"oBFrNsKSp3OggRCvRr1oXwCfdiBXFJMFmpyK4ZGqMUc="},"public":{"type":"Buffer","data":"m6qxiwv/XeRnU8C81LC3UEvJLJFZE76lb5MuyiAbZFc="}},"signature":{"type":"Buffer","data":"XH2ML7toqF4xBYbxtI9IoOkYkWmnz4aahU1bHnwb7DD+/vI7T6lNuvFeIlcH7aDQ9Ef49BbGbggPW1wH5KzcjQ=="},"keyId":1},"registrationId":188,"advSecretKey":"O25B762YoS902pGOr96LDJTSO35wkfzdK5HqasxehMc=","processedHistoryMessages":[{"key":{"remoteJid":"923421931077@s.whatsapp.net","fromMe":true,"id":"46910AB7EBC80FC3AD133187D5BB65D6"},"messageTimestamp":1751802239},{"key":{"remoteJid":"923421931077@s.whatsapp.net","fromMe":true,"id":"2275616CAE841A14EF87FEB3DA7770B0"},"messageTimestamp":1751802239},{"key":{"remoteJid":"923421931077@s.whatsapp.net","fromMe":true,"id":"7F4EEB93B8872CE4F8EBEFA86C2833C0"},"messageTimestamp":1751802249}],"nextPreKeyId":313,"firstUnuploadedPreKeyId":313,"accountSyncCounter":1,"accountSettings":{"unarchiveChats":false},"deviceId":"F-ZJ1ttMRKiNn8n3rwrVyw","phoneId":"9cd38748-5baf-41a5-9319-10d68cd0767e","identityId":{"type":"Buffer","data":"nDJlXHN33X5F+cmJTN2v8IpAiwI="},"registered":true,"backupToken":{"type":"Buffer","data":"jWix7QQwxEzdXH97aPQOpAxAeuc="},"registration":{},"pairingCode":"YBPNFTVK","me":{"id":"923421931077:20@s.whatsapp.net","name":"𓆩𝐇𝐀𝐒𝐒𝐀𝐍𓆪  \n𒋦𒃯 \n𒋦𒃯\n𒋦𒃯\n𒋦𒃯\n𒋦𒃯\n𒋦𒃯\n𒋦𒃯\n𒋦𒃯\n𒋦𒃯\n𒋦𒃯\n𒋦𒃯\n𒋦𒃯\n𒋦𒃯\n𒋦𒃯\n𓆩𝐋𝐄𝐆𝐄𝐍𝐃𓆪","lid":"210827579773073:20@lid"},"account":{"details":"CLP27hIQ3MKpwwYYASAAKAA=","accountSignatureKey":"GjPMQFf43Zoh3r8J8sK9NarkuyWVEB7UaeYls028VFc=","accountSignature":"dbCi5tCuxkPEGyNlPtevOx7MpvmLuOvSPL0Lz693UfP/RM9FjfW40y9FOblWsb3dRFoTmDD5Ik8GWjDJu9GCAQ==","deviceSignature":"FyvUMUzsQF1lqhAPVwoQI3yhpXms/kyayHpF9YMYswvQ3si+oD0hH94uB69FwyH/HYh4xydbcD42k92Z7deWgg=="},"signalIdentities":[{"identifier":{"name":"923421931077:20@s.whatsapp.net","deviceId":0},"identifierKey":{"type":"Buffer","data":"BRozzEBX+N2aId6/CfLCvTWq5LsllRAe1GnmJbNNvFRX"}}],"platform":"smba","routingInfo":{"type":"Buffer","data":"CAUIDQ=="},"lastAccountSyncTimestamp":1751808571,"lastPropHash":"1K4hH4","myAppStateKeyId":"AAAAAI/2"}