{"noiseKey":{"private":{"type":"Buffer","data":"uIZuoVTGF1owOnwgRrE1oGlBXahEQrPe+GUscYpxLkA="},"public":{"type":"Buffer","data":"Q7wWMgq7pB5RPq6YlHs8+EEirGJFQWEPY1wFhL7WYlI="}},"pairingEphemeralKeyPair":{"private":{"type":"Buffer","data":"0D4ZuSpxnNo12BICx8aF/6p4HZEzql8cdIPPDth90WU="},"public":{"type":"Buffer","data":"jBCN7WorDoeiERSZpi0MKKELdTDmPFFfzbgldCnNwk4="}},"signedIdentityKey":{"private":{"type":"Buffer","data":"oPzXNrYr7X3ubCWcoaQFQKYqNHiE4X2fISguIFgA4W4="},"public":{"type":"Buffer","data":"TisZpt7ca/0GTFXvNTmYFFoL2nreb7TSz/eVLLhf7VQ="}},"signedPreKey":{"keyPair":{"private":{"type":"Buffer","data":"mNeAsNQOtTfNcwYH9EMcpsJBMnQ4/Ru0fdxpBM6H2lg="},"public":{"type":"Buffer","data":"LBKLqHuvdB7Y39ri/wvr+Ytr2N6Xh/8rdzrm5e0McmA="}},"signature":{"type":"Buffer","data":"sN8kLAP/z8+c7SnugGZuXhfwyix8GYe3DFzJsYQqJup0araEEF4rkXCXM92z+plxWj34pXdUWpewBD/548kuiw=="},"keyId":1},"registrationId":140,"advSecretKey":"+fwfkwCyQuNGrBe6Bz2wayYLykqV9j/1WLDCEkXvQYU=","processedHistoryMessages":[{"key":{"remoteJid":"94773992240@s.whatsapp.net","fromMe":true,"id":"3A1265F88B544FA079F0"},"messageTimestamp":1752422702},{"key":{"remoteJid":"94773992240@s.whatsapp.net","fromMe":true,"id":"3AB46F142C504BCCC7FF"},"messageTimestamp":1752422707},{"key":{"remoteJid":"94773992240@s.whatsapp.net","fromMe":true,"id":"3AD2143604592B450956"},"messageTimestamp":1752422711}],"nextPreKeyId":74,"firstUnuploadedPreKeyId":74,"accountSyncCounter":1,"accountSettings":{"unarchiveChats":false,"defaultDisappearingMode":{"ephemeralExpiration":0,"ephemeralSettingTimestamp":1752423189}},"deviceId":"7a4e-YnBTXi1GB_AHpBX-Q","phoneId":"4e40ade6-57d8-4c16-bcd9-67f476ea43f9","identityId":{"type":"Buffer","data":"hmB5eoTKeldRpwsPrL4jViaha58="},"registered":true,"backupToken":{"type":"Buffer","data":"ztEyIPmBVJyvoslDRxoanQRTQK0="},"registration":{},"pairingCode":"V2FXK8MW","me":{"id":"94773992240:74@s.whatsapp.net","name":"ρ  я  ι  η  ɕ  є  .  т  υ  т  υ","lid":"78190131286193:74@lid"},"account":{"details":"CLSH35kKEJqyz8MGGAIgACgA","accountSignatureKey":"OAITk3IAOSfoP82fqnq4FlXJMTsfnpMEcxsf6mGApxo=","accountSignature":"mI7vU/FFVSghdjGXi82bYkraPrnwxe+NPaj/x5RSeWTsiRHzgYrzwB2sERF34pGm9CIze1xLoEM91iOqKjxbBw==","deviceSignature":"DTJ6neXR8bYrMLV5adJnVhctibxUHGrUiVftQyp4hAMioyj7hwL+I3iSFKxNHOPkrJA1tdR4IbVgnPF6Hj1UiA=="},"signalIdentities":[{"identifier":{"name":"94773992240:74@s.whatsapp.net","deviceId":0},"identifierKey":{"type":"Buffer","data":"BTgCE5NyADkn6D/Nn6p6uBZVyTE7H56TBHMbH+phgKca"}}],"platform":"smbi","routingInfo":{"type":"Buffer","data":"CAsIAg=="},"lastAccountSyncTimestamp":1752455844,"lastPropHash":"1K4hH4","myAppStateKeyId":"AAAAAF0P"}