{"noiseKey":{"private":{"type":"Buffer","data":"oHQNjWJalYIvtXMSS4yBt7+b2mXBxBpcx6uAjAAhpFg="},"public":{"type":"Buffer","data":"9pfdBeBA/wt77IxQOT1Nwk8eywR+aiyhdL4wjCMV9ys="}},"pairingEphemeralKeyPair":{"private":{"type":"Buffer","data":"wChd2Qk3BZzScA7zvatBiKHxU5PLp+s0Wplx0+plR38="},"public":{"type":"Buffer","data":"oU1GoJG1Ea6xdh+uojntUXSSEQWTH4iCEl28eTQsJmg="}},"signedIdentityKey":{"private":{"type":"Buffer","data":"2PhBxAsNeqhxqLXBLXWmBLNJyvMXvTgawph/h2epwEA="},"public":{"type":"Buffer","data":"IEtniDp4q0UlZ6mFoNINa0+hqzHOstLdJCWBaqitGxI="}},"signedPreKey":{"keyPair":{"private":{"type":"Buffer","data":"uGNFNgKNFWK8PZjqrjf8u8jbwK/ZEbpEj9phuSqV83w="},"public":{"type":"Buffer","data":"pg66ZolgzZr54gXWUmjZoxVKfvEdBQwneC/MVA/ya0Y="}},"signature":{"type":"Buffer","data":"93II5iqjEhtmL+h80eL3QtHj7Mk2q9HHyG3i4aLDnrKoyQS3+v9xOSZsm152N5v2fz4UPRhfTG6yBU+7DDvPDQ=="},"keyId":1},"registrationId":148,"advSecretKey":"jwmfzWn9j3tHtCbTDUoBKt31LnkfTW50ecvrI35lKRk=","processedHistoryMessages":[{"key":{"remoteJid":"94766354417@s.whatsapp.net","fromMe":true,"id":"D0EA0FF7295B82B75FD58942054D16D9"},"messageTimestamp":1751857225},{"key":{"remoteJid":"94766354417@s.whatsapp.net","fromMe":true,"id":"38B0DA1F16DC2F1A27D067BC1B8D8C6A"},"messageTimestamp":1751857226},{"key":{"remoteJid":"94766354417@s.whatsapp.net","fromMe":true,"id":"D13014DE17990F74B6EBEB96EFF664B8"},"messageTimestamp":1751857242},{"key":{"remoteJid":"94766354417@s.whatsapp.net","fromMe":true,"id":"9B961A088848C9FD6523619AF260C318"},"messageTimestamp":1751857264}],"nextPreKeyId":204,"firstUnuploadedPreKeyId":204,"accountSyncCounter":1,"accountSettings":{"unarchiveChats":false},"deviceId":"uKTJ1XgBSpC1xEasVF1JKA","phoneId":"202bd47e-95c9-468e-9e2b-39e9a91ea6f6","identityId":{"type":"Buffer","data":"hpEoAQ7iOHlZvaPvRYD+XhjhyBo="},"registered":true,"backupToken":{"type":"Buffer","data":"+vbHRL8n1zIejL5W2HQ0FzZ/HPw="},"registration":{},"pairingCode":"V1D37PWR","me":{"id":"94766354417:8@s.whatsapp.net","name":"Amila","lid":"187952432963617:8@lid"},"account":{"details":"CL3ukMcEELXwrMMGGAIgACgA","accountSignatureKey":"S4Wa8NwBOX/0QuDKGH/kJRUqNKk5kYpWEFtJgwo/hXA=","accountSignature":"E+lASyLjU20L3PvjAp4x4Q6xptpRlIJprQD9vwKXuJI6vaC1cWaIBzbZWt7/8ifm/Xp0sQYGM8nLG//RZ0QQDQ==","deviceSignature":"BBvTXd8h3xMYXqmNbV3vY7Z+7gydlOVdAD5b0NXkAGNUhV2S8+RLSoEHve+qqeCHJS0q48vGNb+wiixYLReDAg=="},"signalIdentities":[{"identifier":{"name":"94766354417:8@s.whatsapp.net","deviceId":0},"identifierKey":{"type":"Buffer","data":"BUuFmvDcATl/9ELgyhh/5CUVKjSpOZGKVhBbSYMKP4Vw"}}],"platform":"smba","routingInfo":{"type":"Buffer","data":"CAUICA=="},"lastAccountSyncTimestamp":1751857258,"lastPropHash":"3R9Z39","myAppStateKeyId":"AAAAAOzq"}