{"noiseKey":{"private":{"type":"Buffer","data":"gDRbVEo4843w+MZeMW2gFtyBrVGDtgj7bMPCr3H8uEg="},"public":{"type":"Buffer","data":"UDgoPbVGZajFa5MB+HQagPegTh14fbVO8YwXtfqxhjg="}},"pairingEphemeralKeyPair":{"private":{"type":"Buffer","data":"+LMAIX/tkJ82Ped9QVFecY/EUEaM0FUiBW766FWb31Y="},"public":{"type":"Buffer","data":"63IsJDe0hZ/ZCEig+sdiBDMAjO0VS5zJz56Gij0rtGk="}},"signedIdentityKey":{"private":{"type":"Buffer","data":"YKHgQbM32SNXz/2FJqZ/9SEHi903ixwgXTslNF8AgFc="},"public":{"type":"Buffer","data":"nc/7J7Ol7U7M/7rfT3ijqJmDz3zzZTf52sZbtlfrLBk="}},"signedPreKey":{"keyPair":{"private":{"type":"Buffer","data":"IHmE8hT8H+Wq+9NXUhfxihWC2J5LeOobhvi2164H+EY="},"public":{"type":"Buffer","data":"594wSAxhkcODYFiY0NOVwkKMw3Zw2pJ5SNpDTqEBZ3Y="}},"signature":{"type":"Buffer","data":"8e4Q3z6BnOb33+FaJrGOlpc5jVvtuAYOkqI32D9ADo3USoc+O04NqJd9yWV+RAvl9M+tmxYFFSbLnaDzvh+PAQ=="},"keyId":1},"registrationId":203,"advSecretKey":"HR6chKoO3Z7Vz9bkXGkz95wZFFSvYxKImUGfE5RtLvw=","processedHistoryMessages":[{"key":{"remoteJid":"94757804889@s.whatsapp.net","fromMe":true,"id":"3FC2EBE3CCD676646B14FAF1A752A35B"},"messageTimestamp":1752341633},{"key":{"remoteJid":"94757804889@s.whatsapp.net","fromMe":true,"id":"4C6963A3CAEE9CABEC47B6BC9C8AD79B"},"messageTimestamp":1752341634},{"key":{"remoteJid":"94757804889@s.whatsapp.net","fromMe":true,"id":"182E2884988FA3734174D7C16E3C1FEA"},"messageTimestamp":1752341645}],"nextPreKeyId":31,"firstUnuploadedPreKeyId":31,"accountSyncCounter":1,"accountSettings":{"unarchiveChats":false},"deviceId":"UGtUj4i5Rb-HfWz_c4D3Kg","phoneId":"24056385-4e3f-44aa-9b44-d1999d64517c","identityId":{"type":"Buffer","data":"EgMGqRMVwtRhUScE0TuUV8d+JXw="},"registered":true,"backupToken":{"type":"Buffer","data":"I3qG7ZdqwFs3sZjtzCiO9u86Pi8="},"registration":{},"pairingCode":"3WPK3D2M","me":{"id":"94757804889:1@s.whatsapp.net","lid":"70713079795774:1@lid","name":"ᴍᴀᴅᴜᴡᴀ🙂"},"account":{"details":"CNrg+v0FEO64ysMGGAEgACgA","accountSignatureKey":"jOq8lN2sOAHf8/8w8u+5z5c7KZH38Ob5Pu2D7VlFPXc=","accountSignature":"kmEoIrncKVmoK0CG/FPY/gKZiKeC08yfcbZTfSV87mld2eZu+1BOxq6DWc2DbM+Ic2jsrDjBhG4Hgvqm+vfgDw==","deviceSignature":"fmosTH6/xmB9NseHOU9BZNgW5gQwRbM//pVZNXwGExsnVCDE/9ocJv3iqvlj7zuIpnJFlRz89MjY0eLZLNbBDw=="},"signalIdentities":[{"identifier":{"name":"94757804889:1@s.whatsapp.net","deviceId":0},"identifierKey":{"type":"Buffer","data":"BYzqvJTdrDgB3/P/MPLvuc+XOymR9/Dm+T7tg+1ZRT13"}}],"platform":"android","routingInfo":{"type":"Buffer","data":"CAsIAg=="},"lastAccountSyncTimestamp":1752350564,"lastPropHash":"1K4hH4","myAppStateKeyId":"AAAAAFxV"}