{"noiseKey":{"private":{"type":"Buffer","data":"CHTWFWVYvl5ftLf5qvg/h/PvEsJt7Oje1gfUypK0P1c="},"public":{"type":"Buffer","data":"yA9wjrqGpucmkuHgMfYwl0BBLJ8t7N2VOSYm0DIcvzk="}},"pairingEphemeralKeyPair":{"private":{"type":"Buffer","data":"8MDWVn7XanvqPvisXi7GhXePIc2w//0JnGWUj2wqBlU="},"public":{"type":"Buffer","data":"5O98xyfTHblb+WdHV6Hx0Kcr6QN6j039n5VO3ji+z3w="}},"signedIdentityKey":{"private":{"type":"Buffer","data":"ILdIcvvokb2n/DZzuH9fHW1sISbHxEvctX12zy6zvnc="},"public":{"type":"Buffer","data":"gbNhZaI/iQw+3PvpkD3DpkFnkYu9Eh5x0yx99a8OzQo="}},"signedPreKey":{"keyPair":{"private":{"type":"Buffer","data":"WCOjdxz467IdQ5uNLLtxtGl7Uhfr5DAwZ6fzGKR7i34="},"public":{"type":"Buffer","data":"miakorgrt01Nm0WA++wVeBVrU2NXbV+YJvQwHhvMY2s="}},"signature":{"type":"Buffer","data":"AT6srwhJIYSi621yh+FHtOB3h6xRR/+xyfmDKZOpHLBTyUf6W7uFnmo0A7TH3E0yJN2d6Ck3BAQsy9FYwP2JAg=="},"keyId":1},"registrationId":64,"advSecretKey":"reIFZnHvBrFGNxMgldnqDTOYs9QJAGePxtnlIwNh6Ao=","processedHistoryMessages":[{"key":{"remoteJid":"94727771440@s.whatsapp.net","fromMe":true,"id":"10EC5B842A7E957C116F6234D8C67D4E"},"messageTimestamp":1751767571},{"key":{"remoteJid":"94727771440@s.whatsapp.net","fromMe":true,"id":"10550228E38DEFD1956470DF7B943E9F"},"messageTimestamp":1751767582},{"key":{"remoteJid":"94727771440@s.whatsapp.net","fromMe":true,"id":"3415F25085F108E80FDE0090D1E5A6CB"},"messageTimestamp":1751767605},{"key":{"remoteJid":"94727771440@s.whatsapp.net","fromMe":true,"id":"23A54974AE4439FEB66D973DD5C69144"},"messageTimestamp":1751767606}],"nextPreKeyId":338,"firstUnuploadedPreKeyId":338,"accountSyncCounter":1,"accountSettings":{"unarchiveChats":false},"deviceId":"2f-IuX4dSvOpy65kXDq4VQ","phoneId":"c08e9ca3-b098-4430-b6bc-87f931840db7","identityId":{"type":"Buffer","data":"2LWc+MoMH2chgZKszDy3CtYG5Dw="},"registered":true,"backupToken":{"type":"Buffer","data":"ty4hwk62Zu27zPKuDsEBbmVqlOY="},"registration":{},"pairingCode":"DSS41GA5","me":{"id":"94727771440:30@s.whatsapp.net","name":"ꪶ Ｓᴀɴ͢͠ᴅᴇᴇᴘᴀ (Ｓᴀ͢͠ɴᴀ )ヤ","lid":"12421548777510:30@lid"},"account":{"details":"CPzYucEHEIS0p8MGGAQgACgA","accountSignatureKey":"OhEnpzAP65UlMQSLMF3Gn4wucFjlKLbiSSFot0rDSno=","accountSignature":"WKi40R54T1w6kVBdy0ychZ0bt2BlDJ8Wr85RhmVNlwTFk1j2SCXuhMAC8kiH9h8uB4tzi+a1614NWbviW53oBA==","deviceSignature":"exkGmStFJACrz4LkoHGKAFRr0J+ZsZRN5AYa7SjzY6UtdsYoD2Mo4WUi+/1bjLn7GxCZb/J7zvOGB8QyeZr2Cw=="},"signalIdentities":[{"identifier":{"name":"94727771440:30@s.whatsapp.net","deviceId":0},"identifierKey":{"type":"Buffer","data":"BToRJ6cwD+uVJTEEizBdxp+MLnBY5Si24kkhaLdKw0p6"}}],"platform":"smba","routingInfo":{"type":"Buffer","data":"CAgIBQ=="},"lastAccountSyncTimestamp":1751771770,"lastPropHash":"1K4hH4","myAppStateKeyId":"AAAAAM86"}