{"noiseKey":{"private":{"type":"Buffer","data":"gD2YiVQjsHeP+i96acFjjA6HXnMu/Ccs8x2wOo/zFG4="},"public":{"type":"Buffer","data":"my1wKOSskQN+ig37S89IH6Qp3GWKQFsOi+1Hew3bowQ="}},"pairingEphemeralKeyPair":{"private":{"type":"Buffer","data":"wEGFa/qmiKBkdPUvORI9KLvLg3pn3ktcMVVefItYNnE="},"public":{"type":"Buffer","data":"3VMzUJ+fU6u+snChjQGJsMyuaJRnpQ0qnTQkVNMutE8="}},"signedIdentityKey":{"private":{"type":"Buffer","data":"+AWfwcpNuQVZLDtaDESC95xFe1M2c6ONfjEN3sV5M2U="},"public":{"type":"Buffer","data":"8SHfuKmWZxF+K9vOpszoxbSXQQCsA6856PoejBYYNRg="}},"signedPreKey":{"keyPair":{"private":{"type":"Buffer","data":"0Acle4pPFUMY+iE3MOaDJR5D3OUTT029ouLCyVyvvGI="},"public":{"type":"Buffer","data":"s3cd+A0iwtY92UefzVTpHQSRwCOE+GjqNF5jVCdGGD8="}},"signature":{"type":"Buffer","data":"v+wg+l4i1GPmnM5dSKq1tUI2oCw2Vo9mNmT70HT7DD37W8Wd0qG07LoczglMY4rzCjLFCZ7qHeYXQpytwQl0gw=="},"keyId":1},"registrationId":212,"advSecretKey":"S8IMciG1MMPDZh9rBNwXq1Lom9t86EFX4hwWNDHqpQs=","processedHistoryMessages":[{"key":{"remoteJid":"94774112550@s.whatsapp.net","fromMe":true,"id":"A64376DD70D6F5998C908A2045351407"},"messageTimestamp":1751733649},{"key":{"remoteJid":"94774112550@s.whatsapp.net","fromMe":true,"id":"85AF128767BC3B5BAEEDD13BE85DE6DF"},"messageTimestamp":1751733652},{"key":{"remoteJid":"94774112550@s.whatsapp.net","fromMe":true,"id":"A3831330232B9D4003299A0CE12E4418"},"messageTimestamp":1751733661}],"nextPreKeyId":35,"firstUnuploadedPreKeyId":35,"accountSyncCounter":1,"accountSettings":{"unarchiveChats":false},"deviceId":"AgvdgayZRRqCdPBC8H_tIQ","phoneId":"11b00bb2-8275-44d5-80a9-40c21bf709d4","identityId":{"type":"Buffer","data":"hRXF0VsY9S01EZcKy2a46sPv244="},"registered":true,"backupToken":{"type":"Buffer","data":"bNdAwADh/TViR1txIx7zVTHNHW0="},"registration":{},"pairingCode":"SYTTEHTX","me":{"id":"94774112550:51@s.whatsapp.net","name":"s  ʜ  ᴀ  ɴ    ᴇ  ᴅ  ɪ  ᴛ  s","lid":"51432787017877:51@lid"},"account":{"details":"CMKuzQwQ/aqlwwYYAyAAKAA=","accountSignatureKey":"+/0wSjON99a/soKscX3G0z4QOpGW0NhT9Z5N4c45cR8=","accountSignature":"RQnbauqS03HyawTHX26wPgaajNzu/6zajOg9FYNEW8ezcJSsMZOpMhAGxh7I49Cw8f35osi9vW22yEZKVa8kBA==","deviceSignature":"hOPQlClFeVX8w7bU2yH06GQxnPCWPWzdgwSdEMdC2we9XUAOpjhKwOtk4IVzSsNl+JzxFdbr3L5HgBmerGgkhQ=="},"signalIdentities":[{"identifier":{"name":"94774112550:51@s.whatsapp.net","deviceId":0},"identifierKey":{"type":"Buffer","data":"Bfv9MEozjffWv7KCrHF9xtM+EDqRltDYU/WeTeHOOXEf"}}],"platform":"smba","routingInfo":{"type":"Buffer","data":"CAIICA=="},"lastAccountSyncTimestamp":1751733641,"lastPropHash":"3R9Z39","myAppStateKeyId":"AAAAAA25"}