{"noiseKey":{"private":{"type":"Buffer","data":"6PYL4PUji9WM6PLJe+QOM9JjP0vQ9HIzlKp9TzUIEEA="},"public":{"type":"Buffer","data":"jvJagB4xlqyt1bvy03fxuv5O3hClnuMVaczmDgylykI="}},"pairingEphemeralKeyPair":{"private":{"type":"Buffer","data":"CKFGhr3ewbql5A79XWN1PvbzJBqhC5Fsu9MWNcUaEHQ="},"public":{"type":"Buffer","data":"G8Gp7pDaU77QT8DI5/noNT4hJotYY1G7XqMxWm4XCCk="}},"signedIdentityKey":{"private":{"type":"Buffer","data":"eOoCimdxewt6ViYKiFUD3A+03sEy1Itk+fWysbNSpEQ="},"public":{"type":"Buffer","data":"6fvqHCK8oz+vm/cwAlPcvylMrCuGXL0zmV0J0YeClgg="}},"signedPreKey":{"keyPair":{"private":{"type":"Buffer","data":"6IMI0mHVOW4TsjzzP2mQrzASrFvlQL9QO0T3i07iYmU="},"public":{"type":"Buffer","data":"ZU8CDY+PBo7DMY9DqpW/fY+g5uc6XvaOOXSxAS64pXg="}},"signature":{"type":"Buffer","data":"1DDUL+YMO2YYq43Owrx6E34RCFiIabkMwh7mE2zJlhxla59LMPoeUwJlFZV+gy9oRCkYodb+xQhmpjlLOqnDAg=="},"keyId":1},"registrationId":32,"advSecretKey":"fR2G0u2De45YAUmNPgdsDmND7m9zwCv99tBUK/dNm50=","processedHistoryMessages":[{"key":{"remoteJid":"923345262378@s.whatsapp.net","fromMe":true,"id":"2D7D07C1EFD4120865E5427E41409405"},"messageTimestamp":1752373968},{"key":{"remoteJid":"923345262378@s.whatsapp.net","fromMe":true,"id":"EFD30AE19BA94AFC70F450A987A745D7"},"messageTimestamp":1752374011}],"nextPreKeyId":43,"firstUnuploadedPreKeyId":43,"accountSyncCounter":1,"accountSettings":{"unarchiveChats":false},"deviceId":"SRJ5BzcPRfezaIrHFATHUw","phoneId":"abeea0e2-0613-43b4-917e-accc5672d6b3","identityId":{"type":"Buffer","data":"9ZdvWzeJRpnzRk70sR6+1T0rPYU="},"registered":true,"backupToken":{"type":"Buffer","data":"N2SLzw4+vSXTSKUvc4ZxCddHVk4="},"registration":{},"pairingCode":"9DX1KCAR","me":{"id":"923345262378:49@s.whatsapp.net","lid":"102478540492958:49@lid","name":"W A S I F ♡"},"account":{"details":"CI2Os9YBEL61zMMGGAEgACgA","accountSignatureKey":"JMbgHTpnzTVpz4RZjOMEERinR0XHxIXcIwVA3qqQWAY=","accountSignature":"kcZqGNOrG51pj5JR4Aw5sAcye4TJscN7kRq2H7HbW5UWp1LeSl4JileSi6PQ842E6hV5EQ5KSZpqHzQN806MBA==","deviceSignature":"/LOziLtCTrqGkoCvbTaI6k3hhcCQFN9Gf7l9lLnvV9mATRpdVzRhfaM4+W9NLOFBa/nQRJKQ45RXCpz3ASxiCw=="},"signalIdentities":[{"identifier":{"name":"923345262378:49@s.whatsapp.net","deviceId":0},"identifierKey":{"type":"Buffer","data":"BSTG4B06Z801ac+EWYzjBBEYp0dFx8SF3CMFQN6qkFgG"}}],"platform":"android","routingInfo":{"type":"Buffer","data":"CAMICQ=="},"lastAccountSyncTimestamp":1752373963,"lastPropHash":"3R9Z39","myAppStateKeyId":"AAAAAPY6"}