{"noiseKey":{"private":{"type":"Buffer","data":"cMeUO9mAnPzfscxJc0lIPPfDUZADMLMXFMHtkayKqXU="},"public":{"type":"Buffer","data":"g56GkURCxBRJZm5/9hUxVj5Bc8spUbjSHYtq6iae1hc="}},"pairingEphemeralKeyPair":{"private":{"type":"Buffer","data":"sCoAF8bLlUrejw1j+/dfDcAqnPUh8xvBdmN5XeABKVE="},"public":{"type":"Buffer","data":"OtxnMrNwY/eEt6G4n7Wu2FVP2RijAtg0L7NoTphIJmU="}},"signedIdentityKey":{"private":{"type":"Buffer","data":"UL9USmVdFXgC0VIPw3jsJlJme2LmNNY1QCW7bHn4r0k="},"public":{"type":"Buffer","data":"dQ1IDXUCQr6VpoPoJeEV68EfVrz8oXG84Lu6jVhlYHE="}},"signedPreKey":{"keyPair":{"private":{"type":"Buffer","data":"mFZYje8sjXN+oer4ny2opAgT1GIXV5kGlsBjBwqQDkM="},"public":{"type":"Buffer","data":"zzBQWuT1gMHJy7Lg4sSWuf0qVrEXQ+6mpSp+de1KNkQ="}},"signature":{"type":"Buffer","data":"WYrnNn403s3oO5WH3nClxDausbegtGVE6+M/iX2VMhNv1t+hPgHMynQNcBukXTvV6oZgpkGU7QXHPWQgEwMwiQ=="},"keyId":1},"registrationId":103,"advSecretKey":"2Cs8Imjs7olZesXx6pE2mYWgERRwM3IhMiiRz8u7Vx0=","processedHistoryMessages":[{"key":{"remoteJid":"94767455580@s.whatsapp.net","fromMe":true,"id":"102A925CD0F7A1C61FD6BC9812457122"},"messageTimestamp":1752341497},{"key":{"remoteJid":"94767455580@s.whatsapp.net","fromMe":true,"id":"F394209066E2E31953448B09ECB0418B"},"messageTimestamp":1752341498},{"key":{"remoteJid":"94767455580@s.whatsapp.net","fromMe":true,"id":"40033781817C8DB4A8AB6582AC7F82BE"},"messageTimestamp":1752341653},{"key":{"remoteJid":"94767455580@s.whatsapp.net","fromMe":true,"id":"FF07599499475CD277CAA54EC320A584"},"messageTimestamp":1752341653}],"nextPreKeyId":239,"firstUnuploadedPreKeyId":239,"accountSyncCounter":1,"accountSettings":{"unarchiveChats":false},"deviceId":"fnBOyWiqTy2-V_G7-_ZANw","phoneId":"b23a3866-3810-461b-9493-000bbd08a202","identityId":{"type":"Buffer","data":"pYGzxZv1elHPt3gvnumMyjcjKmc="},"registered":true,"backupToken":{"type":"Buffer","data":"1Xa86dHNsrsU3lWZVv3lp4gBa8A="},"registration":{},"pairingCode":"T33NMGQX","me":{"id":"94767455580:22@s.whatsapp.net","lid":"280822812770461:22@lid","name":"Rashmii Bbh"},"account":{"details":"CPrM6boEEOC3ysMGGAEgACgA","accountSignatureKey":"dS+wi7S7bXu79gDN8UmN/gHQj1tyiwa8Xmx75mO/xFQ=","accountSignature":"BYCjG0guGH/D88zejZiXL/pG8SmDDL4qwhlyyUdi2j1/g0ti+yq6N5Lr57WQilo7m9zxUeGsZY9uy8Jtp/TEDg==","deviceSignature":"vKZMliBh1oXe7cPIFklAm/7KOzzsFCXBYPQjbFTq2d9Clm6fsiTj34UfNw65qcnOm54NMlb73aKZDFMFIEESig=="},"signalIdentities":[{"identifier":{"name":"94767455580:22@s.whatsapp.net","deviceId":0},"identifierKey":{"type":"Buffer","data":"BXUvsIu0u217u/YAzfFJjf4B0I9bcosGvF5se+Zjv8RU"}}],"platform":"android","routingInfo":{"type":"Buffer","data":"CAsIAg=="},"lastAccountSyncTimestamp":1752343131,"lastPropHash":"2V77qU","myAppStateKeyId":"AAAAAICU"}