{"noiseKey":{"private":{"type":"Buffer","data":"YNFxcoUrA3ZhD7UqjSi3/e3lDBbl3SY0JB18RNW/VG4="},"public":{"type":"Buffer","data":"DGVnR63v00JZVb6FsLYSrYu1Ue4J4a2dWESv/zumFz0="}},"pairingEphemeralKeyPair":{"private":{"type":"Buffer","data":"sM+jzP8G3dVWJgcJOMI5CyOrH/REax2F1bGrqENUF3k="},"public":{"type":"Buffer","data":"kGvYrmHp8pdlUnUEeLUZQQcBV77aub1WW5yZAFpaBiA="}},"signedIdentityKey":{"private":{"type":"Buffer","data":"SKK4K7bZZQEJE5xn6EM0e9LZHWhund4W3I/hKrC2KUI="},"public":{"type":"Buffer","data":"bG1ClukrkLjkvngq27mxsdQMZk9m26IbXD250Gb+8XQ="}},"signedPreKey":{"keyPair":{"private":{"type":"Buffer","data":"KBTXZsRK2X7dSkCPasZ7VFU76PBKugpjwSsFKOHfdlI="},"public":{"type":"Buffer","data":"mDgbrCSsxhQKa3wxJLZIW0ew6gHMRyrb1lTjJ5PnUCM="}},"signature":{"type":"Buffer","data":"d0xcJivs60dp4Ego1qNFmf+KilI0+yHSreUAGwqOj0YPEU1f2cwwoiryJphKKEv/V04ePbuWHM6sq1zVFoA6CA=="},"keyId":1},"registrationId":250,"advSecretKey":"3RWQm05NdjoWhX2FGc2jZpiHB+OgzyVf0tvC5k/QKNE=","processedHistoryMessages":[{"key":{"remoteJid":"94742554049@s.whatsapp.net","fromMe":true,"id":"F40326D4A346893AB3A05A54600250E1"},"messageTimestamp":1752336048},{"key":{"remoteJid":"94742554049@s.whatsapp.net","fromMe":true,"id":"AA92BAF6E44538F3D550CF2E06C7750D"},"messageTimestamp":1752336050},{"key":{"remoteJid":"94742554049@s.whatsapp.net","fromMe":true,"id":"EBF00ABCD4AE5DD4237F465913D0483A"},"messageTimestamp":1752336092},{"key":{"remoteJid":"94742554049@s.whatsapp.net","fromMe":true,"id":"7E4334FA09044D71275271657674EDB7"},"messageTimestamp":1752336101},{"key":{"remoteJid":"94742554049@s.whatsapp.net","fromMe":true,"id":"511E09E9DC89D01F50BE00B238B6F6F6"},"messageTimestamp":1752336108},{"key":{"remoteJid":"94742554049@s.whatsapp.net","fromMe":true,"id":"77B6F030C9CFE50DFE198BAE76D090C2"},"messageTimestamp":1752336117},{"key":{"remoteJid":"94742554049@s.whatsapp.net","fromMe":true,"id":"5080F693FFCCD75D609918DC3BC23B82"},"messageTimestamp":1752336124},{"key":{"remoteJid":"94742554049@s.whatsapp.net","fromMe":true,"id":"6E0B5958DA4EF106E01826C1D2FF9CFB"},"messageTimestamp":1752336131},{"key":{"remoteJid":"94742554049@s.whatsapp.net","fromMe":true,"id":"99B6D6FFB47F97CE272B3215A43EDB5E"},"messageTimestamp":1752336136},{"key":{"remoteJid":"94742554049@s.whatsapp.net","fromMe":true,"id":"822AC5094576F689F296E28176655113"},"messageTimestamp":1752336146},{"key":{"remoteJid":"94742554049@s.whatsapp.net","fromMe":true,"id":"3513728B56B1111CDCF8186AD29AD5C6"},"messageTimestamp":1752336153},{"key":{"remoteJid":"94742554049@s.whatsapp.net","fromMe":true,"id":"2DE6A38E7C8A276BB37E80B319DCA3AE"},"messageTimestamp":1752336166}],"nextPreKeyId":1545,"firstUnuploadedPreKeyId":1545,"accountSyncCounter":1,"accountSettings":{"unarchiveChats":false},"deviceId":"T4mWFfwZRcqVyoQ_xWG1mA","phoneId":"93af97d3-c7d9-416e-b419-89e53ff010ba","identityId":{"type":"Buffer","data":"JSgP9aWgu7pMgkAgtuBVZBb25V4="},"registered":true,"backupToken":{"type":"Buffer","data":"Oa8lu1Oo8PiluyCEhwsn7R7QQi4="},"registration":{},"pairingCode":"GESS31LS","me":{"id":"94742554049:26@s.whatsapp.net","lid":"155718988652557:26@lid","name":"94742554049"},"account":{"details":"CMGNqqsHEKCNysMGGAMgACgA","accountSignatureKey":"O4fRfNf48i6SjQPs/gryRRwc/laTKPgvqqTkFeKC9Gk=","accountSignature":"fzWw+3HAgx0BQImRN5gcrqEDeWkDwpaGTZ3I1ON2dmMsC+PVyCirsExQlo9gvJ9w3iwDCaAoK3VbEjnwUp3pDA==","deviceSignature":"DBSyuPyDJTVkp120yYgmJHS/+GURHT1gwdLK902RRqw7HM2NGcl+VzNuSbEjW6fTSPc16Y8zeAtOkMCVq0KgBw=="},"signalIdentities":[{"identifier":{"name":"94742554049:26@s.whatsapp.net","deviceId":0},"identifierKey":{"type":"Buffer","data":"BTuH0XzX+PIuko0D7P4K8kUcHP5Wkyj4L6qk5BXigvRp"}}],"platform":"android","routingInfo":{"type":"Buffer","data":"CAkICw=="},"lastAccountSyncTimestamp":1752350413,"lastPropHash":"1K4hH4","myAppStateKeyId":"AAAAAE8O"}