{"noiseKey":{"private":{"type":"Buffer","data":"AM9Q6qsxGJroWkJ5uPKhfjulLnR7C9AZww9BktifIXI="},"public":{"type":"Buffer","data":"YiA8ZcqKEiMoH8H6LIts228lYAcqClz+Fvqx0veR1Go="}},"pairingEphemeralKeyPair":{"private":{"type":"Buffer","data":"uBtfoeX59j3liXxWBfrhFtp7650R2EvKUK6WtK8FZlQ="},"public":{"type":"Buffer","data":"ic9/32gU9PxlHwc+r5T6kupuJ7qGbJGII2Ls4kFZXAA="}},"signedIdentityKey":{"private":{"type":"Buffer","data":"cAdNSBaXqVciG53a5R4Phs+cK82PD7DrAZP4Hj07YWg="},"public":{"type":"Buffer","data":"tAYEYSk2L5i2vdqpjBphq8op90Tbs60IuT8q2Zakrik="}},"signedPreKey":{"keyPair":{"private":{"type":"Buffer","data":"IKHIDTyIWt4thcfzpJKbUQ0wwvxAv3YPy5/wRUha1Vw="},"public":{"type":"Buffer","data":"wKbwsua/BhmDd7WzTXBEFOPntpWjz9hvRGH2PvHu4gY="}},"signature":{"type":"Buffer","data":"nOMyYWieU+ypMv9TyvoJo2+2ZJ/PtezsQ3M3AtbX/2CwZkVZPKwqYtczQNX8ocBAr6vS1wl1DgMuW4zh5GpuiQ=="},"keyId":1},"registrationId":245,"advSecretKey":"ZwSRMCGAvBQ2bNeW4kEBl5JYfYr+tLZTS+7XFghuRM0=","processedHistoryMessages":[{"key":{"remoteJid":"94764148008@s.whatsapp.net","fromMe":true,"id":"EC8754E10C53B09B0F88512F6D4E515D"},"messageTimestamp":1752338281},{"key":{"remoteJid":"94764148008@s.whatsapp.net","fromMe":true,"id":"CAC9EF4652DDF5CA0D058A7688D837F8"},"messageTimestamp":1752338281},{"key":{"remoteJid":"94764148008@s.whatsapp.net","fromMe":true,"id":"E0589C51E4F0580B6CED123162F975D1"},"messageTimestamp":1752338286}],"nextPreKeyId":2675,"firstUnuploadedPreKeyId":2675,"accountSyncCounter":1,"accountSettings":{"unarchiveChats":false},"deviceId":"gxejoVbSSU-bfb7QbCTuKQ","phoneId":"313f36a3-6433-4d7e-aee8-79b15a65791e","identityId":{"type":"Buffer","data":"SKWSiO5xeKpKAaHUtnX05rMWePA="},"registered":true,"backupToken":{"type":"Buffer","data":"RG2Rq29XBZTt+hHoRg79CdDwUL0="},"registration":{},"pairingCode":"K16HQRRX","me":{"id":"94764148008:1@s.whatsapp.net","name":"~\n\n𝐒\n\n\n𝐀\n\n\n𝐃\n\n\n𝐔\n\n\n𝐖\n\n\n𝐀\n\n\n\"","lid":"36692224430327:1@lid"},"account":{"details":"CJm31foDENmeysMGGAIgACgA","accountSignatureKey":"xY1olsGM7My+AGZDvdhIaYG5Av783arTeirUQgzciEA=","accountSignature":"md+98CPlFPrRTUUaeeL+gaBU8BUzsRl63Fyay6ifYsJZh56Wb8wDFZWZXxQg+lMwXOYqJLjCwTTJvvDNMsFOBQ==","deviceSignature":"TXRPnnMX++EKOzfNGqWTeEhQH4FJHAQ52dCbknIYdrwouXhxT2Il9v1DrhPaiNveFFHNplnaF7UoWJtQ6Qbphg=="},"signalIdentities":[{"identifier":{"name":"94764148008:1@s.whatsapp.net","deviceId":0},"identifierKey":{"type":"Buffer","data":"BcWNaJbBjOzMvgBmQ73YSGmBuQL+/N2q03oq1EIM3IhA"}}],"platform":"smba","routingInfo":{"type":"Buffer","data":"CAsIAw=="},"lastAccountSyncTimestamp":1752350553,"lastPropHash":"PWk5B","myAppStateKeyId":"AAAAAEDA"}