{"noiseKey":{"private":{"type":"Buffer","data":"sMZC1uQQiJlXY/uva17ixk7sd7U7pePAU9tbxDZHa1c="},"public":{"type":"Buffer","data":"VreYhwfPVCS00d2FuD2/0KgIlIqo9khE4kT7HiqrlXE="}},"pairingEphemeralKeyPair":{"private":{"type":"Buffer","data":"kMcmZwM4/IERic0EQLTaCOOtZOkUG6XVWv0ItSrWhEs="},"public":{"type":"Buffer","data":"B9z8YCvX7Bwou5yXhumPLGOOI2kAXKs6Uy24hWGKfSs="}},"signedIdentityKey":{"private":{"type":"Buffer","data":"iHHcp6rxkydeyCDzzOD7lUc1XmT4MTzU/a0/AJBg5WU="},"public":{"type":"Buffer","data":"9HNomRshETahNWHTQRgLjef1PuvXyL01c9pKg9yNZhY="}},"signedPreKey":{"keyPair":{"private":{"type":"Buffer","data":"CDlcmxZm8esaFOfMd4Xw3I5mBHfK4TfqSaeWZkjxP1A="},"public":{"type":"Buffer","data":"VlPkp3tl/kJ5vp1N0f/dXfTA4V0hHEY3y1Y961eEjGk="}},"signature":{"type":"Buffer","data":"Io9dnmD4aUP7npqP/BuTLOARSweYV0JUzZMg1QpMt4+ts3UMima/pCi+UPD3zIL/lAI63i8r7s5bXmmn6W3PBQ=="},"keyId":1},"registrationId":169,"advSecretKey":"gV4Mo36WY1efipKKS85QR9EYP/x0a07m36zu8j8EwSU=","processedHistoryMessages":[{"key":{"remoteJid":"971543840438@s.whatsapp.net","fromMe":true,"id":"1F434F718ED7595DF2DEDDFFD7B4B942"},"messageTimestamp":1752009870},{"key":{"remoteJid":"971543840438@s.whatsapp.net","fromMe":true,"id":"8510BC881F50208AC0BDB55122EC845A"},"messageTimestamp":1752009871},{"key":{"remoteJid":"971543840438@s.whatsapp.net","fromMe":true,"id":"EE56158C2A61A53F4AB03D7D67C4A1EA"},"messageTimestamp":1752009877}],"nextPreKeyId":544,"firstUnuploadedPreKeyId":544,"accountSyncCounter":1,"accountSettings":{"unarchiveChats":false},"deviceId":"xFIzAo7PQKCxEivN5zk6dg","phoneId":"1c6e4dca-c7db-46de-8a2d-94bedb3d45c4","identityId":{"type":"Buffer","data":"T74Euj9U7YQ5lXNhc8VIvxbauM0="},"registered":true,"backupToken":{"type":"Buffer","data":"6yqtcQ58wHOPPtmiBoKyWJcPKQw="},"registration":{},"pairingCode":"RN6PR9E8","me":{"id":"971543840438:3@s.whatsapp.net","lid":"117639775015161:3@lid","name":"ɪᴛ \"ᴢ ᴍᴇ ꜱᴄꜰꪏ͢ꜱɪʀ ᴘᴏᴅɪ ᴀ͠"},"account":{"details":"COiyhKQCEP6YtsMGGAMgACgA","accountSignatureKey":"XrOdETqonQsIZ4NRHmetHkFa250V82B+BfYX8t7JmGg=","accountSignature":"UIyOh3EuAsE/HPRXHYeV+u1ETUOjs75BISXHWC5SAYcJfwXAP05p8kd11Jkfnz+2fkLwf1rzriwJbmppy8ImAg==","deviceSignature":"qcngOv7SCdiqwWhkBtA6RdyRHgBY8tRQwyHAIGpw1+Xr/vPJ82nG3ZMmHlMadxgiNhAaiFi2FtS2qVfQzpytCw=="},"signalIdentities":[{"identifier":{"name":"971543840438:3@s.whatsapp.net","deviceId":0},"identifierKey":{"type":"Buffer","data":"BV6znRE6qJ0LCGeDUR5nrR5BWtudFfNgfgX2F/LeyZho"}}],"platform":"android","routingInfo":{"type":"Buffer","data":"CAkICA=="},"lastAccountSyncTimestamp":1752309855,"lastPropHash":"2V77qU","myAppStateKeyId":"AAAAACQQ"}