{"noiseKey":{"private":{"type":"Buffer","data":"uE60B0Q0tRXN8u5+yN9foRBbWI7QXsKsCgjHsdzyjGs="},"public":{"type":"Buffer","data":"n75KLFaN8tDRTVCR+P9G5nL85BadWKirZJ+/pKG5AnM="}},"pairingEphemeralKeyPair":{"private":{"type":"Buffer","data":"+MxAILVswbFzrFxVxedi/1AYvGBHdriwn9wDn9VKZWk="},"public":{"type":"Buffer","data":"eJYL5HlG7tduJyheavlrKvAyvy7bNBLO5AjxLvxRwkE="}},"signedIdentityKey":{"private":{"type":"Buffer","data":"eLSIXIZcClQC12hiSc2ihm8FtZ5YD4K+lSBrMFqUAlk="},"public":{"type":"Buffer","data":"uUhOcjs4scLm1tynM/vN3ThxrpxMlwjLomGu0ypTUwY="}},"signedPreKey":{"keyPair":{"private":{"type":"Buffer","data":"EPinsC+z7VTwmVpur+roQw2HfYny3Yj/KQZC+GniJFI="},"public":{"type":"Buffer","data":"G6S/lpt7j20cNeOwR5am9S+yMabqOyVd/VGJgNeG5Sc="}},"signature":{"type":"Buffer","data":"l0PdyAV4HK5DB3xvNGPWrz47VPLU07AA96G9cHVtCPrhSDEDSGAAhD5j18f9MZ1X++Ov7sfSSIas6TIUUDQNgg=="},"keyId":1},"registrationId":99,"advSecretKey":"2bXRdvxJwFzc5ELVnkltB20XijFEa/mXZdwymHO2KiA=","processedHistoryMessages":[],"nextPreKeyId":1,"firstUnuploadedPreKeyId":1,"accountSyncCounter":0,"accountSettings":{"unarchiveChats":false},"deviceId":"7acQr3qJTP-e0SfLfvaPkw","phoneId":"44d14b41-da71-41c1-8525-8d3742f95c32","identityId":{"type":"Buffer","data":"MSnOsMPrj32muX4jqdbqbLAgIBo="},"registered":true,"backupToken":{"type":"Buffer","data":"/PiPrrDiwlQhdgzD83b1dvcd0mI="},"registration":{},"pairingCode":"8BB51Y4N","me":{"id":"94787059894@s.whatsapp.net","name":"~"}}