{"noiseKey":{"private":{"type":"Buffer","data":"CD963+hDBra/h/P7KKKMta4BbTxKx48qw/+uGUo25Xs="},"public":{"type":"Buffer","data":"U1zjzzWNwBen4pY/y/KheA/gjzHNhiHZOQEokwpfnQk="}},"pairingEphemeralKeyPair":{"private":{"type":"Buffer","data":"0L1Mg9H5L4GBVfrnWHGHrqdJQXDqKAUq7UOo6VBkj14="},"public":{"type":"Buffer","data":"KLEqOACUmAMxV0D6mGRKvowMS+e7Sjjm64z3+7qZg08="}},"signedIdentityKey":{"private":{"type":"Buffer","data":"sDGKDvK6ou/AtWVwgdCglbzrUbGBDblyaVHJpRliSUM="},"public":{"type":"Buffer","data":"2rpylzt0OB2u81+kEOtAteW7v0hdZa605PxhVMRfqDU="}},"signedPreKey":{"keyPair":{"private":{"type":"Buffer","data":"gIrAO/kV7EYzKoX9djLV/GpQ9c7cTNzo8j7Edi2E7m8="},"public":{"type":"Buffer","data":"FsZnWPOKnAQSGd1FKSnzsO7uXmXQlom3F5s5VvAXjUA="}},"signature":{"type":"Buffer","data":"+onEkIYjrX54h22eMRcOpTfJDawFikFJ6cNpRIPBreidp94JyQbmJiVgCqJ/LR5hExRaBctdftjg8Bui/H6fBg=="},"keyId":1},"registrationId":254,"advSecretKey":"0vJZpdtYQN7HC2a32OlAnaGgV7acyH3Fta6DS5DhGOo=","processedHistoryMessages":[{"key":{"remoteJid":"94762471739@s.whatsapp.net","fromMe":true,"id":"4D3BFB124D6AB268F1F73D8210414D16"},"messageTimestamp":1752337239},{"key":{"remoteJid":"94762471739@s.whatsapp.net","fromMe":true,"id":"0F0051395AD4C44E8D1AD046F0FD0700"},"messageTimestamp":1752337243},{"key":{"remoteJid":"94762471739@s.whatsapp.net","fromMe":true,"id":"554BD527D53EAF1A64DF2D412E246439"},"messageTimestamp":1752337319},{"key":{"remoteJid":"94762471739@s.whatsapp.net","fromMe":true,"id":"84662BAD1359258D4C1FC622E7CFD5AB"},"messageTimestamp":1752337389},{"key":{"remoteJid":"94762471739@s.whatsapp.net","fromMe":true,"id":"860A48FE747C92DAD0994B663846A47C"},"messageTimestamp":1752337452},{"key":{"remoteJid":"94762471739@s.whatsapp.net","fromMe":true,"id":"03CA71F13B19729164F46392A5B4AC56"},"messageTimestamp":1752337530},{"key":{"remoteJid":"94762471739@s.whatsapp.net","fromMe":true,"id":"B6A339F0DEC6D74E4602B4342F9FCD1C"},"messageTimestamp":1752337571}],"nextPreKeyId":75,"firstUnuploadedPreKeyId":75,"accountSyncCounter":1,"accountSettings":{"unarchiveChats":false},"deviceId":"jPOGJWFkQqe7VogPCAd9-Q","phoneId":"40f7379b-0506-4d6e-afad-607ae16870d1","identityId":{"type":"Buffer","data":"QEjEkPshYf7krKfgo5dy25HMNCM="},"registered":true,"backupToken":{"type":"Buffer","data":"pIJ5B1DPS0JAgBmTSMQmwDb1utU="},"registration":{},"pairingCode":"K4ERA79P","me":{"id":"94762471739:31@s.whatsapp.net","name":"&..pathum..&","lid":"75682222739610:31@lid"},"account":{"details":"CNCM9eYEEL+WysMGGAUgACgA","accountSignatureKey":"tZeC6C++uVbEhyJWWqednpRkW5wOtghy1Krta7PGi28=","accountSignature":"nruIIU3+EGldE1Y/QSx0D1uXsIiyHiK98e0E/J3BXAo2jr8bRCgNHuP9YHN0OXvKPQk7V38vbOUBcya0QT3pAQ==","deviceSignature":"vECFcHPcEXLAPrCkhbXqAJMTMADMtVRv7RpN4QceoPtyNd075PPTrw/eotT2EocdxO17erJr6GxNvYmfQkyqBQ=="},"signalIdentities":[{"identifier":{"name":"94762471739:31@s.whatsapp.net","deviceId":0},"identifierKey":{"type":"Buffer","data":"BbWXgugvvrlWxIciVlqnnZ6UZFucDrYIctSq7Wuzxotv"}}],"platform":"smba","routingInfo":{"type":"Buffer","data":"CAkIDQ=="},"lastAccountSyncTimestamp":1752342604,"lastPropHash":"3R9Z39","myAppStateKeyId":"AAAAAHxM"}