{"noiseKey":{"private":{"type":"Buffer","data":"AJRq03Zj9CiwsKjvxjCDF3MEcaPpkfRw+8mey/KvnlQ="},"public":{"type":"Buffer","data":"zxqP94Jlb4NH5to9oBGX29nkjBAkv4KGy2XRz1XipFA="}},"pairingEphemeralKeyPair":{"private":{"type":"Buffer","data":"SOYhaGHnjxBGB5D3xX/M5/ojjOaIJWI7AL5AtguDrU8="},"public":{"type":"Buffer","data":"VA7/pfMNo7bZTJFRSgFvmfvcjcBH/cbn27O5H4/tLno="}},"signedIdentityKey":{"private":{"type":"Buffer","data":"wOLiFe3EAUhYuFsXtOeGONNh/2KmDDexnMmE9s3JeHk="},"public":{"type":"Buffer","data":"w5Gb4w/3NLviwQuEHafNcjEwqhz8Oew3YvjhoizDlhI="}},"signedPreKey":{"keyPair":{"private":{"type":"Buffer","data":"kCR2pgVIeICQRsIXJUhRNQSfMlT+RDgjx5WHrXNkcEY="},"public":{"type":"Buffer","data":"fM54uSOknzkDdQGPcNsCm93d4Smv4ZG8GsGOzHlCmik="}},"signature":{"type":"Buffer","data":"wcFjZrOF/WGiTZakqE6PoaLixoESpG3n7XCPvmu1vNX6aN4TaqWINfB4gotxyl5dEdxmvpmELkRIMXiM3oCvDg=="},"keyId":1},"registrationId":43,"advSecretKey":"Z9j+1Dr1ccNpJKWjCQRuCXGJx3YFx908wDvXJODqVBI=","processedHistoryMessages":[{"key":{"remoteJid":"94774186942@s.whatsapp.net","fromMe":true,"id":"46CCBD1E0CDD37F4F3E5B803F1B7837B"},"messageTimestamp":1751733031},{"key":{"remoteJid":"94774186942@s.whatsapp.net","fromMe":true,"id":"7960D3C8D656B775488CBC9309135DDA"},"messageTimestamp":1751733044},{"key":{"remoteJid":"94774186942@s.whatsapp.net","fromMe":true,"id":"4D574735DD674A7A16C87386DC90F62B"},"messageTimestamp":1751733070},{"key":{"remoteJid":"94774186942@s.whatsapp.net","fromMe":true,"id":"4E9B9F591C2B7AD65F267BECFEABCEE9"},"messageTimestamp":1751733075},{"key":{"remoteJid":"94774186942@s.whatsapp.net","fromMe":true,"id":"5106E5D3961948C7CB1DB696D7E6530A"},"messageTimestamp":1751733099},{"key":{"remoteJid":"94774186942@s.whatsapp.net","fromMe":true,"id":"D50DDE5BA34292C9F41E08BA08B7052A"},"messageTimestamp":1751733120},{"key":{"remoteJid":"94774186942@s.whatsapp.net","fromMe":true,"id":"122FC36FC4A1C2836E97341303CAA699"},"messageTimestamp":1751733143},{"key":{"remoteJid":"94774186942@s.whatsapp.net","fromMe":true,"id":"8AF6497B38A73D04512403B2780866D4"},"messageTimestamp":1751733161},{"key":{"remoteJid":"94774186942@s.whatsapp.net","fromMe":true,"id":"B0032CB0147B2175C075949FE0C9EC98"},"messageTimestamp":1751733183},{"key":{"remoteJid":"94774186942@s.whatsapp.net","fromMe":true,"id":"0B63E4CEBCBB0F01433DC924CEA3BD14"},"messageTimestamp":1751733200},{"key":{"remoteJid":"94774186942@s.whatsapp.net","fromMe":true,"id":"ED5F0CE7728996BA33952F29CA60CCFD"},"messageTimestamp":1751733215},{"key":{"remoteJid":"94774186942@s.whatsapp.net","fromMe":true,"id":"CCB7A261A62B4F3EF2016E83ED86FCB7"},"messageTimestamp":1751733220}],"nextPreKeyId":39,"firstUnuploadedPreKeyId":39,"accountSyncCounter":1,"accountSettings":{"unarchiveChats":false},"deviceId":"2PgrWhEDSayapz7OFijoxA","phoneId":"9e9cb6e0-b136-484e-b1c1-55db8f91008b","identityId":{"type":"Buffer","data":"AoEdvzeymdxcjvkE7EIyb6Sfwnc="},"registered":true,"backupToken":{"type":"Buffer","data":"TWjLKzEtinFAFsNOQ8kQX5MQ89c="},"registration":{},"pairingCode":"PC365Q22","me":{"id":"94774186942:22@s.whatsapp.net","name":"𝐒.𝐌𝐚𝐧𝐨𝐣","lid":"248790812487730:22@lid"},"account":{"details":"CJXMtNwFEIimpcMGGBEgACgA","accountSignatureKey":"TL232FVo3Suwwbmev5CWEnIsOjqkjHsckPpq2HFghSE=","accountSignature":"V/edma9mfj3tZj/AteElr3mPMg2jFO9p8uyRt3+y+ROgzbA//js9p89uWsDKAIkwyAbxHzMgQMA81odx/ztgDQ==","deviceSignature":"BWVXZLPFQlgXNagVV353+69gy8ys3j+1mIZn56ot2mOfMAP2G18jBxjpG4A9QMyxlYMdhXcV/KkIP4+aWG0kBQ=="},"signalIdentities":[{"identifier":{"name":"94774186942:22@s.whatsapp.net","deviceId":0},"identifierKey":{"type":"Buffer","data":"BUy9t9hVaN0rsMG5nr+QlhJyLDo6pIx7HJD6athxYIUh"}}],"platform":"smba","routingInfo":{"type":"Buffer","data":"CAUIAg=="},"lastAccountSyncTimestamp":1751733013,"lastPropHash":"PWk5B","myAppStateKeyId":"AAAAAPLq"}