{"noiseKey":{"private":{"type":"Buffer","data":"AO/1Q84n07WHQOvMqmuP17nydHlFpX4S7w/wToueblA="},"public":{"type":"Buffer","data":"JqKfpWLdLvGHGcGF1Za8SUnkSKC6YDi1Ydd8D9S2TCI="}},"pairingEphemeralKeyPair":{"private":{"type":"Buffer","data":"kBzP6nvsarVIXBvupkgqT6E1I0vQCZ/72kfNjRE8Fmg="},"public":{"type":"Buffer","data":"/aDH6zp/85rHIDPpQhRN2TxmMQCYLhP2UYzlvAHrOj4="}},"signedIdentityKey":{"private":{"type":"Buffer","data":"mFHwIB81O46ALdjvoow1XbwzhhAl5sI6z4b2c7lMlVs="},"public":{"type":"Buffer","data":"WXoHZRhqwfnLHTH3hg/4CusOaKeJd4ro7KgWo2LZuwc="}},"signedPreKey":{"keyPair":{"private":{"type":"Buffer","data":"QLdUykNuLPmrh3BCatw4jazRb8++UOtJ7EhwOrTOQ08="},"public":{"type":"Buffer","data":"1IM3LbV3KFYnrX+ADN1uZI9YgtfnydMlf2wDxXL/tRg="}},"signature":{"type":"Buffer","data":"mOT4itYrmlhJasH+EsTug7olVNQPSEA+wyiepnlKWt5FHNKySbrAn6xZvIG9aiV+QJGxyZwjjwhFo5YVLaj2AQ=="},"keyId":1},"registrationId":134,"advSecretKey":"zWGkgDuCtHU8IcUcORnkipIprdWZKVinPxnFMecynGY=","processedHistoryMessages":[{"key":{"remoteJid":"94712484205@s.whatsapp.net","fromMe":true,"id":"C14A586FB1BECBE5B157643577DEBA31"},"messageTimestamp":1752400483},{"key":{"remoteJid":"94712484205@s.whatsapp.net","fromMe":true,"id":"B1A5E67DEBA254BFB2A6F584A027D5C1"},"messageTimestamp":1752400484},{"key":{"remoteJid":"94712484205@s.whatsapp.net","fromMe":true,"id":"E296A24BBBC1D6B6E4CF5720ED02C50B"},"messageTimestamp":1752400492}],"nextPreKeyId":31,"firstUnuploadedPreKeyId":31,"accountSyncCounter":1,"accountSettings":{"unarchiveChats":false},"deviceId":"5ONF1D00TQelznfcXmpxpg","phoneId":"ab5def0a-a1db-4547-ad90-8a624a0e0829","identityId":{"type":"Buffer","data":"m3Cc/rvOhw2S0NE+5kqaMpfL8PI="},"registered":true,"backupToken":{"type":"Buffer","data":"vwqQGpR2fnKluuVxD2npet0DVrk="},"registration":{},"pairingCode":"Q9AB3YWV","me":{"id":"94712484205:1@s.whatsapp.net","name":"vish","lid":"69784930648225:1@lid"},"account":{"details":"CIXd6EgQz4TOwwYYASAAKAA=","accountSignatureKey":"dIkrjsj//3ruCxzVwLfdBjO84maZvEU9Jbgkh24cJxQ=","accountSignature":"gE4qj6zPPSIxS81jB4hvCg/jDr8BDObKrryszmCsrnqY1F5oT14WAhHk7bLZoiaksX8DIh0Llh759FpqE2A4DQ==","deviceSignature":"zwBJCv0Ob5T2wo5OmNc0jf+eIO7v5LkYpLzT0z/16hVPfE05p5FTpXN84Sd0iH5jDB9GS3yUWCJio06VJJ5tDw=="},"signalIdentities":[{"identifier":{"name":"94712484205:1@s.whatsapp.net","deviceId":0},"identifierKey":{"type":"Buffer","data":"BXSJK47I//967gsc1cC33QYzvOJmmbxFPSW4JIduHCcU"}}],"platform":"smba","routingInfo":{"type":"Buffer","data":"CAkIEg=="},"lastAccountSyncTimestamp":1752400476,"lastPropHash":"PWk5B","myAppStateKeyId":"AAAAALfM"}