{"noiseKey":{"private":{"type":"Buffer","data":"cAC+t+cKBch/VokcxE8nRWvTDZJzb88WThySyP2101c="},"public":{"type":"Buffer","data":"5JnFFDBBpXl3CmwlzurPR6krG8D685DvTPYpXMrzNHk="}},"pairingEphemeralKeyPair":{"private":{"type":"Buffer","data":"UNjDF/hfyi4+PgVK9oRj31TM1eI2gp58dgwzdCy5TmE="},"public":{"type":"Buffer","data":"0OMt2XptlNa3Nln8Si15dlkBMbgj0DpG5q7uu/jGbRY="}},"signedIdentityKey":{"private":{"type":"Buffer","data":"4L8erqCYk6pMn5VbStRlDkXOFVmxgyslLXCM2KI1x04="},"public":{"type":"Buffer","data":"bvX2bp7PfcsrT0ZwkrLlLZyGYoOBPC7gvptsrYYJFA8="}},"signedPreKey":{"keyPair":{"private":{"type":"Buffer","data":"cEAPXaCeR980xqpjOapdo1lZMPKlHTfxKevh+P/6BGI="},"public":{"type":"Buffer","data":"08OxLk7WmUgff6Rgi7PO5FMvM6URI5TYEyi/a/r9/BI="}},"signature":{"type":"Buffer","data":"M+MJ9G/RdW/bpkIiO3uFUM2a0EA98ZOWYhyb59yr7qfqsXbsGtwkr4ThPML09OdpM90akgI/KhkgL0Wj4BXLBA=="},"keyId":1},"registrationId":44,"advSecretKey":"S6ft9Yz7wS8OBdNkdrX+ggnCPH9vUCgVyVH77cDoTAo=","processedHistoryMessages":[{"key":{"remoteJid":"93794975973@s.whatsapp.net","fromMe":true,"id":"3AE25D4295E2D4A6BB7B"},"messageTimestamp":1752382701},{"key":{"remoteJid":"93794975973@s.whatsapp.net","fromMe":true,"id":"3A64B170E972D22B254E"},"messageTimestamp":1752382706},{"key":{"remoteJid":"93794975973@s.whatsapp.net","fromMe":true,"id":"3ACA31C6919D89EC1D52"},"messageTimestamp":1752382755},{"key":{"remoteJid":"93794975973@s.whatsapp.net","fromMe":true,"id":"3A4F6C72995518841F96"},"messageTimestamp":1752382794},{"key":{"remoteJid":"93794975973@s.whatsapp.net","fromMe":true,"id":"3A389C2B81CA4EF1F2D1"},"messageTimestamp":1752382800}],"nextPreKeyId":31,"firstUnuploadedPreKeyId":31,"accountSyncCounter":1,"accountSettings":{"unarchiveChats":false},"deviceId":"9ST8qxJmSYyauS8e37KVig","phoneId":"45e61dcd-e2f1-498f-b1fc-daf757869f74","identityId":{"type":"Buffer","data":"nnUcmHSr4mYzaZEJ0z1wbHuAzmk="},"registered":true,"backupToken":{"type":"Buffer","data":"YY0MC/VYFIHpZz4MCGDWJZdnXmE="},"registration":{},"pairingCode":"M5PSG8GX","me":{"id":"93794975973:35@s.whatsapp.net","name":"‎‌‎‌‎‌𓆩𖥓𓂍𝐇𝐢𝐭𝐥𝐞𝐫𓂍𖥓𓆪 \n•\n•\n•\n•\n•\n•\n•\n•\n•\n•\n•\n•\n•\n•\n•\n•\n•\n•\n•\n•\n•\n•\n•\n•\n•\n𓆩𝐕𝐈𝐏𓆪","lid":"148486062391524:35@lid"},"account":{"details":"CLfr2+UKENr5zMMGGAIgACgA","accountSignatureKey":"wT5kL1w8ey+b4n3K/Bpoy7zcKyi/sQ3N90yLSgboBnQ=","accountSignature":"hlEKGGGMA1KS7ssgJVu1+cKLpfTskXZAHIBLOl+byUa37EmpvO+N0J2Ae448YA4yOLhYEdtb3ggrEFkWMd30Dw==","deviceSignature":"HBIs+zlhph6nGjo2nAEu2X8uMpERqbq6P5+G6Bd1mt68Z/h2hn8XY+O3N3t4GGGAKt55jjxClJnY5hyV9xmYCQ=="},"signalIdentities":[{"identifier":{"name":"93794975973:35@s.whatsapp.net","deviceId":0},"identifierKey":{"type":"Buffer","data":"BcE+ZC9cPHsvm+J9yvwaaMu83Csov7ENzfdMi0oG6AZ0"}}],"platform":"smbi","routingInfo":{"type":"Buffer","data":"CAMIAg=="},"lastAccountSyncTimestamp":1752382697,"lastPropHash":"nm3Bb","myAppStateKeyId":"AAAAAENj"}