{"noiseKey":{"private":{"type":"Buffer","data":"iJlMgAzctljccmG5bm78gq0MPSBkeZ4gB5Z+5u8gl0g="},"public":{"type":"Buffer","data":"YaKpy/vwQ+HzqaooGfrYaf0fQgGybuKBoEeKpLF0ZlU="}},"pairingEphemeralKeyPair":{"private":{"type":"Buffer","data":"2B1w70CMcHF9SJteMhLvCD1TZfgFR7KgSWkPVOUzPnM="},"public":{"type":"Buffer","data":"fuC6yLOMXIXc2pxFOeBe6M0Zyae7/ZTL32QL+wak9XU="}},"signedIdentityKey":{"private":{"type":"Buffer","data":"WEZSgTbtFSLD2SyAGtYS123lkeCewJpUIvI4zXLNsU0="},"public":{"type":"Buffer","data":"ySbzoVIv5F4IcHpDT6sQO2u/FvONaAvPG+giDB8vHx8="}},"signedPreKey":{"keyPair":{"private":{"type":"Buffer","data":"cM7YW4QNd+X8ec/RGAvNVdSK0VYF5NxTPqondCVME20="},"public":{"type":"Buffer","data":"pSO/O6ALMN9g/oigNkv+NzonON6bRkzQrVyrlNewKX0="}},"signature":{"type":"Buffer","data":"WV6AaGHGBoRGjrgongD9Lowi1KA05mL12Ng60iRVkb6msy/9TeYyHik9BTcvUZ7tceLEbANtXIYAgPmvGJ/jDA=="},"keyId":1},"registrationId":113,"advSecretKey":"1K6h62EdC3EMpngV8do2iQSyjWHMrzK4N8KCTSTOD20=","processedHistoryMessages":[{"key":{"remoteJid":"967716474662@s.whatsapp.net","fromMe":true,"id":"6A1EC9FBBC42AD5A4C736F404C8322FD"},"messageTimestamp":1751788967},{"key":{"remoteJid":"967716474662@s.whatsapp.net","fromMe":true,"id":"0A146415B536906C56203D3F7B93D03A"},"messageTimestamp":1751788968},{"key":{"remoteJid":"967716474662@s.whatsapp.net","fromMe":true,"id":"37E1B53BEB6888CA8F0C6FC9C9A11D18"},"messageTimestamp":1751788985}],"nextPreKeyId":77,"firstUnuploadedPreKeyId":77,"accountSyncCounter":1,"accountSettings":{"unarchiveChats":false},"deviceId":"okGElXadRIiBkM0i_EGCdQ","phoneId":"f0940f7e-8a6b-4839-8991-f6fa6369c039","identityId":{"type":"Buffer","data":"T0JJwD0iWXBqse/didDcUoxm4Yo="},"registered":true,"backupToken":{"type":"Buffer","data":"X52TYEzNM1dzdIul+For69DrYX0="},"registration":{},"pairingCode":"WD3K2QBT","me":{"id":"967716474662:10@s.whatsapp.net","name":"alkorsan","lid":"230047642325107:10@lid"},"account":{"details":"CJnP08kGEJjbqMMGGAEgACgA","accountSignatureKey":"SvkqHPEgzif3Fo7MdJKQG7+Q645/DwLzCiQnsN7Texc=","accountSignature":"biBdvtfJTcrwKMr+MTVaYk+DaWAbCFx//tblKzOIaUQzen7x+/GnXJ3pVtWIJsNvANbqtxK+q0/CtoCm0AqQCw==","deviceSignature":"tWPE/DJg2JrnxKPo04n72lSEnrawAq1nnPsBsktzJymu3qA77eD0m201kGIY0FiQ5WL/mMVuezfXFkPRGI6VAA=="},"signalIdentities":[{"identifier":{"name":"967716474662:10@s.whatsapp.net","deviceId":0},"identifierKey":{"type":"Buffer","data":"BUr5KhzxIM4n9xaOzHSSkBu/kOuOfw8C8wokJ7De03sX"}}],"platform":"smba","routingInfo":{"type":"Buffer","data":"CAgIBQ=="},"lastAccountSyncTimestamp":1751788964,"lastPropHash":"2P1Yhf","myAppStateKeyId":"AAAAANdo"}