{"noiseKey":{"private":{"type":"Buffer","data":"CEGTq74MgUGz/BHO14KKhUUyygV14HjuKM7JiPEM/3k="},"public":{"type":"Buffer","data":"H4mESLv2kU1gJ+dJi01RkwpovwpZWD39OZpwV0LTZRk="}},"pairingEphemeralKeyPair":{"private":{"type":"Buffer","data":"gBYm7Kwt7mJ4JhRrtWxc31P45IaaRtcFTTeml6ctwGM="},"public":{"type":"Buffer","data":"uQUphOKYxTJNQFxZUziFuSNp6kTb23bpgzGuNEtsXmI="}},"signedIdentityKey":{"private":{"type":"Buffer","data":"SC7hBwoxHy1hxwbMNxxGrigdr73aHwI0E4FTqyPcoFM="},"public":{"type":"Buffer","data":"BnrTkM6YkGZ5BAzxtbMx0upugcXZEvfVBbvgVee9MCQ="}},"signedPreKey":{"keyPair":{"private":{"type":"Buffer","data":"cBYri/BGLTcmK1/XUwtgBLua+AqNlqo8ggUgMyelYFc="},"public":{"type":"Buffer","data":"H5bAOBSUWpD3En6RNdqCVcD/k6pO3sbX2/BGPolq6HI="}},"signature":{"type":"Buffer","data":"sIY3UKX3+spQhWOtte2TY0/kvT/RpfgvogUjmntSoGBQxeOkKl1Z1q1yxfs9Zbauiv5UFyuevt6TSjBIgUROhw=="},"keyId":1},"registrationId":91,"advSecretKey":"jSftiL93Q27zDcGk/6jprNtR4TT/O3bhnRl4Z5UVJ0g=","processedHistoryMessages":[{"key":{"remoteJid":"923107177932@s.whatsapp.net","fromMe":true,"id":"437A861AC2E9972DCFA1EB97D1266D68"},"messageTimestamp":1752565020},{"key":{"remoteJid":"923107177932@s.whatsapp.net","fromMe":true,"id":"9BED8E26F00BFD8671862A5043A35F04"},"messageTimestamp":1752565020},{"key":{"remoteJid":"923107177932@s.whatsapp.net","fromMe":true,"id":"9A670A07DCF0DA8CCC7A5666B2926FD8"},"messageTimestamp":1752565028}],"nextPreKeyId":31,"firstUnuploadedPreKeyId":31,"accountSyncCounter":1,"accountSettings":{"unarchiveChats":false},"deviceId":"gQgQUMhyS6OsNRv_C0Rjfg","phoneId":"31467e95-c450-483c-9121-7293d0c627c1","identityId":{"type":"Buffer","data":"7ylEsw/wzdPcbWt8k6rydGNOVkY="},"registered":true,"backupToken":{"type":"Buffer","data":"IIIH5x9utfuOlbklYYthapz+VVA="},"registration":{},"pairingCode":"82CWT196","me":{"id":"923107177932:2@s.whatsapp.net","name":"Khan Sab","lid":"75257188753427:2@lid"},"account":{"details":"CJ7Zg6sGEI2K2MMGGAEgACgA","accountSignatureKey":"nHHpHoSOkzxLjQdvpvmofMoZ5F6VIY0cWBRhUe+z434=","accountSignature":"Zyan0Cb0ocqf01eaZ20m0nSeaJRjjsjNR13E3eF1RLw6+6FE7ia3kFqSkhk7lhmtCd7iFgzu9ttE+VoxN16oBg==","deviceSignature":"5Ci0FF+1LG6GkNAYVb87v/Rk4J70YNkOnVixzRN55icvHtusReTDbGCuQldihCm49ghbqdtmKnUlLj1mqQPyiw=="},"signalIdentities":[{"identifier":{"name":"923107177932:2@s.whatsapp.net","deviceId":0},"identifierKey":{"type":"Buffer","data":"BZxx6R6EjpM8S40Hb6b5qHzKGeRelSGNHFgUYVHvs+N+"}}],"platform":"smba","routingInfo":{"type":"Buffer","data":"CAMIEg=="},"lastAccountSyncTimestamp":1752565018,"lastPropHash":"PWk5B","myAppStateKeyId":"AAAAALcI"}