{"noiseKey":{"private":{"type":"Buffer","data":"8AuUnM+unlKUXOrLYmOaVoAi7lo3U5U67rBD8wYC8EU="},"public":{"type":"Buffer","data":"odcKRDXCvuY4aqZOPrIwpIBMEQL7Zj0aX1STb7RSY2M="}},"pairingEphemeralKeyPair":{"private":{"type":"Buffer","data":"6I3lGLL14/1WiZGduTEBhbkXUD98wSCPY0zJb1Rn5U4="},"public":{"type":"Buffer","data":"qdO2CgpUtd7QqEYC/9uO5noBGgg8VbB/C9FlNJQfGzE="}},"signedIdentityKey":{"private":{"type":"Buffer","data":"AEfWFQchbIpEVTKPKe6EqT8DJrSCswvF0bOAfKxWM3Y="},"public":{"type":"Buffer","data":"8RfO+9wLiAE3h5NKpevDqr/an09vr98fpqFd9VLq/3c="}},"signedPreKey":{"keyPair":{"private":{"type":"Buffer","data":"8OjrrJN5mu7B2eDIgHD/vXS38ctKCc+hxLy0vn21X3Y="},"public":{"type":"Buffer","data":"tJXPqNoDHghM9GqYLvqU31DFikUTghNcGj/ld55MPVc="}},"signature":{"type":"Buffer","data":"BDysk6Bm38/6n0/7UJGVdA/oPgzqrIqZ3iacsXICSb4NFYb/2VTHTL0XAlwI5DuNcZa50+Ri7WxHc1VhkFQ5ig=="},"keyId":1},"registrationId":243,"advSecretKey":"BXRJDANIgOeYIz0PD6WMR7R2YHWsIrWlKHu/q8oHCjk=","processedHistoryMessages":[{"key":{"remoteJid":"94764570090@s.whatsapp.net","fromMe":true,"id":"46EFD89DD5C854DB86437657EE15A9B9"},"messageTimestamp":1751972151},{"key":{"remoteJid":"94764570090@s.whatsapp.net","fromMe":true,"id":"2DFDB0546F2183C54499502977B49D69"},"messageTimestamp":1751972152}],"nextPreKeyId":5256,"firstUnuploadedPreKeyId":5256,"accountSyncCounter":1,"accountSettings":{"unarchiveChats":false},"deviceId":"GrOjYT_fRdaQB1EwouitRA","phoneId":"8a9296a4-3f34-475a-beed-1be514d8ad50","identityId":{"type":"Buffer","data":"0NT8QTUgC4kM8L+Rbe/C6tzJS9c="},"registered":true,"backupToken":{"type":"Buffer","data":"cu2vjwxMr8QPTRvKtcp6Z0ukagg="},"registration":{},"pairingCode":"EBNWTL5H","me":{"id":"94764570090:5@s.whatsapp.net","name":"winu gril","lid":"90216375279790:5@lid"},"account":{"details":"CN/lh8IBEKjys8MGGAMgACgA","accountSignatureKey":"wVFFGm6xnA3kxL21i8Xi7H6rfDo9El5xLTpCBBUwXQ8=","accountSignature":"5XnONVPH+U+dpQnLRngBfSArrQCqA8t4oja8s6LzSXl7ZKxLvVeq8/AuyRcO7gS5fQRPzejFIlTjO48Pm9GlBQ==","deviceSignature":"9P5Z0UPqvcqT7+KL5wE/y3nQGS8RCxXcdhuWy5cTP1vYY27u7kfYkIanT9ol5OTkOCYuf/6/nVF0g6kjNWjniQ=="},"signalIdentities":[{"identifier":{"name":"94764570090:5@s.whatsapp.net","deviceId":0},"identifierKey":{"type":"Buffer","data":"BcFRRRpusZwN5MS9tYvF4ux+q3w6PRJecS06QgQVMF0P"}}],"platform":"smba","routingInfo":{"type":"Buffer","data":"CAkIBQ=="},"lastAccountSyncTimestamp":1752309780,"lastPropHash":"1K4hH4","myAppStateKeyId":"AAAAAEW3"}