{"noiseKey":{"private":{"type":"Buffer","data":"4Cp6qZ1xz2ljAPE9/zRpJRQj9WpQmC8IiwizVIl5t0U="},"public":{"type":"Buffer","data":"kc+2Et8SnV6soNyGUeqXlJ3nJ8yv/NJpWgRR+e9ZVhE="}},"pairingEphemeralKeyPair":{"private":{"type":"Buffer","data":"yIGB6NpIphfU02V6p5pLqJMMIA4dHoOBvyvccii2b0s="},"public":{"type":"Buffer","data":"Sz/qMSetyIumsTYqJbj6Kii+DpA2khikAfEjWha8qx8="}},"signedIdentityKey":{"private":{"type":"Buffer","data":"0LVn7ZtrnF8l4Zm451/+SlK/mL5Dm+iaQe3KGua2dl8="},"public":{"type":"Buffer","data":"I2WdauIUcIUGr6QReSu96O70ygazECajUkRV4rIMr2o="}},"signedPreKey":{"keyPair":{"private":{"type":"Buffer","data":"oI3ehluRKhbChcSk5fc+2o6meABy0VCXM37a1DyaAlM="},"public":{"type":"Buffer","data":"UOVVIv82TisOucK9hVqITpkCT0BMz+OsVHsKk55K5wk="}},"signature":{"type":"Buffer","data":"c2kjBCIyfELgWadSrbmPMibFLc7QmOUrK5u+pcjfCNwliHhMrnauqPjsfK97b2v7cz5ZM56VLQB/5d6SilB+gA=="},"keyId":1},"registrationId":254,"advSecretKey":"8xhzS/JVz9LMb18KN6fpWRnBDTDcMU3uqtg5brrCNCQ=","processedHistoryMessages":[{"key":{"remoteJid":"94779625115@s.whatsapp.net","fromMe":true,"id":"3AAE02DEE5F7A3A9EAA8"},"messageTimestamp":1751803225},{"key":{"remoteJid":"94779625115@s.whatsapp.net","fromMe":true,"id":"3A6E2CA3CCEB2301F1F8"},"messageTimestamp":1751803236},{"key":{"remoteJid":"94779625115@s.whatsapp.net","fromMe":true,"id":"3A713BA98482FC07D17F"},"messageTimestamp":1751803749}],"nextPreKeyId":1291,"firstUnuploadedPreKeyId":1291,"accountSyncCounter":1,"accountSettings":{"unarchiveChats":false},"deviceId":"SJEgi5o7QY6Qc3exVs_18A","phoneId":"d6f5ad9f-fe21-495c-964b-dd9f6ab60df4","identityId":{"type":"Buffer","data":"wIMURpvE0hkuIcezZf2RLT+WaVY="},"registered":true,"backupToken":{"type":"Buffer","data":"BUlBI9WCSMxLDAzEkADawbNjd54="},"registration":{},"pairingCode":"7PGFCKRX","me":{"id":"94779625115:54@s.whatsapp.net","lid":"198350833995784:54@lid","name":"HUNNY GIRL  ( ADMIN )"},"account":{"details":"CNDUoN0OEJvJqcMGGAEgACgA","accountSignatureKey":"tG5cMxMQ09RckB+9JhLgH1boC1Mz+Rjyno+8E2/guWc=","accountSignature":"d8gKhaxEn+LmSNidtnY8jzNOPJnKI3hV5Aoj6zi7Qw2is495U+1PzUQWOYCcxi/9oL+1VdCgBEtau0Ofz4ilhQ==","deviceSignature":"VaQA/GLJ4TicGZltW/h3/qz7MVf1Bs18ZFL1UmPHNpucvxcFpRZrPdbFnZbmSc7dEK9raMFzunlfgGJ9TVm1gQ=="},"signalIdentities":[{"identifier":{"name":"94779625115:54@s.whatsapp.net","deviceId":0},"identifierKey":{"type":"Buffer","data":"BbRuXDMTENPUXJAfvSYS4B9W6AtTM/kY8p6PvBNv4Lln"}}],"platform":"iphone","routingInfo":{"type":"Buffer","data":"CAIIDQ=="},"lastAccountSyncTimestamp":1751808574,"lastPropHash":"1K4hH4","myAppStateKeyId":"AAAAAHIf"}