{"noiseKey":{"private":{"type":"Buffer","data":"WMvlRYAmipHmvUf7zf63q2gLP7ThxZmbMr62+wABpHE="},"public":{"type":"Buffer","data":"urAa7miGeCpol0xepqvHzQJuMAGPu+sxw2+k67sXqU4="}},"pairingEphemeralKeyPair":{"private":{"type":"Buffer","data":"ENdPesdj4EgSeYk/kvpwBBEwu1tuKRj0ZLFGKFTS/U0="},"public":{"type":"Buffer","data":"vqilDcuXRwZkbdX75AL/Iix9RvHULy9WEKECnS7b3Fo="}},"signedIdentityKey":{"private":{"type":"Buffer","data":"QBj3qDtaB0LxfPmOIzQFfgI+DZ7IDOh6HNIglPWaGlw="},"public":{"type":"Buffer","data":"QQ6uT/QqqxEJY4JfzKpXFruNu7PUVyl7ZlV+IwAM6x8="}},"signedPreKey":{"keyPair":{"private":{"type":"Buffer","data":"8O6zFI/OQTLauy0mwdcpKEo1bkEED0kZU0LPUQ8+im4="},"public":{"type":"Buffer","data":"WdQWvtGjzuxjF7cFQoAvSN5/29bER1QKNcZpUWeZYy8="}},"signature":{"type":"Buffer","data":"33evMV59kGgFXYinXStaAjySlVWC5yvo41+xoclw7m33Vg3ALIaRNqVniRp5V3W9GpksLAOpL8LV59bQypvGBA=="},"keyId":1},"registrationId":76,"advSecretKey":"mIf5IWCTlBbEMNOELfAwQHZEqNUYmByxdU60GEYcDmQ=","processedHistoryMessages":[{"key":{"remoteJid":"94787162849@s.whatsapp.net","fromMe":true,"id":"CDBCF86547C41B264E44B6B20B525367"},"messageTimestamp":1752376622},{"key":{"remoteJid":"94787162849@s.whatsapp.net","fromMe":true,"id":"CAAAEDB9838B47F32B685CC5681041D4"},"messageTimestamp":1752376627},{"key":{"remoteJid":"94787162849@s.whatsapp.net","fromMe":true,"id":"24D72F70E3C1524FBBCF6EC784984BFD"},"messageTimestamp":1752376674}],"nextPreKeyId":32,"firstUnuploadedPreKeyId":32,"accountSyncCounter":1,"accountSettings":{"unarchiveChats":false},"deviceId":"mxjC22tcQVyGxRJPz2VKqw","phoneId":"9d128342-2f4e-4561-ab9d-f1c84903d34c","identityId":{"type":"Buffer","data":"C8/HFMS8zLpnjmq9YHbpUOXUkvs="},"registered":true,"backupToken":{"type":"Buffer","data":"kT/H59tlwbS9lF+wq+jMhaD8rxo="},"registration":{},"pairingCode":"AW5TGA2X","me":{"id":"94787162849:37@s.whatsapp.net","name":"•••¤《Gavindu Sathsara》¤•••","lid":"209079460982903:37@lid"},"account":{"details":"CImE0acBEJrKzMMGGAkgACgA","accountSignatureKey":"ek8vw9uUar9R3KyiI1mswh1NRfhbHYYcwsB96M5nqCc=","accountSignature":"VLMtro9oaOz2sfgqxFCa93WU1tuZOPCo7Rj0ut3oo5aiGb2OAglDxMCkVPrNxrMVfK17Hb+xoFUSMllfuzHdCg==","deviceSignature":"waM4VNSmN3GYT5g3VYwMYXckS0+3Nt9w/9/p9c+3nwF6c7OVPdt029QaI3F2gjP882jZtdXpwaWrhsJz032EAg=="},"signalIdentities":[{"identifier":{"name":"94787162849:37@s.whatsapp.net","deviceId":0},"identifierKey":{"type":"Buffer","data":"BXpPL8PblGq/UdysoiNZrMIdTUX4Wx2GHMLAfejOZ6gn"}}],"platform":"smba","routingInfo":{"type":"Buffer","data":"CAsIAw=="},"lastAccountSyncTimestamp":1752376615,"lastPropHash":"PWk5B","myAppStateKeyId":"AAAAANH5"}