{"noiseKey":{"private":{"type":"Buffer","data":"GKdGftslc/dB6h0BSKAjRxoEba7z1EHGj9L4pnrz5k0="},"public":{"type":"Buffer","data":"f71tNaTxGfSQ1VbxcxxO3B+AFGDTWk85ayqxLTej8WM="}},"pairingEphemeralKeyPair":{"private":{"type":"Buffer","data":"uEXl3xgNSqa1kwa3TAzvOwNEO/mxokwnPSeeVtc3kmk="},"public":{"type":"Buffer","data":"Ghtse3ipOYD6FaO6sR86KMF70F+pnbiqMfbWfvk53EA="}},"signedIdentityKey":{"private":{"type":"Buffer","data":"eL69tBAEZuu3fR8q3lg/kjZQvtDRr0PbvFmi0CvHF34="},"public":{"type":"Buffer","data":"khsWaHoZLlLmNu2bgYdnO7iAaPwnyBXsfhaSbuiFJXk="}},"signedPreKey":{"keyPair":{"private":{"type":"Buffer","data":"uGdi6SzLMHtfbRK48XfAzk6cr+OLqsVruPw1tCj/jko="},"public":{"type":"Buffer","data":"zUX77d38fo3LbKr8zuq9z8Lu8krI/QXE5KgSC/NJpCo="}},"signature":{"type":"Buffer","data":"vbzDgnMkkTj3Yk/GLemGDw0zdn5MBOTlNF9oxsift+l5FqW/KJtGQVkpzKKfp2HOsvmvCLw50FmeXLjdYaSgAw=="},"keyId":1},"registrationId":128,"advSecretKey":"LSHWnz1Ks2W6tegLjVfg/4arQ1lf7Wvhk9Yimtulu+E=","processedHistoryMessages":[{"key":{"remoteJid":"94776877996@s.whatsapp.net","fromMe":true,"id":"F075C4BFBC48F2C4CF04CA6D9B4238DA"},"messageTimestamp":1752119804},{"key":{"remoteJid":"94776877996@s.whatsapp.net","fromMe":true,"id":"136FC92D566B35A78F049E0CFB9C4F03"},"messageTimestamp":1752119809},{"key":{"remoteJid":"94776877996@s.whatsapp.net","fromMe":true,"id":"6DDC92CC18339D2B09EC78179A342047"},"messageTimestamp":1752119827},{"key":{"remoteJid":"94776877996@s.whatsapp.net","fromMe":true,"id":"ABEF3D85EB3B522F16859565A2B5C8F3"},"messageTimestamp":1752119845},{"key":{"remoteJid":"94776877996@s.whatsapp.net","fromMe":true,"id":"80F9E56702E82CC7C3D0C6DE321C1769"},"messageTimestamp":1752119861},{"key":{"remoteJid":"94776877996@s.whatsapp.net","fromMe":true,"id":"38B73487BB4C9170F903CB56463243A4"},"messageTimestamp":1752119884},{"key":{"remoteJid":"94776877996@s.whatsapp.net","fromMe":true,"id":"9C052F2F4424F7E8BCC0693C37A6D1CA"},"messageTimestamp":1752119897},{"key":{"remoteJid":"94776877996@s.whatsapp.net","fromMe":true,"id":"02DB46F8AE50BBCADE3913DA7C433284"},"messageTimestamp":1752119909},{"key":{"remoteJid":"94776877996@s.whatsapp.net","fromMe":true,"id":"1D015C8130498600400FA74FC822CE87"},"messageTimestamp":1752119924},{"key":{"remoteJid":"94776877996@s.whatsapp.net","fromMe":true,"id":"378B17AF67797EBE7106548E39C1CAD9"},"messageTimestamp":1752119945},{"key":{"remoteJid":"94776877996@s.whatsapp.net","fromMe":true,"id":"7B635295AC4369C574D5ECFBF4B7159C"},"messageTimestamp":1752119965},{"key":{"remoteJid":"94776877996@s.whatsapp.net","fromMe":true,"id":"F75A8C7D9609AB5BD04CB563B5603276"},"messageTimestamp":1752120230}],"nextPreKeyId":934,"firstUnuploadedPreKeyId":934,"accountSyncCounter":1,"accountSettings":{"unarchiveChats":false},"deviceId":"sCNet6PVS36271XJUQbUqA","phoneId":"8a8d5419-4dfd-436e-b01d-c7ce5c36b420","identityId":{"type":"Buffer","data":"ZdLf/agz7LEMh7rl1IqugKgqA4A="},"registered":true,"backupToken":{"type":"Buffer","data":"RXAJrVZq5L2/Iq+vQcH0G5LoouU="},"registration":{},"pairingCode":"LHV6FBKM","me":{"id":"94776877996:16@s.whatsapp.net","lid":"145325117464640:16@lid","name":"ⁱ̻͢ᵐ̸̅ͯᵒ🎭⃝⃕ᴰᴷ ᴍᴀʜᴀꜱᴏɴᴀ"},"account":{"details":"CJ7bmdgHENvzvMMGGAUgACgA","accountSignatureKey":"pVWbf6euulntOeGAy5A5Bf+sZBzYTC27lZslbe4sfVQ=","accountSignature":"6pYIoxcFy6u0cNMAscO2wAFr7R/z3IiMmXYhI3PkcBBqqaqZVY5MGgEPePWge5jzQjNWIoh0gjE3WJUgVnYZDg==","deviceSignature":"bQmwZPcxzJ2KKSps7Lr564gRyjfC0VZ7qdTpmrFaR0/zv9y9HCMzKIh7sy+HZa2FQVtuRUAo5MiH8igJp8zJCg=="},"signalIdentities":[{"identifier":{"name":"94776877996:16@s.whatsapp.net","deviceId":0},"identifierKey":{"type":"Buffer","data":"BaVVm3+nrrpZ7TnhgMuQOQX/rGQc2Ewtu5WbJW3uLH1U"}}],"platform":"android","routingInfo":{"type":"Buffer","data":"CAIIDQ=="},"lastAccountSyncTimestamp":1752119783,"lastPropHash":"3R9Z39","myAppStateKeyId":"AAAAABrF"}