{"noiseKey":{"private":{"type":"Buffer","data":"YI8rJvRx4H+Y/HoNBigbZRm8U/Qhio28UfpHl8jUbHE="},"public":{"type":"Buffer","data":"7xGnFJmGB2+dOzzf6jPaH+xnufyaIf9fmZci15rf2Fs="}},"pairingEphemeralKeyPair":{"private":{"type":"Buffer","data":"kHN1nG1IBHLaTeMX6SD1QS95p2VM5u6V/zoF5HoKbHw="},"public":{"type":"Buffer","data":"wJ49ywy/CPoAkL6Y33rTVj01tAIlwpEjzaUO7yANeEA="}},"signedIdentityKey":{"private":{"type":"Buffer","data":"eFAs3iuyWG2RJP37r8T07oIkjPQDVExE0i5GFoeXN2Q="},"public":{"type":"Buffer","data":"/4ghXQHFYH/TeCW4czlGYidYUWFeMwjMNx9RngM8ISI="}},"signedPreKey":{"keyPair":{"private":{"type":"Buffer","data":"gOEYYIoFyiDVlYsPlUURuqjMYF2ajCkhzoS6N/qrZmw="},"public":{"type":"Buffer","data":"JPH3lqBcQfOSsuv96Z5EDTe3ZU5nFZHx1ilAh6KQbzo="}},"signature":{"type":"Buffer","data":"oo+uM0Qfn/zRPnADnm1+uDyHuiFF93XGjCv2JCmIzvoIlgG5vCg18ZiLLdGC3Cy7pscjDCP3m/usWu4VEihdBg=="},"keyId":1},"registrationId":231,"advSecretKey":"HcLNrc6n3pzmsFllTU69GD8Yq1/4l4/oYWS0rhWD970=","processedHistoryMessages":[{"key":{"remoteJid":"94768336361@s.whatsapp.net","fromMe":true,"id":"FAC71C857BCFDD25FC67AD48B5EEECA2"},"messageTimestamp":1751731610},{"key":{"remoteJid":"94768336361@s.whatsapp.net","fromMe":true,"id":"9BE6F7B94806835FF19BEE82D53D35D7"},"messageTimestamp":1751731610}],"nextPreKeyId":33,"firstUnuploadedPreKeyId":33,"accountSyncCounter":1,"accountSettings":{"unarchiveChats":false},"deviceId":"gVouTxqRSk6452Ugiq8Qkw","phoneId":"6f38ae03-ba31-4525-8367-d98758a8007e","identityId":{"type":"Buffer","data":"zugv3qomJKpHAeCVYKAFIHZdnxw="},"registered":true,"backupToken":{"type":"Buffer","data":"YihuvautEYohYT7gvTh2k8Jfi5A="},"registration":{},"pairingCode":"DDAD3XCC","me":{"id":"94768336361:24@s.whatsapp.net","lid":"195387239440578:24@lid","name":"+94 77 945 5320"},"account":{"details":"COzp8tkBEIubpcMGGAEgACgA","accountSignatureKey":"0ChRhU2osPWBrF4M4OvVoWj/QX0SDQiJiImmCkqYzQs=","accountSignature":"CWNiXtlED1DW9xH6k5GocxHY/KULUNnEHQbL/cKJzg0na97+1wX9fnRqVkYDC95J6TeBlL1KE+XjsbFoTLSRCA==","deviceSignature":"aV343ksWrCShDzomlklH0CEtOwrW44a8OxSB8axhfuP9e7smhRxPRZ7cdy54OJ8uNoasqEPVCXAuQ/+BXTooCA=="},"signalIdentities":[{"identifier":{"name":"94768336361:24@s.whatsapp.net","deviceId":0},"identifierKey":{"type":"Buffer","data":"BdAoUYVNqLD1gaxeDODr1aFo/0F9Eg0IiYiJpgpKmM0L"}}],"platform":"android","routingInfo":{"type":"Buffer","data":"CA0IEg=="},"lastAccountSyncTimestamp":1751731608,"lastPropHash":"2V77qU","myAppStateKeyId":"AAAAALGu"}