{"noiseKey":{"private":{"type":"Buffer","data":"kG1fJRBANk/6kB46KC+falIGQQC08FHIh7hDaEJSK3w="},"public":{"type":"Buffer","data":"1lOxYRw96dfgt/Ktm70l40CORZwKYEz6mUCmmqJ2hC4="}},"pairingEphemeralKeyPair":{"private":{"type":"Buffer","data":"cA9CGCMrDRDGE3ATS8tSxJkWDo3YLqany46drzGVwlQ="},"public":{"type":"Buffer","data":"TPlvxJFVcMQ4PmTMViucHp/G/rd29a2MvTT07UT+ezY="}},"signedIdentityKey":{"private":{"type":"Buffer","data":"gHKSIa1QTz8NXQkP0keuWbf4DVvSVApKA0TUyGWC1Hk="},"public":{"type":"Buffer","data":"jkYxWlwcOHPTSVlJMrm4HHa92IdYNfb2aUt5DTyKkws="}},"signedPreKey":{"keyPair":{"private":{"type":"Buffer","data":"UBDKNLcD7Oax16zMboZ842OcAaBvBHeYNnOf6llYHHY="},"public":{"type":"Buffer","data":"Scx/IxQyumXgpg/8VX7wHv6Ie95mkAFt25x487amQEs="}},"signature":{"type":"Buffer","data":"yS5JjaEBoIpd9FV3SOQ7Mt8rFTIZac26RigdfCYPPL/GJwOophBd+euYDJ078YgA806M+5FtpnHhqZVe4WOnhw=="},"keyId":1},"registrationId":245,"advSecretKey":"Iq71v/zKTrx9Q+G2uyTMsUafAS/1fm9GmtL2deusZ1k=","processedHistoryMessages":[{"key":{"remoteJid":"94774589636@s.whatsapp.net","fromMe":true,"id":"D641E9FA0A10340CCEE4F627303C57F2"},"messageTimestamp":1752463763},{"key":{"remoteJid":"94774589636@s.whatsapp.net","fromMe":true,"id":"29B6247C8F5F7AE583A7A11231ADE9A8"},"messageTimestamp":1752463764},{"key":{"remoteJid":"94774589636@s.whatsapp.net","fromMe":true,"id":"56E980F3280C5CD486E4B4066DF08DA1"},"messageTimestamp":1752463770}],"nextPreKeyId":65,"firstUnuploadedPreKeyId":65,"accountSyncCounter":1,"accountSettings":{"unarchiveChats":false},"deviceId":"Ohkw7hD2Tj-XnLsNcXxRGA","phoneId":"34252390-8385-42d6-860c-72b5f1d267f5","identityId":{"type":"Buffer","data":"iERgvN3AE2tJcALRP4nMbmS1lQI="},"registered":true,"backupToken":{"type":"Buffer","data":"lGSh8CKmLWRrwUiTm3HGIxWe7NY="},"registration":{},"pairingCode":"NK8F2FQW","me":{"id":"94774589636:29@s.whatsapp.net","lid":"280642373824754:29@lid","name":"ルクシャン"},"account":{"details":"CKamjPIGEIHz0cMGGAIgACgA","accountSignatureKey":"eGuFBXYhkOlrSVoB2efJxqVnUCRSu8LNMeNJaLgE4G0=","accountSignature":"rWE9uxrg4xfyd2+MLHm1MgXqnT0msL/SzDPayu7jGRzIdFbaBR1eUPam2w1/vdZ7lJKfEDZ/YS+Rx2lc/p9eBw==","deviceSignature":"6sterHB/EeFSDQOtzvx90GH03jChnR6Jlc6jWpTjcEEKtO3TWfJUPm3SIFwqX8VWzGeJ6pJqzeg0hlCfD4HZjA=="},"signalIdentities":[{"identifier":{"name":"94774589636:29@s.whatsapp.net","deviceId":0},"identifierKey":{"type":"Buffer","data":"BXhrhQV2IZDpa0laAdnnycalZ1AkUrvCzTHjSWi4BOBt"}}],"platform":"android","routingInfo":{"type":"Buffer","data":"CBIIAg=="},"lastAccountSyncTimestamp":1752466737,"lastPropHash":"2V77qU","myAppStateKeyId":"AAAAAELc"}