{"noiseKey":{"private":{"type":"Buffer","data":"IDqJktUkaO8Kb738hamNVqUTozd5AN1vstszUvNUY14="},"public":{"type":"Buffer","data":"E90ExKITBT/9koV05VSKgkxLrTYDpXjGJwo5+PQJ2i4="}},"pairingEphemeralKeyPair":{"private":{"type":"Buffer","data":"QJ8OE7LMZJEERqQTchmCtqK3OnQJ2rf5ehuQG0S2EVo="},"public":{"type":"Buffer","data":"Znn45sJa2RyCrjEp70Er7w6NkYDLmE9t/Z2ruaMqjk0="}},"signedIdentityKey":{"private":{"type":"Buffer","data":"QLgCrUNFO0JfaKtPZR52M66mzdMoFmbbS/sO0LD4in8="},"public":{"type":"Buffer","data":"Ot2DjOJJKeI9VorYCaTobA95Gd/Owqe/5Oh0rMAlLG4="}},"signedPreKey":{"keyPair":{"private":{"type":"Buffer","data":"8JBQzgec9W/8HByBv37/+IjbE+aIEAwQweOcA5djlVQ="},"public":{"type":"Buffer","data":"bST10Y9ka0Wh8kLt5M6BPt1XKF17R6cByDDCM/tGlSo="}},"signature":{"type":"Buffer","data":"DMo28HgjWsnXX+ATin/Ikc7CYlTDziZJ4UHSiY2NRsk5ifgPMZ75beHP3q2SwyBln92Ji9zz/NikQDr3bJb5Bg=="},"keyId":1},"registrationId":137,"advSecretKey":"NL5B1wxthxzxAfI077ICBd09dquFnax9zdWAojUzwoA=","processedHistoryMessages":[{"key":{"remoteJid":"94775257932@s.whatsapp.net","fromMe":true,"id":"498B1A67F471F9D019288481C1053475"},"messageTimestamp":1751740276},{"key":{"remoteJid":"94775257932@s.whatsapp.net","fromMe":true,"id":"7C7C15CB4644DC819788061CDCF79C9E"},"messageTimestamp":1751740276},{"key":{"remoteJid":"94775257932@s.whatsapp.net","fromMe":true,"id":"06B893F7A73C676A7AB5AB645DD95F73"},"messageTimestamp":1751740279}],"nextPreKeyId":461,"firstUnuploadedPreKeyId":461,"accountSyncCounter":1,"accountSettings":{"unarchiveChats":false},"deviceId":"8qJLNsdkT1GpmwTqzbQ5Jg","phoneId":"1bf12603-6cfa-4b8c-ae32-8992c0dbddd1","identityId":{"type":"Buffer","data":"wDJ1tq5tEVMcG4d1EpXK9tfbttw="},"registered":true,"backupToken":{"type":"Buffer","data":"VokSiPipwdV9E+iH8ksFQpn6F+8="},"registration":{},"pairingCode":"9XS3PT1E","me":{"id":"94775257932:2@s.whatsapp.net","name":"vishva himsar","lid":"70236153868322:2@lid"},"account":{"details":"CMzYhqsCEOXepcMGGAEgACgA","accountSignatureKey":"TlW2esG6g0MPIB6MppLCDouTiabTvx8pn4qppt1WrjA=","accountSignature":"esMlG73wdfx5rxwppSr6vK7FvQmKzO0VPVngBcoWs3fW2RiyRW0WzzHX0jOWeTotZkRefqxt4eztvLccdtrDCw==","deviceSignature":"jVU16LArohIbKh4pY04/qYzLn6pY7L1b1/Qrcadk/5//vlZdC9Eb18iP77L5YSpBKOyfZglAkHdyZ0qK/N5eAw=="},"signalIdentities":[{"identifier":{"name":"94775257932:2@s.whatsapp.net","deviceId":0},"identifierKey":{"type":"Buffer","data":"BU5VtnrBuoNDDyAejKaSwg6Lk4mm078fKZ+KqabdVq4w"}}],"platform":"smba","routingInfo":{"type":"Buffer","data":"CAUICA=="},"lastAccountSyncTimestamp":1751771757,"lastPropHash":"3R9Z39","myAppStateKeyId":"AAAAANb0"}