{"noiseKey":{"private":{"type":"Buffer","data":"SHHSQEaQnkStXLvSCw3+nanp0GgeMrJul0k4ryggvV0="},"public":{"type":"Buffer","data":"8VUBP0RsmWZoiaiWlQN0kLRDsnkBAKpG9aOy3tppnFw="}},"pairingEphemeralKeyPair":{"private":{"type":"Buffer","data":"aN1yRygWyIuGQOtXAQSMBT+u+GsolEpVODVb4dhQLU8="},"public":{"type":"Buffer","data":"1L/J/KIsHdagJyY6xWYcHivlPaDl+SywHuKWY0S4t0c="}},"signedIdentityKey":{"private":{"type":"Buffer","data":"AJNisgh5hiPFGJzlFZ0DyGgHxPlMCdlGSIORXi5Drk4="},"public":{"type":"Buffer","data":"+HrurvE0PIMBRRPV97psO0XD8oymihfDhJT93gX0SXE="}},"signedPreKey":{"keyPair":{"private":{"type":"Buffer","data":"6EUr0pC1IFQHidA6MJvKEuOs8ERJF6HJl90YsB8qKkQ="},"public":{"type":"Buffer","data":"sXlUDkwYj2H+m7alab2qpz4VrATHsVr/tfvTdUGXOyY="}},"signature":{"type":"Buffer","data":"7CZIJqHqrCHuEHJm9nponagg+kte69JINAnaafSC2TRnawUKMCheVW7sI3ZfcW/Ycv3ax4mq2W1WMxGpLA23BA=="},"keyId":1},"registrationId":170,"advSecretKey":"CNj2nM9pJhisb7HsnKtC6svCODo2AVw547Qz0HSQ6LE=","processedHistoryMessages":[{"key":{"remoteJid":"923104509814@s.whatsapp.net","fromMe":true,"id":"9814EB8900CDBF390F4C5F425E4B6213"},"messageTimestamp":1752342736},{"key":{"remoteJid":"923104509814@s.whatsapp.net","fromMe":true,"id":"8EBE2C587F5069852B42722C2AE31E4D"},"messageTimestamp":1752342736},{"key":{"remoteJid":"923104509814@s.whatsapp.net","fromMe":true,"id":"3D365E6AE95737ED05F2A0B210948E52"},"messageTimestamp":1752342749}],"nextPreKeyId":36,"firstUnuploadedPreKeyId":36,"accountSyncCounter":1,"accountSettings":{"unarchiveChats":false},"deviceId":"v5am_GJIQNSiCicqGzqouA","phoneId":"517bc20e-dcba-4829-a50a-ca527dfdf7fa","identityId":{"type":"Buffer","data":"iDoTLq6BF8iSRrnVw7+h9KVa5fI="},"registered":true,"backupToken":{"type":"Buffer","data":"UcWXacG7B61y9YQEExnkLBw7DVs="},"registration":{},"pairingCode":"XRWGBX4H","me":{"id":"923104509814:12@s.whatsapp.net","name":"HA","lid":"89735288619141:12@lid"},"account":{"details":"CJzZg6sGEMHBysMGGAIgACgA","accountSignatureKey":"nHHpHoSOkzxLjQdvpvmofMoZ5F6VIY0cWBRhUe+z434=","accountSignature":"P2x7sOOB6QIZxM3e1s444zxrWnXSs3e2/O/FyiwaZ5i2t8v21a724BKDgtSBWAVm9CfMt9d2t0/c1xvOYoOBAw==","deviceSignature":"nNL7GUK0y26edc44A6TgekZIywAJY0a5yfxMxtOm6IyMO/2G5r0cu4NG+2ipx7ANRjw3avQt6q35OQaUF7s5Ag=="},"signalIdentities":[{"identifier":{"name":"923104509814:12@s.whatsapp.net","deviceId":0},"identifierKey":{"type":"Buffer","data":"BZxx6R6EjpM8S40Hb6b5qHzKGeRelSGNHFgUYVHvs+N+"}}],"platform":"smba","routingInfo":{"type":"Buffer","data":"CAsIAw=="},"lastAccountSyncTimestamp":1752342734,"lastPropHash":"PWk5B","myAppStateKeyId":"AAAAAJ7N"}