{"noiseKey":{"private":{"type":"Buffer","data":"wFeL6N41DvNav4UDrSXP1v3MreuYS0KbsPN0jt8jAWI="},"public":{"type":"Buffer","data":"awcCE9ZJaV8FmrEoq3W6CXiiQKuwz6m8F2qEIhqu5mA="}},"pairingEphemeralKeyPair":{"private":{"type":"Buffer","data":"ILkyj0hNDuxlneeg+MVAD0bAb4EduybGAPP52WihNVg="},"public":{"type":"Buffer","data":"C+mHAVu+bsBLJSE9T9/5Nn2b+0JccExpmqIc0VOMpS0="}},"signedIdentityKey":{"private":{"type":"Buffer","data":"qMjZqgt9mneyrSsb+U3kV4BHlmo4g8AU4DNi0IUdwl0="},"public":{"type":"Buffer","data":"y9tZON4nDbsRTZhhDLlMLyH1fQBnCrZdoNIQ6B4yI0U="}},"signedPreKey":{"keyPair":{"private":{"type":"Buffer","data":"oBsluuzmGhdaI3z0KAhYkYlx5y0QJw4L2QGWZSAt4VU="},"public":{"type":"Buffer","data":"QSyekhXGvUNA2YWMlU/iDk/17Wii/VLhA/UjJ6h6Rwc="}},"signature":{"type":"Buffer","data":"L/o9XurUXmJA7GWmwPVantn7Iw09rVi+6tmB20+iIeQYQuSq0OdC5xbpSI2xM2j9smFNDdQkMMXOJSy/uEwugA=="},"keyId":1},"registrationId":121,"advSecretKey":"Fn+cvwTMo3PZ4DICMotqtY5iAA8jIPS/buS/aCgs6SQ=","processedHistoryMessages":[{"key":{"remoteJid":"94759026010@s.whatsapp.net","fromMe":true,"id":"B578E04FA4BFFD4EB2C40D7E4CAFD113"},"messageTimestamp":1752500569},{"key":{"remoteJid":"94759026010@s.whatsapp.net","fromMe":true,"id":"354BD7165D93464C019B0DAD2B3AD7BE"},"messageTimestamp":1752500569},{"key":{"remoteJid":"94759026010@s.whatsapp.net","fromMe":true,"id":"F956908EA1A7ED0F0EDE535A9120A763"},"messageTimestamp":1752500596},{"key":{"remoteJid":"94759026010@s.whatsapp.net","fromMe":true,"id":"7868437DCAE939D0BFF4B24EFED42B2C"},"messageTimestamp":1752500638},{"key":{"remoteJid":"94759026010@s.whatsapp.net","fromMe":true,"id":"444BA933A617F1CFF1B55781B6792103"},"messageTimestamp":1752500652},{"key":{"remoteJid":"94759026010@s.whatsapp.net","fromMe":true,"id":"E03A66C17AA741D85EF616E2303C021A"},"messageTimestamp":1752500666},{"key":{"remoteJid":"94759026010@s.whatsapp.net","fromMe":true,"id":"CC0573238A7554E719B418922DE2DD18"},"messageTimestamp":1752500689},{"key":{"remoteJid":"94759026010@s.whatsapp.net","fromMe":true,"id":"0115ADBA4A87F3F3EC75DB8134898F86"},"messageTimestamp":1752500691},{"key":{"remoteJid":"94759026010@s.whatsapp.net","fromMe":true,"id":"1504ACFFA59BEDB91CA451C47F0BF404"},"messageTimestamp":1752500701},{"key":{"remoteJid":"94759026010@s.whatsapp.net","fromMe":true,"id":"6CF7DA35475F338B8445CA8952B2F574"},"messageTimestamp":1752500703},{"key":{"remoteJid":"94759026010@s.whatsapp.net","fromMe":true,"id":"0581C36E75A6533CCD417AA010F8CDBC"},"messageTimestamp":1752500720}],"nextPreKeyId":31,"firstUnuploadedPreKeyId":31,"accountSyncCounter":1,"accountSettings":{"unarchiveChats":false},"deviceId":"xDzouDT4RCeWfy1_0ZpK6g","phoneId":"047087f7-d6eb-4739-a9ec-347808f149f5","identityId":{"type":"Buffer","data":"VnsPrcTtuoo/FUp/J90zJ2+vJgE="},"registered":true,"backupToken":{"type":"Buffer","data":"9pVYxGW+YehK5nnXPPndIDeRCFw="},"registration":{},"pairingCode":"RFE28TZC","me":{"id":"94759026010:9@s.whatsapp.net","name":"Kaweesh.","lid":"239775692898509:9@lid"},"account":{"details":"CKqB+Z0BEMSS1MMGGAEgACgA","accountSignatureKey":"gkKRDvq15JC3zKyXp+Ca1Ywvp7MOHb0Xg15ZFLChL3g=","accountSignature":"jXAc6Czr7fZnrupQp8ALK+TWEjCMjByI1ETMfQNmnn6OfpCDUjYlwVCxSxahO7o6YwSuuuujToU2iOui4KBwDA==","deviceSignature":"eDy1jW0+/Lw5vRfrIOAFo2Wdr9noAeJwddmUUfC2MlAReqXeZXvjs9feCUJdpuGPfh3EfPv9clvl5cU0ERi4iA=="},"signalIdentities":[{"identifier":{"name":"94759026010:9@s.whatsapp.net","deviceId":0},"identifierKey":{"type":"Buffer","data":"BYJCkQ76teSQt8ysl6fgmtWML6ezDh29F4NeWRSwoS94"}}],"platform":"smba","routingInfo":{"type":"Buffer","data":"CAMIAg=="},"lastAccountSyncTimestamp":1752500668,"lastPropHash":"1K4hH4","myAppStateKeyId":"AAAAAEIn"}