{"noiseKey":{"private":{"type":"Buffer","data":"SDE2O3GpEnN8TL0eOAzZI+xP0sNkSiFS/wr5S8xBHnA="},"public":{"type":"Buffer","data":"1c1yI7c6kiQ7N1y+vYLHOaL58GWOQklSEBFEqPsegHw="}},"pairingEphemeralKeyPair":{"private":{"type":"Buffer","data":"cPa2gONUbOnG8Xsil+x+OeooydKcmJ5ChOvOnOpD2ks="},"public":{"type":"Buffer","data":"2klDWYwfJESJQosn7YlMycz3+b+xiclMx7YztV2IpX8="}},"signedIdentityKey":{"private":{"type":"Buffer","data":"mKOJjwNu73WnHi74z1rl+SLF4agDgjuB5fu9wj68VUc="},"public":{"type":"Buffer","data":"HEd5V6nQJ7OLTOAzZSE0BSQ58f9uephF1u0TS3eOzBQ="}},"signedPreKey":{"keyPair":{"private":{"type":"Buffer","data":"SF/Wfz5xf2ZzUgUlh3RVcPMkK2LQkkC1m1l9+CxMHnY="},"public":{"type":"Buffer","data":"dTBXTyDBlXZYo+8vkCOr3PV3KhBsICGkxisJXRbqH2M="}},"signature":{"type":"Buffer","data":"bDdvaXnzqZK36/FgcqF3OQcRPHnXqhg7MjMAogSZomBhQljLx2suVQTHkc2gi6NbUj1KXulB6uO+b3G95ZRXiw=="},"keyId":1},"registrationId":27,"advSecretKey":"2PQkLXYhRLymJnwNsNfDsurFPO9CCRrWu+ODgAIpMNs=","processedHistoryMessages":[{"key":{"remoteJid":"967736762251@s.whatsapp.net","fromMe":true,"id":"ECC8E9DE3B005C80FA92F7DC63C0780F"},"messageTimestamp":1751793671},{"key":{"remoteJid":"967736762251@s.whatsapp.net","fromMe":true,"id":"364E6A5C5260270A9036E2D6A386005A"},"messageTimestamp":1751793672},{"key":{"remoteJid":"967736762251@s.whatsapp.net","fromMe":true,"id":"172AC0F09B91F4670C0453AC60C0C9BB"},"messageTimestamp":1751793677}],"nextPreKeyId":141,"firstUnuploadedPreKeyId":141,"accountSyncCounter":1,"accountSettings":{"unarchiveChats":false},"deviceId":"sx4clv7_SUOVj0zqpVjI_Q","phoneId":"f58ac9f7-4cd9-481c-8c5f-5d8296326dcf","identityId":{"type":"Buffer","data":"YjBWbzDg20w3nyiobO2NigzKk70="},"registered":true,"backupToken":{"type":"Buffer","data":"VvraqDOX5Eymo96ZGTJjz9EceHI="},"registration":{},"pairingCode":"235WQHHZ","me":{"id":"967736762251:15@s.whatsapp.net","lid":"141927731204271:15@lid","name":"H"},"account":{"details":"CPOikJsDEPj/qMMGGAEgACgA","accountSignatureKey":"TY/zQgGyVfxPNOGk29+spow1Es4uTrG3PrkjCJe3C3g=","accountSignature":"MivyyDP3BCSNurdYNCzh6qB8DKjem9QFF4vm9/76n+MCnbodhc3hBY2AE+ghz1xzwUz6KlwD4Z7Wx8yIV3A6BA==","deviceSignature":"pwMBRKBhAM79VbprsOlxu+3g5IcssYG5k5qNhjHSIgQrwD8oq91g8BaL5elH+ARr8/d0tk+3IUDcFFcWJl+nhw=="},"signalIdentities":[{"identifier":{"name":"967736762251:15@s.whatsapp.net","deviceId":0},"identifierKey":{"type":"Buffer","data":"BU2P80IBslX8TzThpNvfrKaMNRLOLk6xtz65IwiXtwt4"}}],"platform":"android","routingInfo":{"type":"Buffer","data":"CBIICA=="},"lastAccountSyncTimestamp":1751808569,"lastPropHash":"3gPUJk","myAppStateKeyId":"AAAAAITs"}