{"noiseKey":{"private":{"type":"Buffer","data":"2KKjJODTp172Ibe1Srdkme7y5dQ7/JlXMpzy1KXBLEM="},"public":{"type":"Buffer","data":"OIs1VhhT6AwYrTRORjHxA4MPMfc+S7cvrRuesZ/ksF8="}},"pairingEphemeralKeyPair":{"private":{"type":"Buffer","data":"SFVQQrcCQikkXFHp18RElofoJrM/j6V80qQVlQERl2I="},"public":{"type":"Buffer","data":"0oyEG7shUiYDLVWGUimF5o3hyAqOXKD78E8Lp1kxsTs="}},"signedIdentityKey":{"private":{"type":"Buffer","data":"qAS3y88MFK9gdtdgYMoBPtwOJ1Noz0nanFC30hDhHnU="},"public":{"type":"Buffer","data":"jAmofJ7J7Onl0AKuxYkXhZ9YkZ0z8TOJ21ijGjJrmls="}},"signedPreKey":{"keyPair":{"private":{"type":"Buffer","data":"4FwAN88DBvbuvjr1u66I/AfhgLRdMfQV4Tn49tm4Qk4="},"public":{"type":"Buffer","data":"YNavaWpLf/1+UAta6zJb2TQkQ9h/WD36RuW9eUuhXQ8="}},"signature":{"type":"Buffer","data":"/X8iYBL2pLIu3UM/d8POrGpjClw5RURAV3GyNNzd63Bj2ARal39w1AmK6yCSd2jQRXUbCwVu6pn6FHM/8Culjg=="},"keyId":1},"registrationId":152,"advSecretKey":"ka5aFOg6UBgYEF5QJkX5p9UsUR46cOWwW0lg9aiPCAs=","processedHistoryMessages":[{"key":{"remoteJid":"2347046979083@s.whatsapp.net","fromMe":true,"id":"3A1B8F3464905C5340C9"},"messageTimestamp":1752368590},{"key":{"remoteJid":"2347046979083@s.whatsapp.net","fromMe":true,"id":"3AD3D9637FBE35F9A501"},"messageTimestamp":1752368594},{"key":{"remoteJid":"2347046979083@s.whatsapp.net","fromMe":true,"id":"3A9DBF664241E7508D51"},"messageTimestamp":1752368611},{"key":{"remoteJid":"2347046979083@s.whatsapp.net","fromMe":true,"id":"3ACF5B3A8CF44DDACD94"},"messageTimestamp":1752368630},{"key":{"remoteJid":"2347046979083@s.whatsapp.net","fromMe":true,"id":"3A0A8A772CEDD810F3EA"},"messageTimestamp":1752368940},{"key":{"remoteJid":"2347046979083@s.whatsapp.net","fromMe":true,"id":"3A55B4D4AABF82DC3B47"},"messageTimestamp":1752368948}],"nextPreKeyId":31,"firstUnuploadedPreKeyId":31,"accountSyncCounter":1,"accountSettings":{"unarchiveChats":false},"deviceId":"dphSiiBYRsqBukA1V4zLkg","phoneId":"b667c503-5495-4497-a8ff-e0366d0c498a","identityId":{"type":"Buffer","data":"xKWXUjXz77DoiMnlWH/663iKx1I="},"registered":true,"backupToken":{"type":"Buffer","data":"BPzhRVYCGWsyiWi6AC09vL2VniQ="},"registration":{},"pairingCode":"DGZE3VB1","me":{"id":"2347046979083:18@s.whatsapp.net","lid":"173207575376020:18@lid","name":"M O L L Y🐦"},"account":{"details":"CKearcgMEKyLzMMGGAEgACgA","accountSignatureKey":"HUVc3REd3X2MLt6w1D39xIwheTu3zS4zfrRJdAbAb3c=","accountSignature":"poodtc2mPj/mRbqDz5zDUo+kk3noDXsz3Bxo0KjxzVaPIBwQKHVqxEe3xjcVnrGxV5Yr3uk9oDgZbxvlPLOuBw==","deviceSignature":"LGoVouedXmPMXWDu6pzeouXePYKGVA9n+sXIbLLgwik72SFaq2p2e4vqndcP69b8Fha58iGfzctOcN0IK57+iQ=="},"signalIdentities":[{"identifier":{"name":"2347046979083:18@s.whatsapp.net","deviceId":0},"identifierKey":{"type":"Buffer","data":"BR1FXN0RHd19jC7esNQ9/cSMIXk7t80uM360SXQGwG93"}}],"platform":"iphone","routingInfo":{"type":"Buffer","data":"CAMIEg=="},"lastAccountSyncTimestamp":1752368901,"lastPropHash":"2G4Amu","myAppStateKeyId":"AAAAAGu/"}