{"noiseKey":{"private":{"type":"Buffer","data":"IO8rToRr5emd1Ax3vdmSfdQ0QMvRfwsKgdLvrETsO1Q="},"public":{"type":"Buffer","data":"GQz7ewKxgTIKsomqnAQHQiAOzS3QYZUNNq7HGStEdEc="}},"pairingEphemeralKeyPair":{"private":{"type":"Buffer","data":"IBL1CsKLa4s5XMtpDwnXRRZDISVm9oo1vNnhgtFFeHU="},"public":{"type":"Buffer","data":"DGauLfF+HpH2a6ASB1B01QCXpJZ4J3GtImVaHJ4CtWw="}},"signedIdentityKey":{"private":{"type":"Buffer","data":"2EWfNqYCDzKobViyxmKMueXOelF8qek/82lfWLQ0bmc="},"public":{"type":"Buffer","data":"6mgYOQgN1Ia5j9LlZU/SHGYpW+90zEFUMNh2mui+UA4="}},"signedPreKey":{"keyPair":{"private":{"type":"Buffer","data":"4CZkbK267Lpe/BcMu3RnnDsO2IOPcLbCK6zoCK5/CEM="},"public":{"type":"Buffer","data":"v9aWP+8eKDS8hWWs46QYjs6Z14WsG1cj1ippINiUtnc="}},"signature":{"type":"Buffer","data":"GRXHb5TcWc/SeXjiOoT+tAaGoZjnriWJIq2f1wq+pJx1WbR2ypIKr/vbLs9dTzTL9W1IAbzhPV3w+YuBZ20fBg=="},"keyId":1},"registrationId":116,"advSecretKey":"obzCdkrWyB3h+MvEKNsR0U5NHjva7cqyFE21tovfYx4=","processedHistoryMessages":[{"key":{"remoteJid":"94773128427@s.whatsapp.net","fromMe":true,"id":"033EF340D7FB3731A5128A556CCB2279"},"messageTimestamp":1751732541},{"key":{"remoteJid":"94773128427@s.whatsapp.net","fromMe":true,"id":"C87E83E83CDB1BD13496DA428650518B"},"messageTimestamp":1751732541},{"key":{"remoteJid":"94773128427@s.whatsapp.net","fromMe":true,"id":"45120A3CB1FE3167511D7C027166D41B"},"messageTimestamp":1751732673},{"key":{"remoteJid":"94773128427@s.whatsapp.net","fromMe":true,"id":"6F80A653CA09885ED3DB7C402B529E2A"},"messageTimestamp":1751732690},{"key":{"remoteJid":"94773128427@s.whatsapp.net","fromMe":true,"id":"25FAAA7566B1071E875A3787C8FB57A6"},"messageTimestamp":1751732774}],"nextPreKeyId":437,"firstUnuploadedPreKeyId":437,"accountSyncCounter":1,"accountSettings":{"unarchiveChats":false},"deviceId":"Syp32Ou2Tda4FCiXO0qGVA","phoneId":"d6039d3f-df1c-414f-a632-7124ee26d5af","identityId":{"type":"Buffer","data":"wEibU4ffRqpP7jvfnkMTEKThaII="},"registered":true,"backupToken":{"type":"Buffer","data":"vBf7ax4xsFDfT7XCflrYJck/cmY="},"registration":{},"pairingCode":"ZMDRXR31","me":{"id":"94773128427:28@s.whatsapp.net","lid":"178533871702261:28@lid","name":".❤️‍🩹"},"account":{"details":"CPzeh+UCEKaipcMGGAEgACgA","accountSignatureKey":"kzDpkU84ikMvDm4B9QcyZJkC6qYmsLitqU7C/IwZOHk=","accountSignature":"zTcjx9RuMYTKTYIzqwQwPrHc38jLdBP1wX5cNZOdm1SSK3rTTZzefgIgG/tJJYNJmXn535XLWV7bt+pLrDYLAA==","deviceSignature":"XKEWOSlnM66WpeZuD8rOv7v7bqdLrrLgAikGXEKQO8WJe4bgVye3HYUQMSR6e3l4N8gCSG26IbY9v/iW/DBABw=="},"signalIdentities":[{"identifier":{"name":"94773128427:28@s.whatsapp.net","deviceId":0},"identifierKey":{"type":"Buffer","data":"BZMw6ZFPOIpDLw5uAfUHMmSZAuqmJrC4ralOwvyMGTh5"}}],"platform":"android","routingInfo":{"type":"Buffer","data":"CAgIEg=="},"lastAccountSyncTimestamp":1751737521,"lastPropHash":"2V77qU","myAppStateKeyId":"AAAAAM09"}