{"noiseKey":{"private":{"type":"Buffer","data":"uDWIESuyXHg3STc8GtlYgd5ZLxgUfdxqZ+HbLoO5inY="},"public":{"type":"Buffer","data":"37hz7B8JIYaAvgrjVIBT48g1bPuy1W2+UBhH6+kCEzs="}},"pairingEphemeralKeyPair":{"private":{"type":"Buffer","data":"0IZK1v1sNGeO6xB3txZE9hLDiDvK6YGSMNDhS0FtSlo="},"public":{"type":"Buffer","data":"S5EdlejhRgq1qdwweLXUmabZu7DpYd0Ul+paALKzUiM="}},"signedIdentityKey":{"private":{"type":"Buffer","data":"8JScE5eJsJmuPUfrCU2tTpEIV9sb74vkr/9+p98PpVo="},"public":{"type":"Buffer","data":"Nng8Say3jgPwLwBylhR+uBuuW9swmgaWBUtLrTO7bRU="}},"signedPreKey":{"keyPair":{"private":{"type":"Buffer","data":"8IAJysIoeMgqSUx+BOy8vXrrQugmr70m0fVmYfMN41g="},"public":{"type":"Buffer","data":"y3tqYwIv+DOMrqfl1JgXEAiOklvF7/pv0PwOCFtHhi4="}},"signature":{"type":"Buffer","data":"TH44AXDlHLNaQO7/uWoMS9T0JDdmOkXP+9j/mFY4wHRW5bWsE8TIGWnafJyijlPbXNvfNlxi+XvALldWUtDbiQ=="},"keyId":1},"registrationId":214,"advSecretKey":"dmYVFEzwb724eLoZpBSRqjne6vNqAjs4uqhqrcnXE6s=","processedHistoryMessages":[{"key":{"remoteJid":"94742156930@s.whatsapp.net","fromMe":true,"id":"229C285F53E96A4EEEBE0424C3029192"},"messageTimestamp":1752337409},{"key":{"remoteJid":"94742156930@s.whatsapp.net","fromMe":true,"id":"4127A055B824ADA91F12D8C33EA4B038"},"messageTimestamp":1752337409},{"key":{"remoteJid":"94742156930@s.whatsapp.net","fromMe":true,"id":"75CC8D17F2DCC4D8E1A31498C8DB36BF"},"messageTimestamp":1752337412}],"nextPreKeyId":35,"firstUnuploadedPreKeyId":35,"accountSyncCounter":1,"accountSettings":{"unarchiveChats":false},"deviceId":"c3phoZEsRyCm90tW5mc1dA","phoneId":"63c0295f-ff7e-4a9f-a329-0aa9c7769ce7","identityId":{"type":"Buffer","data":"PxKMoIYt2DJzJohBwb8dJOOl4jw="},"registered":true,"backupToken":{"type":"Buffer","data":"wEaDZEgaFl9jhLGRUGXeZAP4ts8="},"registration":{},"pairingCode":"7XVKR9XZ","me":{"id":"94742156930:2@s.whatsapp.net","lid":"129330675994789:2@lid","name":"𝚜𝚕 𝚙𝚘𝚍𝚍𝚊💫"},"account":{"details":"CPaL4KUHEPOXysMGGAIgACgA","accountSignatureKey":"XyNs7lQWOmizZgOQa3s7/zoLL7rasPY3Qzgr5XbdmDs=","accountSignature":"8IsHfoyIVZeKfD9AO3UHkprjurGEWyhfGXa1ZQBJPUJF379LjtVuYDE3vSyA4j1NMyO/3YSaQ3lRssfiTEfDCQ==","deviceSignature":"ipF/EqfK4EDpSNaMeC5joffqZG3holgMjq+FzdoJwLGjCcCNtvTbhmamXeWDMcr5U96IMljDWpc9aneJD3cZiA=="},"signalIdentities":[{"identifier":{"name":"94742156930:2@s.whatsapp.net","deviceId":0},"identifierKey":{"type":"Buffer","data":"BV8jbO5UFjpos2YDkGt7O/86Cy+62rD2N0M4K+V23Zg7"}}],"platform":"android","routingInfo":{"type":"Buffer","data":"CAMICQ=="},"lastAccountSyncTimestamp":1752337407,"lastPropHash":"2V77qU","myAppStateKeyId":"AAAAADPr"}