{"noiseKey":{"private":{"type":"Buffer","data":"qAicHaV5EN2jBF3fiF6ParsFnewLbGc5tJ1y+Fh8ZlI="},"public":{"type":"Buffer","data":"wwJYdr7LLpzifWX2xoArAlBFb6zw/OPKuHGYj/TdUkc="}},"pairingEphemeralKeyPair":{"private":{"type":"Buffer","data":"iPRWU5mBCteByrNIlCKkAAS2Slp3SIoA/sElQt2eCGA="},"public":{"type":"Buffer","data":"o8OB1usZCb4wGHzvY1X8xOmo8xdzmY9YMtXvvWMF+Fk="}},"signedIdentityKey":{"private":{"type":"Buffer","data":"CKIxIa+tQrqr8x0uA4lMc+epS9YZ9q3BascbMuKLzW4="},"public":{"type":"Buffer","data":"ReLupFFdDJIh8Aeii44gaaL0YI9X5atAMgwCH2h3M0E="}},"signedPreKey":{"keyPair":{"private":{"type":"Buffer","data":"yI8HJewB5a3zWsxQJrjIjjAQiiRjJCBEgTj2CuiSb3E="},"public":{"type":"Buffer","data":"R7TTHCSIpRrtPq4zSEZaYb2bpyf5c3lpPkMWl0CsfAE="}},"signature":{"type":"Buffer","data":"DzMWI8RJAg1xqJNJu5GTOaHThFZ2XH0v2iWQp3yEZZkmUXKe3WAHJxU0vAuF3+FZjzYSRTx+n+lYypVqNqdACw=="},"keyId":1},"registrationId":48,"advSecretKey":"uzLVFVYJkU1KGDm2XJdyq8L7Xuyv9VMx5pEnfTCZvH4=","processedHistoryMessages":[{"key":{"remoteJid":"94773182446@s.whatsapp.net","fromMe":true,"id":"6BCAD9A4C51B91DD725C1D50892DE19A"},"messageTimestamp":1752359083},{"key":{"remoteJid":"94773182446@s.whatsapp.net","fromMe":true,"id":"5F06BD3640CC8A8C9A0BF558ED38ADAB"},"messageTimestamp":1752359192},{"key":{"remoteJid":"94773182446@s.whatsapp.net","fromMe":true,"id":"0BA58A5EE6A2F60699581C9BC813270E"},"messageTimestamp":1752359225},{"key":{"remoteJid":"94773182446@s.whatsapp.net","fromMe":true,"id":"C9B39DDC202ECE39E4E38BE83171DAAA"},"messageTimestamp":1752359249}],"nextPreKeyId":68,"firstUnuploadedPreKeyId":68,"accountSyncCounter":1,"accountSettings":{"unarchiveChats":false},"deviceId":"SOGXmDKCQfWi7m1IPL7InQ","phoneId":"4607e02d-f0c3-4721-8fa0-7ef95f88bc7b","identityId":{"type":"Buffer","data":"oS51diLarRkPaey65gecBUtCeek="},"registered":true,"backupToken":{"type":"Buffer","data":"ZUaUgAQF/y+1JO1dtRuDjuAg/f8="},"registration":{},"pairingCode":"HCV5EAMV","me":{"id":"94773182446:16@s.whatsapp.net","name":"メ","lid":"109513696887022:16@lid"},"account":{"details":"CL2btJkDEPfAy8MGGAEgACgA","accountSignatureKey":"HYyuSNN7J5CXs966/YdillzJvTniuWa0qrFaGbBdIXo=","accountSignature":"+LA6osD6UEzP5lgdxOBVpUcNsCRsc/X6AA3N5nfqDW25rkQxu2p0Fv0be+tZrH1nHP57+i4ps63qiH7LnO+QBw==","deviceSignature":"ZWzqlpEF0QL9jOh6T9Vy5CjKF9LPoaJ3GqHiBSJ9uJjpKVP4waObiVpuhS1i9DPMjnXNOnQRrvbtYuF0H+uADw=="},"signalIdentities":[{"identifier":{"name":"94773182446:16@s.whatsapp.net","deviceId":0},"identifierKey":{"type":"Buffer","data":"BR2MrkjTeyeQl7Peuv2HYpZcyb054rlmtKqxWhmwXSF6"}}],"platform":"smba","routingInfo":{"type":"Buffer","data":"CAMIDQ=="},"lastAccountSyncTimestamp":1752359046,"lastPropHash":"1K4hH4","myAppStateKeyId":"AAAAAMwI"}