{"noiseKey":{"private":{"type":"Buffer","data":"6NECl1gAD88iHuSN1vDaY1R1IADG1PtdXgTvN+s5vGA="},"public":{"type":"Buffer","data":"0z8Q7y/YXiSHNlLpDz6TWHRB9AumdmzsxYOS1onYwyo="}},"pairingEphemeralKeyPair":{"private":{"type":"Buffer","data":"GKeCo1URGEcM4KZpfq4Yo4XOqfKDzuIOXTGz4XTn4VE="},"public":{"type":"Buffer","data":"e/pfYToXPPtWPEHvYFPBEdiS1rZCLJFS0yAK7SqnkTg="}},"signedIdentityKey":{"private":{"type":"Buffer","data":"kD5NI6RA0dcSll+rOmkqj94ApNSqdZisKzvudDeslnc="},"public":{"type":"Buffer","data":"s21HBaGX28D/BkZil8a90/s1TrX/XzvgTX9Vu8wUm3o="}},"signedPreKey":{"keyPair":{"private":{"type":"Buffer","data":"6E8l3oqEcSGJI33hzzgnpw8bO8JK6yAr0lPXR9kkqmk="},"public":{"type":"Buffer","data":"exlCiEFe7hAxRIa/6BnxgDl7xHheHUirYzUM+ojVeSE="}},"signature":{"type":"Buffer","data":"gWZk8JwzBd2UZtLFHa8T2NLp0irkcfO50O2TWWMoZNwN63269abCSdzFvm0Y3VHK2yD3cgWxNtZQ3OWY+IJ2Dg=="},"keyId":1},"registrationId":198,"advSecretKey":"ZlDkVZ9d1b8v3ucPzqh72l/mvr7lACPdFAkdENF0yY0=","processedHistoryMessages":[{"key":{"remoteJid":"94778315507@s.whatsapp.net","fromMe":true,"id":"A0C4CA69C3716D77C81AC56EC9B8EB54"},"messageTimestamp":1751952399},{"key":{"remoteJid":"94778315507@s.whatsapp.net","fromMe":true,"id":"DB8B97A13F506A7836A004822E2A98FC"},"messageTimestamp":1751952400},{"key":{"remoteJid":"94778315507@s.whatsapp.net","fromMe":true,"id":"F37731B3A87DC30956EF161F346CBFD0"},"messageTimestamp":1751952413}],"nextPreKeyId":131,"firstUnuploadedPreKeyId":131,"accountSyncCounter":1,"accountSettings":{"unarchiveChats":false},"deviceId":"8oKKaVOrT1aXnpZlbgbyYQ","phoneId":"89ca2c69-5d7e-4ed9-83dc-28b885169e6d","identityId":{"type":"Buffer","data":"VX4vH3wyWHKvpDrZvcUtRVR4qrg="},"registered":true,"backupToken":{"type":"Buffer","data":"9gjUz6XJNN4cjShEBPVyjs4n0uo="},"registration":{},"pairingCode":"J1W8NPG3","me":{"id":"94778315507:3@s.whatsapp.net","lid":"31533767332042:3@lid","name":"𝘙𝘐𝘠𝘌𝘓 𝘋𝘈𝘎𝘈𝘠𝘈𝘏"},"account":{"details":"CMTZ9eAEEP3XssMGGAEgACgA","accountSignatureKey":"Q0QsvRfL7IhBi4qoZjbbAb3GcC16Q+9MQ07YH7ju0WQ=","accountSignature":"SNIv5ivnmRjHlXFnKhFS+QzqCPHWNwsCcpYfm/UR+Dd9FDqjgFDcYZbu4yR8QQTZTZ1RE3h9r4qRLwIUnzTRCw==","deviceSignature":"o7hDM+G63Y9Dp5RNSUsOrHadKUjhuHzoQH3PjGlWPlLsxGThezq9DTRCTHCdVFYd/B1g5a6Jaq/B6wSW4Jj6AQ=="},"signalIdentities":[{"identifier":{"name":"94778315507:3@s.whatsapp.net","deviceId":0},"identifierKey":{"type":"Buffer","data":"BUNELL0Xy+yIQYuKqGY22wG9xnAtekPvTENO2B+47tFk"}}],"platform":"android","routingInfo":{"type":"Buffer","data":"CA0ICA=="},"lastAccountSyncTimestamp":1751985678,"lastPropHash":"1K4hH4","myAppStateKeyId":"AAAAAPLU"}