{"noiseKey":{"private":{"type":"Buffer","data":"sCfbu7lRJdNbk9+a7gLu8yUfzxqozHLwyry+aK3Xf0Y="},"public":{"type":"Buffer","data":"yAApXVgNzvB9eN9hDTDR+DdmiFW17m192WMODStYGj4="}},"pairingEphemeralKeyPair":{"private":{"type":"Buffer","data":"cD/iBidh3prtKC5/ZsmIN50sEeApvdjshC3YLLDSg3g="},"public":{"type":"Buffer","data":"Sbct+VppSTB16TVKA5jkj97/KfQOQFKeg7bcQYmXazQ="}},"signedIdentityKey":{"private":{"type":"Buffer","data":"aBxnuKSizaKIJcIOf/FSKp6VFLJr2uFXF+ccjBjuqEU="},"public":{"type":"Buffer","data":"swYeuBwcmGwAFbUNX3Ob6UyiHA3HLF+Co+pAowRR/n8="}},"signedPreKey":{"keyPair":{"private":{"type":"Buffer","data":"UFLWaBGtZDScT0H6Q9rZT1YelUDyxiBRVr/X+2roRng="},"public":{"type":"Buffer","data":"YtMBR874+FvV3cp1Mp90nN5oAOyQn1MRN53uNePBNRQ="}},"signature":{"type":"Buffer","data":"srTxXhjMgrmoewrzTi8gOhiyBMDRDJSiCBrPz+2yEXWVYD4nLxKepNCe83uAWt8qHCvpvY73JT6OpxutydiKiw=="},"keyId":1},"registrationId":2,"advSecretKey":"jomL56IDYFDzU4BJT+KI8geelOsraZE9w0OB6eyulb8=","processedHistoryMessages":[{"key":{"remoteJid":"94785886000@s.whatsapp.net","fromMe":true,"id":"26062D80B4E7D378773191252F2391F1"},"messageTimestamp":1751738692},{"key":{"remoteJid":"94785886000@s.whatsapp.net","fromMe":true,"id":"4A27706F1939BFF56527DB5F57A6FF5D"},"messageTimestamp":1751738710},{"key":{"remoteJid":"94785886000@s.whatsapp.net","fromMe":true,"id":"5F3EB53DB6E62567E0ADE341AC745494"},"messageTimestamp":1751738770},{"key":{"remoteJid":"94785886000@s.whatsapp.net","fromMe":true,"id":"6DB9E7738EB876CF15044AE3C5A5E198"},"messageTimestamp":1751738820},{"key":{"remoteJid":"94785886000@s.whatsapp.net","fromMe":true,"id":"78EB925F60B7098BAAD0BF4DBA5D0240"},"messageTimestamp":1751738848}],"nextPreKeyId":34,"firstUnuploadedPreKeyId":34,"accountSyncCounter":1,"accountSettings":{"unarchiveChats":false},"deviceId":"bYlpNCByTmK9XpKDCc92LQ","phoneId":"8fc4c4b6-331c-4fec-866c-5898392f1f50","identityId":{"type":"Buffer","data":"ZmYlO8yucZUIeZcVAIuyal3hoZE="},"registered":true,"backupToken":{"type":"Buffer","data":"ABOE7xNXPHbGNzODRUkMEMltOmU="},"registration":{},"pairingCode":"XX366SW7","me":{"id":"94785886000:16@s.whatsapp.net","lid":"142043846307951:16@lid","name":"𝐃𝐔𝐋𝐀 | 🐤🌸²ⁿᵈ"},"account":{"details":"CLXrxZwBEKnSpcMGGAEgACgA","accountSignatureKey":"dC3M8pPbUXyLRHk4juGSbYAZC613qyx58o1/mHWZO1g=","accountSignature":"UHF6iEa41KG1mS7EEb6EY9oMX9y8UtwmZdTazkATXtn+JeAanh3SWVHGaPy4o6d1bnkGB/2DJ1jxBc0ucee9Cw==","deviceSignature":"O6B+74Cfxma7towSmwMx7LbmvdPEeWLQ78bGbgrOLZjTghkV5M5JtYtcp36sWW08/9V1vflORfLrVFkfzlojgg=="},"signalIdentities":[{"identifier":{"name":"94785886000:16@s.whatsapp.net","deviceId":0},"identifierKey":{"type":"Buffer","data":"BXQtzPKT21F8i0R5OI7hkm2AGQutd6ssefKNf5h1mTtY"}}],"platform":"android","routingInfo":{"type":"Buffer","data":"CAgIEg=="},"lastAccountSyncTimestamp":1751738677,"lastPropHash":"1K4hH4","myAppStateKeyId":"AAAAAJLN"}