{"noiseKey":{"private":{"type":"Buffer","data":"EBrsn+7tBTv03OAy50j9/MXNtPg4gpxf8Nb7Zhjhjnc="},"public":{"type":"Buffer","data":"FGoL1oAWPaOvVspDjKakE+w0MiI+eYUYxmSLU5+z/G4="}},"pairingEphemeralKeyPair":{"private":{"type":"Buffer","data":"AD67x47QUcq2rWt2syc1DQD73FZpG1Tgwvhfl7YpjU8="},"public":{"type":"Buffer","data":"uW83GixZjMgG2lmrjG1BcdstyVGE8ElhmmR+IVPFXh8="}},"signedIdentityKey":{"private":{"type":"Buffer","data":"MPwPDnyQZY1PChIzvitBMwidlMsbZchcJeq/can6W0U="},"public":{"type":"Buffer","data":"4H0AqTmFPVFrhRrjhUrVsa9j8SNlmtDPDr+gvyV5BV0="}},"signedPreKey":{"keyPair":{"private":{"type":"Buffer","data":"oEXAxk9qD0Y8ST/Ff8C6vENrRKafMepD93x9TEj+72s="},"public":{"type":"Buffer","data":"nSRBtEkkLcqroqwrVzBSOtingOBuChGvca7QRMguEww="}},"signature":{"type":"Buffer","data":"yghc2odPmcvvYIT1K+dowHV+echXnTABJ0AfKz8AMW75unUlu98G8cv2oSVU/hi7/P8qJvaWSCeLwfy4MUoXBQ=="},"keyId":1},"registrationId":53,"advSecretKey":"tkqVOp+zebsqG/iRhUxVuqRA9Lb5k8w+dw4XsGMLp6c=","processedHistoryMessages":[{"key":{"remoteJid":"923127236578@s.whatsapp.net","fromMe":true,"id":"F4E0D639A1A2A14B230769F7F1A531B9"},"messageTimestamp":1751803044},{"key":{"remoteJid":"923127236578@s.whatsapp.net","fromMe":true,"id":"FC8EE420F37C53AB3AAEC8762F5CA1CD"},"messageTimestamp":1751803045},{"key":{"remoteJid":"923127236578@s.whatsapp.net","fromMe":true,"id":"BDC66F8BB89173591B34E7AA32B22711"},"messageTimestamp":1751803084}],"nextPreKeyId":80,"firstUnuploadedPreKeyId":80,"accountSyncCounter":1,"accountSettings":{"unarchiveChats":false},"deviceId":"xiMMP7fxSHOYBBTKom1T2A","phoneId":"eb10da6d-91d1-40c1-b52b-1b04169ca69d","identityId":{"type":"Buffer","data":"5s4YwhWAstWp25ZYlz64/rnvyew="},"registered":true,"backupToken":{"type":"Buffer","data":"labp3zMtstWaLrgBflJoXzWW3Ag="},"registration":{},"pairingCode":"CSWES987","me":{"id":"923127236578:5@s.whatsapp.net","lid":"162350334243007:5@lid","name":"𝑯𝑨𝑺𝑺𝑨𝑵 𝑳𝑬𝑮𝑬𝑵𝑫"},"account":{"details":"COPriZkBEIjJqcMGGAEgACgA","accountSignatureKey":"PZvb25Kl2k6F2ByBlGoMYaMM5M2jpmdGgCSqizP3iVE=","accountSignature":"GKdVXQMd84bv5A9hIinkxdWNKqB8MzZCl8AjPD+ZRe6LMrQu9BzDJooGhPJCcZX6w4mSMlvNf+EqiHAVDDAwDw==","deviceSignature":"k73sjim2jom/pGGUq/15tetxGNHRwTSAtHLRZ0Unvv5tuiHtorkKxRAjnEcKG7W5KLLFi+MFbkL2B39t8hM5Ag=="},"signalIdentities":[{"identifier":{"name":"923127236578:5@s.whatsapp.net","deviceId":0},"identifierKey":{"type":"Buffer","data":"BT2b29uSpdpOhdgcgZRqDGGjDOTNo6ZnRoAkqosz94lR"}}],"platform":"android","routingInfo":{"type":"Buffer","data":"CAIIDQ=="},"lastAccountSyncTimestamp":1751808572,"lastPropHash":"PWk5B","myAppStateKeyId":"AAAAAJeo"}