{"noiseKey":{"private":{"type":"Buffer","data":"4NhsyvHOACPHwRBZoyg3MqCkB5luT/emP8bZxuYh0ls="},"public":{"type":"Buffer","data":"ojz5vAMlt2IoFCydFjmJiq7QAFM4kc4OCQVcD0aKL0E="}},"pairingEphemeralKeyPair":{"private":{"type":"Buffer","data":"SJXrN6ekCVp6wkjHp3aECt0jxO3WBYCAVkfyNhj1u1g="},"public":{"type":"Buffer","data":"KH8WMcxTsYBVqnGQi66FiVj0ka7ZZRORIykdPIDFwAU="}},"signedIdentityKey":{"private":{"type":"Buffer","data":"gMqAGChzFFwhisumeVlpwfz90vZ6+X4FlVZ7biI+4ng="},"public":{"type":"Buffer","data":"3eGfor35s7AoKbyr/iyArIi+UWSaHTSoq5zx3KLvbFU="}},"signedPreKey":{"keyPair":{"private":{"type":"Buffer","data":"8IRnx24EJsZQF/zwHMVuIerkiU9CPtCsB52cNqMOrWM="},"public":{"type":"Buffer","data":"UWt+0ISQYqfncNGRpSZD39O1ravT2hFTptY+WeFwWGY="}},"signature":{"type":"Buffer","data":"+gQjZ2hvvIv3VWRrEbjhweRFHCIVS7nX9Th4APg/6vbS+XKx16uFQH8uwpkZArQbL7joQRQbziz/oCVITrmphA=="},"keyId":1},"registrationId":40,"advSecretKey":"NZTrdi07PQHJ272xyPLuzbHJ27FFIKZbheYnXPAl+tI=","processedHistoryMessages":[{"key":{"remoteJid":"94766768726@s.whatsapp.net","fromMe":true,"id":"7B02167169D53686B705F8E63D833621"},"messageTimestamp":1751892636},{"key":{"remoteJid":"94766768726@s.whatsapp.net","fromMe":true,"id":"D3763962F8EAD8A19664ED80136AC8AB"},"messageTimestamp":1751892654},{"key":{"remoteJid":"94766768726@s.whatsapp.net","fromMe":true,"id":"83D1D912E01152BA0C721295FD54CE45"},"messageTimestamp":1751892682},{"key":{"remoteJid":"94766768726@s.whatsapp.net","fromMe":true,"id":"98A6398D01F496A07F0430DC62520B4F"},"messageTimestamp":1751892690},{"key":{"remoteJid":"94766768726@s.whatsapp.net","fromMe":true,"id":"5033654A3141F04BF9129858A37296DF"},"messageTimestamp":1751892711},{"key":{"remoteJid":"94766768726@s.whatsapp.net","fromMe":true,"id":"43175AB9CFB9FA930A03C42051D8A102"},"messageTimestamp":1751892728},{"key":{"remoteJid":"94766768726@s.whatsapp.net","fromMe":true,"id":"B5758A7C9A73B8DFA97384AEE315FEDD"},"messageTimestamp":1751892760},{"key":{"remoteJid":"94766768726@s.whatsapp.net","fromMe":true,"id":"59290349D37A97083C8B8232892CAFF8"},"messageTimestamp":1751892790},{"key":{"remoteJid":"94766768726@s.whatsapp.net","fromMe":true,"id":"75436439938E35AD62F5EF5B034DC745"},"messageTimestamp":1751892801},{"key":{"remoteJid":"94766768726@s.whatsapp.net","fromMe":true,"id":"4549871A757CFB6AC5143291103D36BC"},"messageTimestamp":1751892812},{"key":{"remoteJid":"94766768726@s.whatsapp.net","fromMe":true,"id":"35EF86F163A4C97CC9AEAC9EE786CF6A"},"messageTimestamp":1751892828},{"key":{"remoteJid":"94766768726@s.whatsapp.net","fromMe":true,"id":"D57944EACF246E3FCE474CB2CD26A710"},"messageTimestamp":1751892838},{"key":{"remoteJid":"94766768726@s.whatsapp.net","fromMe":true,"id":"F6DF67F2F2D99AAD4267A835BC0C5533"},"messageTimestamp":1751892872},{"key":{"remoteJid":"94766768726@s.whatsapp.net","fromMe":true,"id":"B3C2C90552F2A47D179E00C496034B1A"},"messageTimestamp":1751892873}],"nextPreKeyId":388,"firstUnuploadedPreKeyId":388,"accountSyncCounter":1,"accountSettings":{"unarchiveChats":true},"deviceId":"tq-GbIQNQdiLuVCMq_e1XQ","phoneId":"ba7bc52e-8942-4c2e-871a-d5618c29469f","identityId":{"type":"Buffer","data":"3HHtLopNfNzmXg+7ii9X7UGSL6Q="},"registered":true,"backupToken":{"type":"Buffer","data":"QD3NFDMf25SMgugcMaLFOt5npw0="},"registration":{},"pairingCode":"DX8P2AQ6","me":{"id":"94766768726:27@s.whatsapp.net","name":"I AM SINGLE BOY","lid":"267868923003008:27@lid"},"account":{"details":"CK6I4LADEISFr8MGGAcgACgA","accountSignatureKey":"ViBwNYWn9rRsKb71cbt9cJ4DLBbv4IEVoCwYCANICns=","accountSignature":"fdNTs3ES0Rdjkyt3B0DPiSf6bV11JHK5gKbGab/3RV0cDz7K8Ohj3Ot+PzG6TGnnH7ZWTQg6gbP39nb1yosCBg==","deviceSignature":"ZhpG22DU2lLQummyjnygomF5guztYfTxO7vbMTfltEkb9cF/gKCLRCH3RB3+GIhGpHMyIE6enqwDYtAsrsXZgg=="},"signalIdentities":[{"identifier":{"name":"94766768726:27@s.whatsapp.net","deviceId":0},"identifierKey":{"type":"Buffer","data":"BVYgcDWFp/a0bCm+9XG7fXCeAywW7+CBFaAsGAgDSAp7"}}],"platform":"smba","routingInfo":{"type":"Buffer","data":"CBIIDQ=="},"lastAccountSyncTimestamp":1751892624,"lastPropHash":"1K4hH4","myAppStateKeyId":"AAAAAJDQ"}