{"noiseKey":{"private":{"type":"Buffer","data":"yLzVl3wwFBHViXg3v+yrgwsB/wIpOVTcpaeZL+nvBnA="},"public":{"type":"Buffer","data":"3szCJIyLiE26emUlSg4ndcDTLbqj1oVzOX8GAkpilDU="}},"pairingEphemeralKeyPair":{"private":{"type":"Buffer","data":"kHvmIZnVJxwmkjXs6aL7pGag82/sCrq29112q4J4BUQ="},"public":{"type":"Buffer","data":"5kvncpQM8dVKfO++bSnTXt+fAytfwdStP1P+yyNMaG0="}},"signedIdentityKey":{"private":{"type":"Buffer","data":"0HD0FAZ8InhjmdcJb8jhVauD0ZGccC+vJP7mjE0mQnQ="},"public":{"type":"Buffer","data":"J/JgOClZd3EdqGx4JjAcBVPKD+C2oF+hhHGLxP8dXWw="}},"signedPreKey":{"keyPair":{"private":{"type":"Buffer","data":"yKfJ7Zibi18m3QmKzODiEz7r3BeMKEd/CVyEZr0tzE4="},"public":{"type":"Buffer","data":"22+h/Cgd2DxJnNZ2ESaau0/qpD36Q2zoxOVWRHN5GBc="}},"signature":{"type":"Buffer","data":"RGteomuRQFy8ptH48MNkdGneQO0vZoI9f9HGpX18p9S+kAH6oAUw35Srul3GTn392e11EXXDeGGNiG2naHkNhg=="},"keyId":1},"registrationId":88,"advSecretKey":"0sX+cYr4cgqnGgkO7lsyi3EGHqUX78aLV8MOH1miMM8=","processedHistoryMessages":[{"key":{"remoteJid":"94781790071@s.whatsapp.net","fromMe":true,"id":"76F9AEC60AD5B67F973124D1681F8C2E"},"messageTimestamp":1752326967},{"key":{"remoteJid":"94781790071@s.whatsapp.net","fromMe":true,"id":"A45F0057D81A13F56E6426A51D24EEFF"},"messageTimestamp":1752326968}],"nextPreKeyId":130,"firstUnuploadedPreKeyId":130,"accountSyncCounter":1,"accountSettings":{"unarchiveChats":false},"deviceId":"OA1tvo0IQheUBqFQZ9xPdw","phoneId":"dcf3539d-dbd9-4a7c-9a7f-28de3f2520e7","identityId":{"type":"Buffer","data":"LSUmujCZzZeX02GLb/j5FblhbT0="},"registered":true,"backupToken":{"type":"Buffer","data":"vddXjL8WEhgEOc3ta58jOkQTRM4="},"registration":{},"pairingCode":"YHQQYGT9","me":{"id":"94781790071:96@s.whatsapp.net","name":"ＤＥＮＵ_ᵇᵒʸ","lid":"146695329443841:96@lid"},"account":{"details":"CI/A+JQCEIfGycMGGAEgACgA","accountSignatureKey":"Cp+3i0GTvDV+AWE4X9PQozPlePSzHeJaU7wZb4yvbHU=","accountSignature":"5xKrKQe9sPgwNSAjyEe+d9DKqSLU9lEQMHnlOrAPJfjhvnQoSytyGsa44r2mrw42H20j/6x2C1Z/hgm5rRaBAw==","deviceSignature":"WgV4xVfNARi+7TpIGQdfx3twN33SWhcUT/+Ryh90g0xNNwrIokZCm5el2ZEyh+Q8DTLDGUVd/zstaaPJ2RjLjQ=="},"signalIdentities":[{"identifier":{"name":"94781790071:96@s.whatsapp.net","deviceId":0},"identifierKey":{"type":"Buffer","data":"BQqft4tBk7w1fgFhOF/T0KMz5Xj0sx3iWlO8GW+Mr2x1"}}],"platform":"smba","routingInfo":{"type":"Buffer","data":"CAgIAg=="},"lastAccountSyncTimestamp":1752326932,"lastPropHash":"2V77qU","myAppStateKeyId":"AAAAAFgK"}