{"noiseKey":{"private":{"type":"Buffer","data":"2J/FaSLLH7p5O/RNcf45YR0GXZBQjPsAsEwqolyill8="},"public":{"type":"Buffer","data":"r0uPsgpcTLAy8+PuF8pqiF5y0fHX989WKdB6KQ/0NGI="}},"pairingEphemeralKeyPair":{"private":{"type":"Buffer","data":"MIztRLt+B0bwy+UssBXKMR+aNPLF/rU+k42rXPdauVg="},"public":{"type":"Buffer","data":"NlN1t5YMfD4B0E9bMFvcabr3aT4+QGzJ27bIBBxGuB8="}},"signedIdentityKey":{"private":{"type":"Buffer","data":"+DDLjaRIiiIzgwR7CVmjEIcY/sHqxBnrtbGzGivcJHI="},"public":{"type":"Buffer","data":"OsvzIwXw/Oi3RD+EigWd+ayr7GqKqeiJk7tlkWQaTHs="}},"signedPreKey":{"keyPair":{"private":{"type":"Buffer","data":"WBArM5jJtGbd/5r1XKYvafZXjIK+9wJNJZwiPcXS21Y="},"public":{"type":"Buffer","data":"a/KmSgDpBzMv+mOoXALzG4UbQnIYFmsFNZQF64bB0ho="}},"signature":{"type":"Buffer","data":"GSwvTdl6JFqyqPpdwvaYEi6R40Kn6ThIyc0aZLLlY+fuSqlq4u15/2OCYwKMf9ZrJbD/AVT4x9qSVVOIJCjuCA=="},"keyId":1},"registrationId":171,"advSecretKey":"jLSIsQll6D3q30K/mw7sOxHzeuQaSY+vfbjfv9rCT9I=","processedHistoryMessages":[{"key":{"remoteJid":"94743782802@s.whatsapp.net","fromMe":true,"id":"3617829B420309E272F806DA6717A355"},"messageTimestamp":1752342868},{"key":{"remoteJid":"94743782802@s.whatsapp.net","fromMe":true,"id":"13F17823C2E2F9C8727E127CCB3BA470"},"messageTimestamp":1752342868},{"key":{"remoteJid":"94743782802@s.whatsapp.net","fromMe":true,"id":"2A397597D8F9845200268163CC167A47"},"messageTimestamp":1752342887},{"key":{"remoteJid":"94743782802@s.whatsapp.net","fromMe":true,"id":"C2220967B251CB92A146207B2E9DB165"},"messageTimestamp":1752342902},{"key":{"remoteJid":"94743782802@s.whatsapp.net","fromMe":true,"id":"A72995F8312BCD31C59940010987CD69"},"messageTimestamp":1752342911}],"nextPreKeyId":152,"firstUnuploadedPreKeyId":152,"accountSyncCounter":1,"accountSettings":{"unarchiveChats":false},"deviceId":"NERdoJdlSaGOcXcRi3B2KA","phoneId":"b196dc1b-c2f4-4910-a566-5670c84a253c","identityId":{"type":"Buffer","data":"bMB/t/vv2HEp/jGKT02bCtl2/Lw="},"registered":true,"backupToken":{"type":"Buffer","data":"Jabk1lJKeWaNUICLlLZGIw9JwM0="},"registration":{},"pairingCode":"GLAK16Q2","me":{"id":"94743782802:2@s.whatsapp.net","lid":"87738145616050:2@lid","name":"꧁✧ 𝘔 𝘪 𝘵 𝘩 𝘶 𝘶 ࿐"},"account":{"details":"CLCqobgCEMLCysMGGAEgACgA","accountSignatureKey":"stnNePu6kglNb5Qk8m+Z5JMFWh/v5rtc3LQM2XGIUWI=","accountSignature":"vQGZYf6fCZhX89+eeb441dmlYsBPp+p1x51zc7/oUGpe9c5VwKqbnS3LegTU0472IJws3sU8B79nM3gbcESzDw==","deviceSignature":"VvN/NtaX3WnPlWOLrfP8t0mB2R2rWAkiTeTHwkN3vgMmXsnlo/tHaJCHIu5G3TEN7hFz9zMe6T9XKk5zN+BsAw=="},"signalIdentities":[{"identifier":{"name":"94743782802:2@s.whatsapp.net","deviceId":0},"identifierKey":{"type":"Buffer","data":"BbLZzXj7upIJTW+UJPJvmeSTBVof7+a7XNy0DNlxiFFi"}}],"platform":"android","routingInfo":{"type":"Buffer","data":"CAgIBQ=="},"lastAccountSyncTimestamp":1752350575,"lastPropHash":"1K4hH4","myAppStateKeyId":"AAAAAP2f"}