{"noiseKey":{"private":{"type":"Buffer","data":"wPPE3Py40xUW6zc2TLT4qy5iLCnq3DBjN/dkMwzgT3o="},"public":{"type":"Buffer","data":"vc0DclNcIkjwxfy9nP53votuQ0KgRjGe0yw7HH0kFQA="}},"pairingEphemeralKeyPair":{"private":{"type":"Buffer","data":"2KmNGugT3FKyzshotNHFkWRlXCR4yZmRSEehB/9kvUQ="},"public":{"type":"Buffer","data":"7HMM+L0/lVK2d33FzgGu6mgEIQ8vVzXc1kRjGXHVd0k="}},"signedIdentityKey":{"private":{"type":"Buffer","data":"UOF4t5xi+mVPqLP/S6wgTt3D5yxsPWhOoUsnfx6Umm0="},"public":{"type":"Buffer","data":"Wr4Qfug0an5O37AZakrAn9z3QsKPGN6Yblsi0bdRPUI="}},"signedPreKey":{"keyPair":{"private":{"type":"Buffer","data":"gM0fgAIRqpjB6GSly8+Gl5P6EOCMJX7AGa0DO3OPQ2M="},"public":{"type":"Buffer","data":"DK39LtUZLZU0OsoiHDkLOMmuUFXPNTkP7SNTu9ZgFic="}},"signature":{"type":"Buffer","data":"8qBokP3sESunEaQ82I+Q+7sbA3E5jmGkfilJInmuOD/iWu5IG42zP9vnSA1UcgF4b6C6+0blFjrS1iWuAGwVAw=="},"keyId":1},"registrationId":62,"advSecretKey":"yG/pzhwK0Uk1/U1OXpRzloZ+e5VuxL0apqbez0QzjHw=","processedHistoryMessages":[{"key":{"remoteJid":"94703292823@s.whatsapp.net","fromMe":true,"id":"7E193C8F7E2F709E379F55E21C37EAFB"},"messageTimestamp":1752384738},{"key":{"remoteJid":"94703292823@s.whatsapp.net","fromMe":true,"id":"72A08F85C41B7646968B840FA04C5F26"},"messageTimestamp":1752384744},{"key":{"remoteJid":"94703292823@s.whatsapp.net","fromMe":true,"id":"FA92F6D35F94239611ADB09F3701A077"},"messageTimestamp":1752384766}],"nextPreKeyId":1057,"firstUnuploadedPreKeyId":1057,"accountSyncCounter":1,"accountSettings":{"unarchiveChats":false},"deviceId":"ZB2lxYhzQnmLosdMMiOoig","phoneId":"371df9ff-b57a-4828-9348-f6dc5f626e1a","identityId":{"type":"Buffer","data":"0DyTt7vlcV8OZlUvjCNwAzL9DTs="},"registered":true,"backupToken":{"type":"Buffer","data":"vmCixtrscB2t4LIJD44JOArXzJY="},"registration":{},"pairingCode":"1MPTJEA3","me":{"id":"94703292823:26@s.whatsapp.net","name":"Ranputha","lid":"74831835971716:26@lid"},"account":{"details":"CPzD9tsBEMmJzcMGGAEgACgA","accountSignatureKey":"D1rAkbDLn1zAE29O84vUM2Un2VYnlcezcV0qcJrC4l4=","accountSignature":"s83Uz4N21ycqchV/CI++BLtJHEkWADLNHIyB54CljtKwQHi6BzODvLJFvWGOd3p/98T7qbgOZQRrhO4pnxivDQ==","deviceSignature":"KefVQyoCrJJsoAXK+31sNI77LbYVDRFkzLWtGw/SgfbnS7L9QTambwa6dm0wltVuJOeAoEPNx3SfF2z5Mj7YAg=="},"signalIdentities":[{"identifier":{"name":"94703292823:26@s.whatsapp.net","deviceId":0},"identifierKey":{"type":"Buffer","data":"BQ9awJGwy59cwBNvTvOL1DNlJ9lWJ5XHs3FdKnCawuJe"}}],"platform":"smba","routingInfo":{"type":"Buffer","data":"CAMICQ=="},"lastAccountSyncTimestamp":1752384727,"lastPropHash":"3R9Z39","myAppStateKeyId":"AAAAADCY"}