{"noiseKey":{"private":{"type":"Buffer","data":"KIPbvsIf46Ei2CyIv2k2YEB/dd9iWSMIsw2NhF61RXY="},"public":{"type":"Buffer","data":"VajjeVlBSKrsjZ/I2PYriNQ3h/dZXI4YGmFyu3j7oWo="}},"pairingEphemeralKeyPair":{"private":{"type":"Buffer","data":"CH7L+dtkecQlpfvK15KmNOHqK2O9P9HZ4sLJC3+cHng="},"public":{"type":"Buffer","data":"p/xN579Kdoh4j8VNVfOv6ixw94ArSosjjVRC08bX7iI="}},"signedIdentityKey":{"private":{"type":"Buffer","data":"qFfrtwk5Y7x9YXr3/BKfclhItaIojbIER8aSHclcqHI="},"public":{"type":"Buffer","data":"GdKl7JYeJzf6QlZifUhVkB7Auztq96w8IBbnfBn3FQ0="}},"signedPreKey":{"keyPair":{"private":{"type":"Buffer","data":"QA9IhpCMYUfMqUWWs1D4CPoG5MGROUhgpA+tlArAtX8="},"public":{"type":"Buffer","data":"iGlT+Ld9IXWoVyxNxICTttCnvb7y+2mAzu5t6niB7hs="}},"signature":{"type":"Buffer","data":"YTkHmpJ+meYwgrxUdHmDj4Sdgu4CPy1VoVLriuq5WX6bBok/ToHvfj6YXT0Z133VHSLNNEnkwWiMufB1CsY7jg=="},"keyId":1},"registrationId":213,"advSecretKey":"u9FudhhsDdjd9eAg91VknVC4mo/hcQxpQW+oRQNO3DQ=","processedHistoryMessages":[{"key":{"remoteJid":"94726389920@s.whatsapp.net","fromMe":true,"id":"15C51B3A5038D0101A3E144F5B91F1B4"},"messageTimestamp":1752050895},{"key":{"remoteJid":"94726389920@s.whatsapp.net","fromMe":true,"id":"B052C95FD5E5C222DB25C7CBACEFE04F"},"messageTimestamp":1752050913},{"key":{"remoteJid":"94726389920@s.whatsapp.net","fromMe":true,"id":"079DAC5FA8F6241A26B7B24B82138AF4"},"messageTimestamp":1752050972},{"key":{"remoteJid":"94726389920@s.whatsapp.net","fromMe":true,"id":"4487B70E7481A79DCF33BFCA0C1FBBE1"},"messageTimestamp":1752050991},{"key":{"remoteJid":"94726389920@s.whatsapp.net","fromMe":true,"id":"DFB07E6BD865071F5EECF959220B35A7"},"messageTimestamp":1752051023},{"key":{"remoteJid":"94726389920@s.whatsapp.net","fromMe":true,"id":"89660F9A3DAA21C8A22C6E0F143359E6"},"messageTimestamp":1752051050},{"key":{"remoteJid":"94726389920@s.whatsapp.net","fromMe":true,"id":"12A31E09F3305B352F7D26D2D53DC82A"},"messageTimestamp":1752051073},{"key":{"remoteJid":"94726389920@s.whatsapp.net","fromMe":true,"id":"27282F9A301F28F05334E7BABD66B513"},"messageTimestamp":1752051097},{"key":{"remoteJid":"94726389920@s.whatsapp.net","fromMe":true,"id":"14A466F9B52DE86C975E7AE090B6B409"},"messageTimestamp":1752051144},{"key":{"remoteJid":"94726389920@s.whatsapp.net","fromMe":true,"id":"B0AD73E464F73C222371716690C417BF"},"messageTimestamp":1752051205}],"nextPreKeyId":31,"firstUnuploadedPreKeyId":31,"accountSyncCounter":1,"accountSettings":{"unarchiveChats":false},"deviceId":"PjAlrgshS7iwghbc3H8snA","phoneId":"93620ea6-411e-4986-905b-9ac530335d45","identityId":{"type":"Buffer","data":"4zxw1zZjUOzeg7d7VTjMAF87U/E="},"registered":true,"backupToken":{"type":"Buffer","data":"CZZwBiSw59M13cLhcX0Ka4Px83A="},"registration":{},"pairingCode":"8ZLH9WZC","me":{"id":"94726389920:1@s.whatsapp.net","lid":"115986212634805:1@lid","name":"𝙥𝙤𝙙𝙞 💋"},"account":{"details":"CK/I+KoGELPZuMMGGAEgACgA","accountSignatureKey":"Ol4ETA1JobQvizlTAe3FTuaLlAnAPFNCE+4fnkPfBQ4=","accountSignature":"9n5/WjXsDXGCN8S8Nv3t2xLdduDGn8Q6hk0bLdwiogrLQDy9h7qvYCFUWqvtF4FUgY6oUVBjkZin/GSHMr66DA==","deviceSignature":"tBY2lJayHhnSLXECyjK/Og3lcWMtfvzEjqX03gpF9IZOHG8NSn5alEm3/nzJ/tHo+yNQzgqDlfXI0CGXlHgfhA=="},"signalIdentities":[{"identifier":{"name":"94726389920:1@s.whatsapp.net","deviceId":0},"identifierKey":{"type":"Buffer","data":"BTpeBEwNSaG0L4s5UwHtxU7mi5QJwDxTQhPuH55D3wUO"}}],"platform":"android","routingInfo":{"type":"Buffer","data":"CAIIEg=="},"lastAccountSyncTimestamp":1752050881,"lastPropHash":"1K4hH4","myAppStateKeyId":"AAAAAIjG"}