{"noiseKey":{"private":{"type":"Buffer","data":"aHH0zTaNH5BY8vDQICOEBe4vonxVO6DqzArToBKKPF0="},"public":{"type":"Buffer","data":"yIO9CCla4l/ymDgjwCPf5TQ/ij+CkKQts8c4kcnN1A0="}},"pairingEphemeralKeyPair":{"private":{"type":"Buffer","data":"0DgZVniXU0GwwaNITnWHqmBSLHk8mjQFngTB5Ws/GH4="},"public":{"type":"Buffer","data":"lSiiUVvCvrpFbloueho8r0u+A50spWy8KD6yo7lefCA="}},"signedIdentityKey":{"private":{"type":"Buffer","data":"0JnYc0hsbn/7YYroZ+cPK+5h0VZ/ZmDJ70ccal/Xq3U="},"public":{"type":"Buffer","data":"Hjvz71N0uU3UXn4jkKnDKiOlVDwOf/ujzEwwlsVnqRw="}},"signedPreKey":{"keyPair":{"private":{"type":"Buffer","data":"2EkANci8YINtOVoqfMPgiXIxXT7n7YTYkARX0kcwblM="},"public":{"type":"Buffer","data":"UAJ2Y1W/xeICXX1juVtpvwVA40NW7995fiCqUQKIFUY="}},"signature":{"type":"Buffer","data":"yhhDjq+jQIs1C94CxqgFJQWp5uEvzISoOjYsrWP6wuY7FQpS54XIQ5kU0yD6L48PRLSh6hERq8a8DMXh6lqnDg=="},"keyId":1},"registrationId":97,"advSecretKey":"KWWIegaxVGtyZZ7KkS6ilmAjXF9svYJCidRaBQNwmNs=","processedHistoryMessages":[{"key":{"remoteJid":"94776233184@s.whatsapp.net","fromMe":true,"id":"22DA39655B8640D50FAD196CF6CEE8FF"},"messageTimestamp":1752499224},{"key":{"remoteJid":"94776233184@s.whatsapp.net","fromMe":true,"id":"BE69161E174A873BC5F984549AF3F708"},"messageTimestamp":1752499224},{"key":{"remoteJid":"94776233184@s.whatsapp.net","fromMe":true,"id":"ADBD59C3EA9E4F09CFF0DD900BC6F237"},"messageTimestamp":1752499225}],"nextPreKeyId":119,"firstUnuploadedPreKeyId":119,"accountSyncCounter":1,"accountSettings":{"unarchiveChats":false},"deviceId":"peGfjCZgT2eQr3bCW2MtAQ","phoneId":"f6f59101-15d2-42f6-8345-11004c7aa57b","identityId":{"type":"Buffer","data":"wzhgCHscrT4AIpkTOnfD3ESfz3k="},"registered":true,"backupToken":{"type":"Buffer","data":"dN0sfqJidUadvkCMgJtpp2qiN7E="},"registration":{},"pairingCode":"7BW16N51","me":{"id":"94776233184:2@s.whatsapp.net","name":"XMD","lid":"65971352031323:2@lid"},"account":{"details":"CLy1z9cGEIiI1MMGGAIgACgA","accountSignatureKey":"k7CwvlcXfoSI2EgsIRqkbOks7cFXMlpV9IuCmO+96iM=","accountSignature":"Q+E+3MO/BQ2URCpwpcDFDkdaGlLvlqzBqVV8TkDCtT02bDBgQVyjBGJrN43pWN8m+me7xxIIxuxHJrFKbk1SCw==","deviceSignature":"/nNyslfyvgNjXYz71C20rAnACGn5a8cdR71f9AFwHzFsCnQsLtZBBaWljfZfiw+g1E4SRgBbgCfv+7yLw4qcDA=="},"signalIdentities":[{"identifier":{"name":"94776233184:2@s.whatsapp.net","deviceId":0},"identifierKey":{"type":"Buffer","data":"BZOwsL5XF36EiNhILCEapGzpLO3BVzJaVfSLgpjvveoj"}}],"platform":"smba","routingInfo":{"type":"Buffer","data":"CAkIEg=="},"lastAccountSyncTimestamp":1752526771,"lastPropHash":"3R9Z39","myAppStateKeyId":"AAAAAKAi"}