{"noiseKey":{"private":{"type":"Buffer","data":"oHpcWs1EwMnEPvzfiYCaPE8FfDehHoOzxwxs22umrEo="},"public":{"type":"Buffer","data":"Ku0YPAKQ0n3Ee8GJAJVwdwl5Z4uIIqUJABWwEqmGElU="}},"pairingEphemeralKeyPair":{"private":{"type":"Buffer","data":"sCUXGhiLdaEBqqS3yXZn4JcHX+Z0YkJ4tzyedwXTbWU="},"public":{"type":"Buffer","data":"ccFolB0FWlVyrttReeEbUxgGWq/RocSVYtLsLXVv5F0="}},"signedIdentityKey":{"private":{"type":"Buffer","data":"gPZNd1SqPdwg+alxEZyyLiu3QbG+ouXRt/cXyBlPGlo="},"public":{"type":"Buffer","data":"rFomBul3urTjyJkEStfxB3nlfOJgJFacf+P62AyniW0="}},"signedPreKey":{"keyPair":{"private":{"type":"Buffer","data":"GAc7LLpxCagDqtcADR3kr8ZoieGtsIkKj/dfyer+nmg="},"public":{"type":"Buffer","data":"QG/DqMg+T/SNVEq7A3fbAW00bi8Wl6AH9IocSgGo4Tk="}},"signature":{"type":"Buffer","data":"QK78fjUblwcw59Ml+1df5tTyqbJLUEHIO2VdKgbzPeQKFxbHjZ8CwqAadv8LlZfqErcoIfF3wEqdCldfbiHThA=="},"keyId":1},"registrationId":165,"advSecretKey":"Z42E9uGhigX01GImzmdpN6KxQk6KPE3HkJ1z+bYm33o=","processedHistoryMessages":[{"key":{"remoteJid":"94760741991@s.whatsapp.net","fromMe":true,"id":"971DE647A4ACEA83406275DA77B98EDC"},"messageTimestamp":1751786133},{"key":{"remoteJid":"94760741991@s.whatsapp.net","fromMe":true,"id":"075B887FE9DE780D43C7787CF6EBA915"},"messageTimestamp":1751786133},{"key":{"remoteJid":"94760741991@s.whatsapp.net","fromMe":true,"id":"E6B6D367031FDAF9297BA76C32E2C01A"},"messageTimestamp":1751786155},{"key":{"remoteJid":"94760741991@s.whatsapp.net","fromMe":true,"id":"E9198A71FF6502A06D4D3454D1AD988F"},"messageTimestamp":1751786167}],"nextPreKeyId":32,"firstUnuploadedPreKeyId":32,"accountSyncCounter":1,"accountSettings":{"unarchiveChats":false},"deviceId":"09r5VaFwStaTWW9-vcC-bA","phoneId":"e7779602-cb91-48b5-b42e-847053ae8534","identityId":{"type":"Buffer","data":"DQHioHJ589qLAqXTjQHNnpT4qIQ="},"registered":true,"backupToken":{"type":"Buffer","data":"X5cJEjRZWDAwxLVVrlmB52fFnhA="},"registration":{},"pairingCode":"AK1T5JBS","me":{"id":"94760741991:25@s.whatsapp.net","name":"Matheesha Anuja","lid":"275514132574419:25@lid"},"account":{"details":"CITfgoEHEIPFqMMGGAMgACgA","accountSignatureKey":"YKtt95PwqbduNIZGA4F9r5KKUFlj3WRKVqW6efz49zg=","accountSignature":"8MY3umr6ajVXZru8qLkysx14+N2axOeaYTfiKRMfOzRZAYjOFmc0a4ammcoyuBBG3LNF0HVEREg4xYiM4O5QAQ==","deviceSignature":"i8jHm2ePf69xyRBhmpNtSMsaCux7B6i93tTwB+fLL/8JYSwVPWbzCPUAsL3+Ya3NL/wpLALvlqj/ucy/zftegw=="},"signalIdentities":[{"identifier":{"name":"94760741991:25@s.whatsapp.net","deviceId":0},"identifierKey":{"type":"Buffer","data":"BWCrbfeT8Km3bjSGRgOBfa+SilBZY91kSlalunn8+Pc4"}}],"platform":"smba","routingInfo":{"type":"Buffer","data":"CAIIBQ=="},"lastAccountSyncTimestamp":1751786129,"lastPropHash":"PWk5B","myAppStateKeyId":"AAAAADa+"}