{"noiseKey":{"private":{"type":"Buffer","data":"iD1a/W4Tttf2+ysY94TKrH+ptWWPII5QDjy3aBDs4UI="},"public":{"type":"Buffer","data":"OfsjkrUmvUfsCf0NVuZyZdk1vcxXglF6eFBQLhCfGBA="}},"pairingEphemeralKeyPair":{"private":{"type":"Buffer","data":"WCM55dOhMiR49s1Y6g4BrTFqgYmZ0DEhkV2MwSL1dnM="},"public":{"type":"Buffer","data":"1ck0YtZRnN7Kxcr3y8wbQtQQK7CNyXPm+vUq8nEFtFg="}},"signedIdentityKey":{"private":{"type":"Buffer","data":"mPhmY2ZNfU+FUC2f9RSJnEJVjwf/vDrAkLEbCRAlglQ="},"public":{"type":"Buffer","data":"DwL6nkJooS2m/sIeitDbOV89u3JiVnE8R+WmgcF2zBE="}},"signedPreKey":{"keyPair":{"private":{"type":"Buffer","data":"2OAkJ25QJO9K2bU6rJtnOcuB8RCa+1ZMXlj95FR9K3s="},"public":{"type":"Buffer","data":"ZUj/kkycbRppL9DVqHHDvujjWh7b0ZO6N2HeVgITKxU="}},"signature":{"type":"Buffer","data":"KkhXiJSA+tfGaqIiRrNWIAJOTUQ1majF9B8uWVww2Bxt7QxGhSi7ZJdmJavbO0H5c/E8zOGI41EJNiSKXVl0Aw=="},"keyId":1},"registrationId":247,"advSecretKey":"XTEvDZlZMWJni9sPNae8WEPp4zUU8NtCeMB/CdksvfM=","processedHistoryMessages":[{"key":{"remoteJid":"94778259178@s.whatsapp.net","fromMe":true,"id":"9883C92BA6153447F883A5FC2F6A35C0"},"messageTimestamp":1751939948}],"nextPreKeyId":5579,"firstUnuploadedPreKeyId":5579,"accountSyncCounter":1,"accountSettings":{"unarchiveChats":false},"deviceId":"5oJkVcMwQmqQDS6z4hh1CQ","phoneId":"2075ec1e-973b-40d8-bdd0-462e3fe013eb","identityId":{"type":"Buffer","data":"AqDwN0zYkqiEvuNj2BQfhy2nurw="},"registered":true,"backupToken":{"type":"Buffer","data":"CznE2/sbKp7mVZIqi2btuPNmDsc="},"registration":{},"pairingCode":"X794XKDW","me":{"id":"94778259178:68@s.whatsapp.net","name":"𝐈𝐌𝐎\"\n\n__________\n\n\n𝐏\n𝐔\n𝐍\n𝐂\n𝐇\n𝐈\n\n__________\n\n\n𝐍\n𝐎\n𝐓\n𝐈\n\n__________\n\n\n𝐁\n𝐁\n𝐇\"","lid":"252879571022017:68@lid"},"account":{"details":"CIDg8YgBENT2scMGGAEgACgA","accountSignatureKey":"2tMv0ZzleYwK17q5yFQlz09ioNHTIuc+T4pZeOpf7yA=","accountSignature":"ESl2IvIETp/a9KQvjDlSVz12y8SEXK713Rt9BKMLOJJwpLjfTOnXJTPGcCt8J9CJ0eBLBXyTQ6NIdlBbNkphAQ==","deviceSignature":"P7D4867hCLx8ZlR+8cFjZ7MEDRdbRcz8DEvyrIyvqKDDYcDf+BdDI+tX7VdvSLEIBQshGkBC7StbOtHKWQmRAw=="},"signalIdentities":[{"identifier":{"name":"94778259178:68@s.whatsapp.net","deviceId":0},"identifierKey":{"type":"Buffer","data":"BdrTL9Gc5XmMCte6uchUJc9PYqDR0yLnPk+KWXjqX+8g"}}],"platform":"smba","routingInfo":{"type":"Buffer","data":"CAUICA=="},"lastAccountSyncTimestamp":1752330794,"lastPropHash":"1K4hH4","myAppStateKeyId":"AAAAAJr5"}