{"noiseKey":{"private":{"type":"Buffer","data":"aB2nwYLgj3BneCWuRU66Syt3ZAdU/P5ZYlZaVZEvjHc="},"public":{"type":"Buffer","data":"GuzTD9CyRsfVOj0cSvo3rP0Bwn4W/2p6Ff3koUXVihY="}},"pairingEphemeralKeyPair":{"private":{"type":"Buffer","data":"aNIoseufhrFIMN76VY9+LCoEYGUlsB5ibVuNyLqBoXc="},"public":{"type":"Buffer","data":"pUyhCIQP1owDFj8GtN5Vea7/HJbt3G+2tvbIBoe3mX8="}},"signedIdentityKey":{"private":{"type":"Buffer","data":"0Ji/tlKB5NB4OM+ojEh4ayu8dk1Qp5v+JLgX02DzRE4="},"public":{"type":"Buffer","data":"t5V74mv7mynIAb35kflwhlFTSr4OzTSfFoicOhrjpAA="}},"signedPreKey":{"keyPair":{"private":{"type":"Buffer","data":"WIUTt8Ru7VrEQFE9MeBuPpkeTQ+rS1nweQv1IBR7jXc="},"public":{"type":"Buffer","data":"lYRw/cEynvkmsiM5k+fz4i6AF5CJx5Oy+NUvnLUmoTY="}},"signature":{"type":"Buffer","data":"vU/qHlziTjp4OD6nsQ8wPPPhqKQBz3Pg5toa5H/kTiEc/R3I78bTOI8Y/Ybf5p/59c1Nyu/lPhChc+1sxzWBDw=="},"keyId":1},"registrationId":215,"advSecretKey":"5qXSgx9lgdmjvmylcgvIP+AGBy7Q2Vj4GQSsJjmpt5U=","processedHistoryMessages":[{"key":{"remoteJid":"94768843493@s.whatsapp.net","fromMe":true,"id":"CB13FB143577F6FB24C65DF2D96FF8D3"},"messageTimestamp":1752417738},{"key":{"remoteJid":"94768843493@s.whatsapp.net","fromMe":true,"id":"569A44E000BF695FE9154FE416064C14"},"messageTimestamp":1752417765},{"key":{"remoteJid":"94768843493@s.whatsapp.net","fromMe":true,"id":"E08B6131A4AA2322A52E49CC7B780408"},"messageTimestamp":1752417812},{"key":{"remoteJid":"94768843493@s.whatsapp.net","fromMe":true,"id":"46641B7948D451A06555E8F4A8812BB9"},"messageTimestamp":1752417849},{"key":{"remoteJid":"94768843493@s.whatsapp.net","fromMe":true,"id":"064089AA5FE23ADB9FE23C69E203E78B"},"messageTimestamp":1752417869},{"key":{"remoteJid":"94768843493@s.whatsapp.net","fromMe":true,"id":"46C58BBAD5BCF4309EE1031D4291D021"},"messageTimestamp":1752417892},{"key":{"remoteJid":"94768843493@s.whatsapp.net","fromMe":true,"id":"E5390FE20535E514870FC02E030FF6C0"},"messageTimestamp":1752417926},{"key":{"remoteJid":"94768843493@s.whatsapp.net","fromMe":true,"id":"3A9D6317FF5E470227578225A90CC10F"},"messageTimestamp":1752417946},{"key":{"remoteJid":"94768843493@s.whatsapp.net","fromMe":true,"id":"3D3F0B98578C616971B7305517488F2B"},"messageTimestamp":1752417959}],"nextPreKeyId":60,"firstUnuploadedPreKeyId":60,"accountSyncCounter":1,"accountSettings":{"unarchiveChats":false},"deviceId":"bkQ4WdtoRhqOkpXdWMUruA","phoneId":"0cebb7ef-bb27-4024-88c3-f2ece1e4de73","identityId":{"type":"Buffer","data":"NzgwB+agZt90iRa9sK5wroHf+XU="},"registered":true,"backupToken":{"type":"Buffer","data":"1XzGcrZXRgy+4VvetamBTj6saa4="},"registration":{},"pairingCode":"REYM3PFM","me":{"id":"94768843493:5@s.whatsapp.net","name":"~නෝටි කොල්ලා~","lid":"12962446200989:5@lid"},"account":{"details":"CPP/jPYFEJOLz8MGGAEgACgA","accountSignatureKey":"Gl+bF7Ne/Vk5D3Jfaew4k6KMFWPFLvJKIcRayVIsT04=","accountSignature":"r649EItHzixCqEo9V+SnJ6xDYZYJGPIc3hCmdrLGIfBBvjqF3iONxMjRt7GcAgVB2W0V2IE8ZhypFMYrdQqGAQ==","deviceSignature":"HvPJ96T6NPuHI32jjmU/Yqlw59Wb6Wnd3jM2bzo95qT/HGZKNHSesaYgZ5buScLdk48ndjvisihJcCfmQlZ2CA=="},"signalIdentities":[{"identifier":{"name":"94768843493:5@s.whatsapp.net","deviceId":0},"identifierKey":{"type":"Buffer","data":"BRpfmxezXv1ZOQ9yX2nsOJOijBVjxS7ySiHEWslSLE9O"}}],"platform":"smba","routingInfo":{"type":"Buffer","data":"CAkICw=="},"lastAccountSyncTimestamp":1752417718,"lastPropHash":"1K4hH4","myAppStateKeyId":"AAAAAE0E"}