{"noiseKey":{"private":{"type":"Buffer","data":"qDa40diKRQmuSm/HEn5HMBmDV1KZqirv/VlLMvc+CUs="},"public":{"type":"Buffer","data":"DO7lNw60b0E9IHeDa6x8jAWz1GXqgiF/ITAFtDDEtn8="}},"pairingEphemeralKeyPair":{"private":{"type":"Buffer","data":"gKFA+3BybYbAC9c3rC4Ikyhz3tnTr0++bBGUUlI8DX8="},"public":{"type":"Buffer","data":"F3JU2/OC0dZpGVN9AScioWZcbn2yjugruHBFqUe2Rng="}},"signedIdentityKey":{"private":{"type":"Buffer","data":"sOn7verYPunnwOHlR3TtW2Q1VQ1sTskjXkv+jkQD1Gs="},"public":{"type":"Buffer","data":"eC17nQvciWeEIaGdp/bo3EQZIH+6w1Xo6oVhCz7SuR0="}},"signedPreKey":{"keyPair":{"private":{"type":"Buffer","data":"MMrrJ6FybO7ni7f5nxfIp+ywd0m3l9mbkPzp2Tx7glc="},"public":{"type":"Buffer","data":"J1MpHPOyy1HUrf7cWgTHuSUrgpihyBiyKpx7zG3UfD8="}},"signature":{"type":"Buffer","data":"mbBNFWHGqVL/9N2uhlyh3vvmrpclneZ7ZYxgmEN19Zfrjwahx58cqMQdBD3IR5KiIvG4gj1KWsTP/Z/UfXSAjw=="},"keyId":1},"registrationId":12,"advSecretKey":"wSfzi05zmLFOc02SX1LTGyOeyITEwCk4fv+x4Axase4=","processedHistoryMessages":[],"nextPreKeyId":1,"firstUnuploadedPreKeyId":1,"accountSyncCounter":0,"accountSettings":{"unarchiveChats":false},"deviceId":"_Drdwn47RZ2lZsxQfUnYSQ","phoneId":"6d8e1e2b-5950-4ad6-acb0-2ca47eacb155","identityId":{"type":"Buffer","data":"JwiIr6hxR2KNkwj2AIju/cZDM20="},"registered":true,"backupToken":{"type":"Buffer","data":"uIAkN8XD3xQ7HP7v/u7aR6Hj6sk="},"registration":{},"pairingCode":"DPZQPE51","me":{"id":"94704703791@s.whatsapp.net","name":"~"}}