{"noiseKey":{"private":{"type":"Buffer","data":"EF6ZHsYCLeESncr7RLYSrY7u8B/APBSsg3gj9UYLvkE="},"public":{"type":"Buffer","data":"2mhjmXPp6MB9peJQAizcXR6Dn3PDyCwTF8YyK9Pd/XU="}},"pairingEphemeralKeyPair":{"private":{"type":"Buffer","data":"wBhKKeQwgADyq2sBVrcXiYjiqmwgIlU5CuM6EmfjxWI="},"public":{"type":"Buffer","data":"nxfSG1eHGhjzJriXXu8vbLmKA7Yvkm+IxJSqM8pygXg="}},"signedIdentityKey":{"private":{"type":"Buffer","data":"2PQJ2iPXZ++9bxgVGcV8QV0JnLJ7U9h1qZMikm+7H2Y="},"public":{"type":"Buffer","data":"PWB2Csljoj6Pf+b71UqcSexjugB2vtJ3Sv680rUfQig="}},"signedPreKey":{"keyPair":{"private":{"type":"Buffer","data":"qKGVEEVcMQ1uKb6KsAAl2E+Y1Lo1NOyIiiN1eCZVmnY="},"public":{"type":"Buffer","data":"matz6gcBFoeGgdPORmKQyAGIJM1V9whnvUWii+nTAX4="}},"signature":{"type":"Buffer","data":"tKCh+jbQLu/JXlWPP2ucqj702s9ikg5bzJFlscYwWfw7QP51UUJ3JPFZE3Bzv68f0gTGli8QfhUZs5ab7iSGDw=="},"keyId":1},"registrationId":85,"advSecretKey":"HDlEEHfdN1XBHRb3LdeGVDYquGEwsKXb/JzUmEyyj4o=","processedHistoryMessages":[{"key":{"remoteJid":"94760875825@s.whatsapp.net","fromMe":true,"id":"519E14B30F344EB1BC1515CDFE26A6EA"},"messageTimestamp":1751738257},{"key":{"remoteJid":"94760875825@s.whatsapp.net","fromMe":true,"id":"3198E9E32C96B0BD964398A9716A0D99"},"messageTimestamp":1751738258},{"key":{"remoteJid":"94760875825@s.whatsapp.net","fromMe":true,"id":"20AE747EFE6EF74C8A31245C4579AEB8"},"messageTimestamp":1751738360},{"key":{"remoteJid":"94760875825@s.whatsapp.net","fromMe":true,"id":"62338A6DA48AED4BD5432E43106A21C4"},"messageTimestamp":1751738373}],"nextPreKeyId":187,"firstUnuploadedPreKeyId":187,"accountSyncCounter":1,"accountSettings":{"unarchiveChats":false},"deviceId":"mS76uB3CQpCuv93n_Ah50w","phoneId":"26aefe5a-d955-43a1-9d14-c21e995e8b68","identityId":{"type":"Buffer","data":"rMDePOLgLk8p4ej/u41sRDhhPLM="},"registered":true,"backupToken":{"type":"Buffer","data":"K9H5i4Xd1FEVhdnqme1gD68MhHY="},"registration":{},"pairingCode":"K7R3J29F","me":{"id":"94760875825:32@s.whatsapp.net","name":"𝗢𝗟𝗗 𝗞𝗜𝗡𝗚 𝗠𝗔𝗛𝗔𝗦𝗢𝗡𝗔","lid":"54117208698953:32@lid"},"account":{"details":"CJ65lMYGEOTOpcMGGAEgACgA","accountSignatureKey":"ARsrkxqxcONhHaCc2nmkGkIYApi1OLhFA6YSSMw/52g=","accountSignature":"yZ/xP48DCk1ELsO133Q0yAO9uDWaxEb/6/IygIIcFzAkzbN/00Ndu22368R/KT4KCsIIx/Wn6NsVY+9sQkpcCg==","deviceSignature":"V0Cw+2MesOw5fAYHBSmWqOiraNhgdEaWhB3psKoPywihlHPXwVwn235+7FRVrmlP4D+ymEOA/lZOnb+MNaXQCg=="},"signalIdentities":[{"identifier":{"name":"94760875825:32@s.whatsapp.net","deviceId":0},"identifierKey":{"type":"Buffer","data":"BQEbK5MasXDjYR2gnNp5pBpCGAKYtTi4RQOmEkjMP+do"}}],"platform":"smba","routingInfo":{"type":"Buffer","data":"CBIIDQ=="},"lastAccountSyncTimestamp":1751771752,"lastPropHash":"2V77qU","myAppStateKeyId":"AAAAAAgY"}