{"noiseKey":{"private":{"type":"Buffer","data":"8I/jOiwncgtgCnRMCQGGioR+gOTTCnPsEwVQgImyS0A="},"public":{"type":"Buffer","data":"DfRk0WSseHiNfEK2WLbbBK6ssYp2Ytc0imPAtlLQmyM="}},"pairingEphemeralKeyPair":{"private":{"type":"Buffer","data":"eB7B3PCVZU4aaDVLM5J9/7ReKn2BntxF5I+nmgWHeXQ="},"public":{"type":"Buffer","data":"JeDc4am6QdFVbNy/zaL5BWgfXhOKFT/SYgO8aS3vRV4="}},"signedIdentityKey":{"private":{"type":"Buffer","data":"WCyZivlpLh//k4RGBQwUqILHjtUvst9nHhcMW5WWz1Y="},"public":{"type":"Buffer","data":"wQVKx6q8T7s+T7uZzyWc/gzOrKb0XOoC3U+nSPPciBQ="}},"signedPreKey":{"keyPair":{"private":{"type":"Buffer","data":"IJEyOYoPzKqLsvcA26SB/CbBoSuPUgeQC0nq/WXMa0U="},"public":{"type":"Buffer","data":"UzVf0PSXaP+0kr88NH+WeEuEXrw9+QLKnkN1IwaBiBU="}},"signature":{"type":"Buffer","data":"dJoeIqOdSUFh264dwhyQogThb+d6zNayjvxzgwQOq2aCUdTBhpam5vSs17ERwDP+B16xRsbx57yTp9ucHD6CBw=="},"keyId":1},"registrationId":178,"advSecretKey":"3xGlP9j4MzBBw8viB0Wp7uglVF5ySIh9UZLGIAHGqj8=","processedHistoryMessages":[{"key":{"remoteJid":"94715778362@s.whatsapp.net","fromMe":true,"id":"4CE3FE88E74A874D35EB81852565A6EC"},"messageTimestamp":1751805690},{"key":{"remoteJid":"94715778362@s.whatsapp.net","fromMe":true,"id":"575C133507AD607A8CD10C91BC47BDDE"},"messageTimestamp":1751805749},{"key":{"remoteJid":"94715778362@s.whatsapp.net","fromMe":true,"id":"DB09F8D0761C6271E869EF5C67C8CD83"},"messageTimestamp":1751805781},{"key":{"remoteJid":"94715778362@s.whatsapp.net","fromMe":true,"id":"5599E4ED74E17D603FB820B56B4A337E"},"messageTimestamp":1751805805},{"key":{"remoteJid":"94715778362@s.whatsapp.net","fromMe":true,"id":"8D996341C58773D5C3494FD9A3C64F86"},"messageTimestamp":1751805839},{"key":{"remoteJid":"94715778362@s.whatsapp.net","fromMe":true,"id":"047D2441B2858C988ED37902AF9DFDD8"},"messageTimestamp":1751805869},{"key":{"remoteJid":"94715778362@s.whatsapp.net","fromMe":true,"id":"EFCFAE23CEF46C374D9CF7EB845F11F7"},"messageTimestamp":1751805905},{"key":{"remoteJid":"94715778362@s.whatsapp.net","fromMe":true,"id":"A21128F89BEB64DFF7F12366B55A28E4"},"messageTimestamp":1751805928},{"key":{"remoteJid":"94715778362@s.whatsapp.net","fromMe":true,"id":"EBB064626CFA9BE0F898F9CB0652A888"},"messageTimestamp":1751805963},{"key":{"remoteJid":"94715778362@s.whatsapp.net","fromMe":true,"id":"B003999388FA9BB492B41FC4F93DD6EC"},"messageTimestamp":1751806004},{"key":{"remoteJid":"94715778362@s.whatsapp.net","fromMe":true,"id":"9DA9129A93745B2DD329DAB89A3A3D87"},"messageTimestamp":1751806035},{"key":{"remoteJid":"94715778362@s.whatsapp.net","fromMe":true,"id":"ECA25304EF6896A9A82ED86DD848B8B4"},"messageTimestamp":1751806065},{"key":{"remoteJid":"94715778362@s.whatsapp.net","fromMe":true,"id":"08F7463A818F9A107D87218D747A3FB0"},"messageTimestamp":1751806100},{"key":{"remoteJid":"94715778362@s.whatsapp.net","fromMe":true,"id":"701D9B6B0D1BBA8355471C6F63052DD4"},"messageTimestamp":1751806134},{"key":{"remoteJid":"94715778362@s.whatsapp.net","fromMe":true,"id":"94AF81648553858B8222F89F32C9E92C"},"messageTimestamp":1751806196},{"key":{"remoteJid":"94715778362@s.whatsapp.net","fromMe":true,"id":"45360DB969871EB1DC563CDFCFE4D233"},"messageTimestamp":1751806237},{"key":{"remoteJid":"94715778362@s.whatsapp.net","fromMe":true,"id":"6B90786D740A576EA3AB703BCF0BE6D8"},"messageTimestamp":1751806249},{"key":{"remoteJid":"94715778362@s.whatsapp.net","fromMe":true,"id":"9CDE5B661B7176BFE0E3CF82EB4F4A7D"},"messageTimestamp":1751806282},{"key":{"remoteJid":"94715778362@s.whatsapp.net","fromMe":true,"id":"2200995D637FCB3E253B71CF5CA41C41"},"messageTimestamp":1751806330},{"key":{"remoteJid":"94715778362@s.whatsapp.net","fromMe":true,"id":"940519ABFF1B969A00FC1ED9FE001474"},"messageTimestamp":1751806351},{"key":{"remoteJid":"94715778362@s.whatsapp.net","fromMe":true,"id":"9919E09A52DAB84786B2DAE31D05BE19"},"messageTimestamp":1751806406},{"key":{"remoteJid":"94715778362@s.whatsapp.net","fromMe":true,"id":"3D5036405FD9C8BC82417B88F77C3AAE"},"messageTimestamp":1751806420},{"key":{"remoteJid":"94715778362@s.whatsapp.net","fromMe":true,"id":"DA6373F875A6831059AF3C1A5CB16F29"},"messageTimestamp":1751806439},{"key":{"remoteJid":"94715778362@s.whatsapp.net","fromMe":true,"id":"7E8CC77219A23694F447C31B7538430E"},"messageTimestamp":1751806480},{"key":{"remoteJid":"94715778362@s.whatsapp.net","fromMe":true,"id":"468F007B0DDAD0EEF3A0CD388C85F963"},"messageTimestamp":1751806514},{"key":{"remoteJid":"94715778362@s.whatsapp.net","fromMe":true,"id":"A2C26EBFE08F83D348BBFFFC3B7CFFFA"},"messageTimestamp":1751806543},{"key":{"remoteJid":"94715778362@s.whatsapp.net","fromMe":true,"id":"6DD7C43ED0112BC42D71BBC984FC630A"},"messageTimestamp":1751806567},{"key":{"remoteJid":"94715778362@s.whatsapp.net","fromMe":true,"id":"B96C2D144BC7BE3885DCC505E0E9D35A"},"messageTimestamp":1751806596},{"key":{"remoteJid":"94715778362@s.whatsapp.net","fromMe":true,"id":"BAD5C72F6893E90F7D88BAA982941303"},"messageTimestamp":1751806623},{"key":{"remoteJid":"94715778362@s.whatsapp.net","fromMe":true,"id":"2CDA5C6AB87D1D9F3B2A0ABBC9C46AAA"},"messageTimestamp":1751806652},{"key":{"remoteJid":"94715778362@s.whatsapp.net","fromMe":true,"id":"D94CF22B6DFE58C7A0E815B4F35B60DC"},"messageTimestamp":1751806692},{"key":{"remoteJid":"94715778362@s.whatsapp.net","fromMe":true,"id":"926C305751D095B303CE9EFF51B004C6"},"messageTimestamp":1751806734},{"key":{"remoteJid":"94715778362@s.whatsapp.net","fromMe":true,"id":"E19F606803664005F445F62FF387FDEA"},"messageTimestamp":1751806759},{"key":{"remoteJid":"94715778362@s.whatsapp.net","fromMe":true,"id":"71D48F4C789B4080BC3F58DF50F133B6"},"messageTimestamp":1751806781}],"nextPreKeyId":320,"firstUnuploadedPreKeyId":320,"accountSyncCounter":1,"accountSettings":{"unarchiveChats":false},"deviceId":"bH0W-emLQRGGfNofKtg0MA","phoneId":"be03e9ee-a3e6-4419-aa1e-ced96528e94b","identityId":{"type":"Buffer","data":"ibCp1Q4MymqJPek3462xx55R1aU="},"registered":true,"backupToken":{"type":"Buffer","data":"iunsTosJLBMbvQj3sbd7nKJiFYQ="},"registration":{},"pairingCode":"4C8Z8RPS","me":{"id":"94715778362:7@s.whatsapp.net","name":"••𝓢𝓲𝓽𝓱𝓾𝓶 | 𝓛𝓪𝓴𝓼𝓱𝓪𝓷-••","lid":"217544807960736:7@lid"},"account":{"details":"COSWxa8GENvdqcMGGAEgACgA","accountSignatureKey":"sm/iNcytcJok4N8AK1kkKigbhlLAIj3foytUdB5m6yU=","accountSignature":"LeN4JSnVet9MCohz9xJYb5YFwDKD/E5HjEEpgjQ2U2JT4gKsAcsJF9yxmSBFf4po7o/nnQk1Wr7QWbLNsx2BCA==","deviceSignature":"lr+rgApnxStBlMpBkeP0DXOgsJ6VHqUL2vixByssc9ZgyEA3J7GbragdW3GDnP8twTByXks6jCOEx7+OcuB+CQ=="},"signalIdentities":[{"identifier":{"name":"94715778362:7@s.whatsapp.net","deviceId":0},"identifierKey":{"type":"Buffer","data":"BbJv4jXMrXCaJODfACtZJCooG4ZSwCI936MrVHQeZusl"}}],"platform":"smba","routingInfo":{"type":"Buffer","data":"CA0IEg=="},"lastAccountSyncTimestamp":1751808584,"lastPropHash":"3R9Z39","myAppStateKeyId":"AAAAAKIx"}