{"noiseKey":{"private":{"type":"Buffer","data":"aH9SzagY95935tmoiBxrb8yEAyLMgTkCNS7xo44VB3g="},"public":{"type":"Buffer","data":"7+50sF2cva64wmari6hMgZX8Imqutm0QNOy/JyNorSU="}},"pairingEphemeralKeyPair":{"private":{"type":"Buffer","data":"uJEwLD/0/BrgOQ75JYNArOylMJ2yTMs3F+JjXpuvlUc="},"public":{"type":"Buffer","data":"+63O03rd2y1pDrsTRcjy6lFHPjmIb9/MzUjm9OsYdQs="}},"signedIdentityKey":{"private":{"type":"Buffer","data":"oNLcmKhOMWsS+V4YtDHZx66FHnecZRpKtRN0VP2dI3M="},"public":{"type":"Buffer","data":"3VUpvEU0wZ9EJT6oq8ecsAVu03duXdGZUm6Gms6q6iA="}},"signedPreKey":{"keyPair":{"private":{"type":"Buffer","data":"cHUNCiI4Z5Bo2fOKcByTtIWW/QcUF+DJICAxkBHPmUo="},"public":{"type":"Buffer","data":"0ZnqBtbjxzoJUI93LDoOzkSTs927hI6LiqhKcqQmngw="}},"signature":{"type":"Buffer","data":"YIVFGJpQB5g/gaakLFLztJIBjrgVFMZSOV3zz/QO3fPEexLt7prfwe4CeULUTScAqxilYH4TqKHT8syXmVajBg=="},"keyId":1},"registrationId":239,"advSecretKey":"XdIsf/RxYoo+t0hZQTv9FcIl+CLeAPnkm9JRI94DAac=","processedHistoryMessages":[{"key":{"remoteJid":"94725963819@s.whatsapp.net","fromMe":true,"id":"179BC396CD6E8A38E8DFD4BB1E288F6C"},"messageTimestamp":1751739808},{"key":{"remoteJid":"94725963819@s.whatsapp.net","fromMe":true,"id":"49EB3D5672FADFE2D2C7AE4F0B858F0C"},"messageTimestamp":1751739809},{"key":{"remoteJid":"94725963819@s.whatsapp.net","fromMe":true,"id":"ADC9DC0F47C9E455F73B2784E3AA9D08"},"messageTimestamp":1751739886}],"nextPreKeyId":517,"firstUnuploadedPreKeyId":517,"accountSyncCounter":1,"accountSettings":{"unarchiveChats":false},"deviceId":"beUjTLguRBGse-9s4Heq7A","phoneId":"53d5f24b-c473-472b-bd15-6fb5e98edead","identityId":{"type":"Buffer","data":"6jnWNeTMfIITNyfn9mvhl59uRWY="},"registered":true,"backupToken":{"type":"Buffer","data":"S5PwKLDNlgOChvUYi7ciD0qVcX0="},"registration":{},"pairingCode":"J469PEP6","me":{"id":"94725963819:22@s.whatsapp.net","lid":"132697947156669:22@lid","name":"𝑻𝒉𝒊𝒔𝒉𝒂𝒏 𝑩𝒐𝒚🅥(Bot 🤖)"},"account":{"details":"CMfOlsEHEILbpcMGGAogACgA","accountSignatureKey":"QIeWmxfXw15ZCXokPVLw+O3rr+tCwNyvjL0fYYLoR0Q=","accountSignature":"lRd0hal665exuoQRtcMOFoQNVzfXUrWjnPr/x3RdTCKlTcPERSb/y9RplXbqxVg7SICu9vhhxzUr8crwE3ikBQ==","deviceSignature":"cbU3735z4pGFa5GGF5JiwSSDWAqvKnDO252W6kJqYbZxDK/BXDrwcPgDQS0tPdvoHiuJRLCaEO8Lu+nMf+58Bg=="},"signalIdentities":[{"identifier":{"name":"94725963819:22@s.whatsapp.net","deviceId":0},"identifierKey":{"type":"Buffer","data":"BUCHlpsX18NeWQl6JD1S8Pjt66/rQsDcr4y9H2GC6EdE"}}],"platform":"android","routingInfo":{"type":"Buffer","data":"CAgIDQ=="},"lastAccountSyncTimestamp":1751754854,"lastPropHash":"3R9Z39","myAppStateKeyId":"AAAAADaA"}