{"noiseKey":{"private":{"type":"Buffer","data":"6HB9/ZmWzpx5blX7mllDTOeFtqb8G15sOcWXbfmdCVQ="},"public":{"type":"Buffer","data":"lhQxrP9sKiH1ZghVtDJAUj2wlx9FskewVCcHRGR12Sw="}},"pairingEphemeralKeyPair":{"private":{"type":"Buffer","data":"AK80n2lw5dBis8ULE0xDYsKmKIVXgdse3+OD1FfHUlw="},"public":{"type":"Buffer","data":"+tEMUfELLtdPHGuLH1wX7RX16x382HaDkz2jy8wAVX8="}},"signedIdentityKey":{"private":{"type":"Buffer","data":"iBakSNg02r4oBc+hXqBz8/shl14bazZaziBbhnf/TXE="},"public":{"type":"Buffer","data":"QvO3gDYV0/OnylRXhKoxzyHgiH+2BILpAa8ol5fT2B0="}},"signedPreKey":{"keyPair":{"private":{"type":"Buffer","data":"QHZadyVi70Y41r+4lRp5A2WnPpecyWgpXAzU8cD5wlo="},"public":{"type":"Buffer","data":"WpsdFEWeNWiQiQD9XyFcwA4mjhcsCB9ZIdlRl2V13Wg="}},"signature":{"type":"Buffer","data":"x86i0MxG5jZ90nWgkSyOxNlY7GnqZqNTs2ZhET2IljO0AofJkxN27kRlaYU5CSGrj9CDaf6/SlmEx9Uwqom0Bw=="},"keyId":1},"registrationId":154,"advSecretKey":"usEGJHRAQ2WCUyPz2ZrtjQyx8VQm4zgIPkC788dhdnc=","processedHistoryMessages":[],"nextPreKeyId":1,"firstUnuploadedPreKeyId":1,"accountSyncCounter":0,"accountSettings":{"unarchiveChats":false},"deviceId":"4KGvbRDKRs2Hjsw9D-n6iw","phoneId":"21c3f9e2-4c62-40c1-bf16-7547b6b13fe6","identityId":{"type":"Buffer","data":"Obfmoe94oAieYaiaoVbYwkdrAPQ="},"registered":true,"backupToken":{"type":"Buffer","data":"8HLjccXcc1YCHEcDDdG9caQp+WI="},"registration":{},"pairingCode":"Y21BVLB6","me":{"id":"94742772526@s.whatsapp.net","name":"~"}}