{"noiseKey":{"private":{"type":"Buffer","data":"8I9OpHdR/z2c0hKu2qbYynemX5GnpsX2QKBs46MHZmY="},"public":{"type":"Buffer","data":"mIw8HNPDM76yMs5VsQ9YBmNPB+lZ0qbhL9aGHlLcrj8="}},"pairingEphemeralKeyPair":{"private":{"type":"Buffer","data":"iMDh80vjMLle2JEyvgvTVhlXOJu4wZDQk4Lzrfgs5nc="},"public":{"type":"Buffer","data":"aOZ+7BzJ1+9RGPXnV2usgf80jI2BwHti8/fLC9cF7H0="}},"signedIdentityKey":{"private":{"type":"Buffer","data":"oNLqxWxsZjyM47orPen3sqk1I8YLc8t2fZmWk8WmW1Y="},"public":{"type":"Buffer","data":"yPtWXkmrjOsGFPN3P8I+5/f1A0I70lJ2ELIMJzJbUwQ="}},"signedPreKey":{"keyPair":{"private":{"type":"Buffer","data":"qBpocWyWcsVU9nUjdwXMQk1HTIpALuvH2ubEsPvuYn0="},"public":{"type":"Buffer","data":"a3ny/AEDsi6V3expcanTqXUfRKUzDWj/QJxqGxJbWQI="}},"signature":{"type":"Buffer","data":"I1G6uM2Y5KeCDX5Ebp5GSyTJU+GCYvd5UPveUNvwwgkHtpbPBIg2KlGLssdla9ASFPujlIyzclRqvILUQdtviQ=="},"keyId":1},"registrationId":20,"advSecretKey":"ZBEAzhQy5XZ/2qVzjrQP1rMjwn+SstzrICV0AsOqAUc=","processedHistoryMessages":[{"key":{"remoteJid":"94768331370@s.whatsapp.net","fromMe":true,"id":"AD23AAACA427A943CA22A79DCB9FADF9"},"messageTimestamp":1752341179},{"key":{"remoteJid":"94768331370@s.whatsapp.net","fromMe":true,"id":"DF467AEF52071365D5168384F0CF56AA"},"messageTimestamp":1752341213}],"nextPreKeyId":97,"firstUnuploadedPreKeyId":97,"accountSyncCounter":1,"accountSettings":{"unarchiveChats":false},"deviceId":"Mg6c2yrqT2Cn6nsP21i6Wg","phoneId":"61c4dd43-eee2-4608-9078-793499292892","identityId":{"type":"Buffer","data":"M9VWNfp57ed3VQ7GO10tYTBfB08="},"registered":true,"backupToken":{"type":"Buffer","data":"gfZMjNEu6PxOmngW9NaQae+XmXo="},"registration":{},"pairingCode":"Y171VX9L","me":{"id":"94768331370:66@s.whatsapp.net","name":"රාජාන්ගනේ ලොකු සාදු","lid":"240428444041248:66@lid"},"account":{"details":"CKvq8I4HEJm1ysMGGAEgACgA","accountSignatureKey":"U9nA0c0Mw45y0UUX3yPhGpUfaJBm3RlA/+csco2BdEo=","accountSignature":"bmUZEmeyyUrsDNBvjV+80WlJ7Z1QYLxeTT2hEKcNmumuId778IZw8Pe0mvcWzgyd47/ObpWMQ8zLVtw5/GcUAA==","deviceSignature":"maqsZQFf6E1d8+0aKRKHszLcLZUMJOTcaeg7hdVeC51JVKIaWuNqnWlP9avY9qtfrZwO/KelaxsobD6yzHMFgg=="},"signalIdentities":[{"identifier":{"name":"94768331370:66@s.whatsapp.net","deviceId":0},"identifierKey":{"type":"Buffer","data":"BVPZwNHNDMOOctFFF98j4RqVH2iQZt0ZQP/nLHKNgXRK"}}],"platform":"smba","routingInfo":{"type":"Buffer","data":"CAMICw=="},"lastAccountSyncTimestamp":1752341255,"lastPropHash":"2V77qU","myAppStateKeyId":"AAAAAEcd"}