{"noiseKey":{"private":{"type":"Buffer","data":"0HhrJmZ353GTID3gIjDndyRSE2mQh5zpfmc+jvpRW34="},"public":{"type":"Buffer","data":"5BbCb+4gjfywEpvpGGSO4H0Nh2jfGpKMMW7S72pR/H4="}},"pairingEphemeralKeyPair":{"private":{"type":"Buffer","data":"OHO3f6DNvAKduUXa44prSvDgPrETsFJoN2ba+Y3KMkA="},"public":{"type":"Buffer","data":"GSMU1WWdTv29XABw8/SFSTur5YUOBrD+qSBLd6Nark8="}},"signedIdentityKey":{"private":{"type":"Buffer","data":"cEKEfEj4zGPbjhjOCJcNzrmI56Nd355zCWvtTdyMh1M="},"public":{"type":"Buffer","data":"pGNqZdo1JTyhUvM21MVltC4OdM8wDRyG9QC3KfXVLH0="}},"signedPreKey":{"keyPair":{"private":{"type":"Buffer","data":"GBgp49U5nntfh5SI9RvtDbRtFQmVqavQthtEdue0xkc="},"public":{"type":"Buffer","data":"xif3YDeECpGMfImYtAHU5wb1z1Z2bt2RrZQyIm7u5AM="}},"signature":{"type":"Buffer","data":"WfFA2TGXM1J+5S0UE9DLPJtlmemlgsfUEwFxsu2dUec1E3ax2pgpPoSvwyOH1UzFGlvD9dlwygwNkbcXi8lOgA=="},"keyId":1},"registrationId":224,"advSecretKey":"NVnmcydkZ9UETptmzFiCwGhXEr0g093bXdXarSuCb8o=","processedHistoryMessages":[{"key":{"remoteJid":"94715417141@s.whatsapp.net","fromMe":true,"id":"A189339DFA46B5254AF3C354F2BD6B4F"},"messageTimestamp":1751882317},{"key":{"remoteJid":"94715417141@s.whatsapp.net","fromMe":true,"id":"94FB35419143751153E5359AFDBFFA89"},"messageTimestamp":1751882321},{"key":{"remoteJid":"94715417141@s.whatsapp.net","fromMe":true,"id":"E770733713B1F57FD8526C62F3E3E4DC"},"messageTimestamp":1751882373},{"key":{"remoteJid":"94715417141@s.whatsapp.net","fromMe":true,"id":"59279B066F191AAEC763EC74833EC648"},"messageTimestamp":1751882410},{"key":{"remoteJid":"94715417141@s.whatsapp.net","fromMe":true,"id":"CE74545A8748894C7945EC5FE903ECD4"},"messageTimestamp":1751882450},{"key":{"remoteJid":"94715417141@s.whatsapp.net","fromMe":true,"id":"19D9FD67606C09F696CAFCC53B267142"},"messageTimestamp":1751882459}],"nextPreKeyId":169,"firstUnuploadedPreKeyId":169,"accountSyncCounter":1,"accountSettings":{"unarchiveChats":false},"deviceId":"ZGoDt5jzRMa85BCGhs3cEw","phoneId":"76c1266a-e8b0-44ed-a75d-fe41f2ffafca","identityId":{"type":"Buffer","data":"FV7JD4p3/H6wCK0oB8QVyAyF/8c="},"registered":true,"backupToken":{"type":"Buffer","data":"EtE6dYEWPL1zFg6vmwsWJ6A2KDs="},"registration":{},"pairingCode":"9ZHNWARM","me":{"id":"94715417141:3@s.whatsapp.net","lid":"127414986379358:3@lid","name":"ᴜᴠɪɴᴅᴜ ᴍᴀʟᴇᴇsʜᴀ❦"},"account":{"details":"CM7mwY8DELm0rsMGGAMgACgA","accountSignatureKey":"e1vkntDQmQ55whY4stvrx/0vKegTUcvZzjx/di0SHxQ=","accountSignature":"b1XkSAlXeyBypVC7LotC9bjOTwe0XkugbMbwEKo8fuMu6J0AFULp5JIeS1/pk6buEFQgw3EB3aHCN1wHAwdjBQ==","deviceSignature":"vqJvtely10f24O05sqdz8/Y2NcsgdeBNtj2XkwwAze/gQvhvEGId/VFaAATKdYIXBT1QommUBSjFbDQ/nb54gw=="},"signalIdentities":[{"identifier":{"name":"94715417141:3@s.whatsapp.net","deviceId":0},"identifierKey":{"type":"Buffer","data":"BXtb5J7Q0JkOecIWOLLb68f9LynoE1HL2c48f3YtEh8U"}}],"platform":"android","routingInfo":{"type":"Buffer","data":"CAUIDQ=="},"lastAccountSyncTimestamp":1751882309,"lastPropHash":"1K4hH4","myAppStateKeyId":"AAAAAFyE"}