{"noiseKey":{"private":{"type":"Buffer","data":"oGxHuQQ8i/UBKbQKleyZydWuepzWvCSD4jwVnw8KyEs="},"public":{"type":"Buffer","data":"Z1HfTZlhjOLZmAgYFaqUPgT0A5nKxRM1ZUqZlQfKByU="}},"pairingEphemeralKeyPair":{"private":{"type":"Buffer","data":"8MOxAX09Q3enLuX7zxk30U7npbIKU3aouulygaP9bnQ="},"public":{"type":"Buffer","data":"ikhqqEFBylOgxKiXkXPw66aj27IR5X1eRS1q+GzZbDA="}},"signedIdentityKey":{"private":{"type":"Buffer","data":"KCpDCpZllRQoR5G8y4QZbmAU0GD2eW4GwaNANG55bUc="},"public":{"type":"Buffer","data":"1lQ6l7/2GetylaMbyvkrjt/KHdyA9Q0/bMI0X41ZqHc="}},"signedPreKey":{"keyPair":{"private":{"type":"Buffer","data":"+LHz6ShEio7iiLJ3YrI5vOlnhEXQwAIuHhxdgUqgz1Q="},"public":{"type":"Buffer","data":"2pc3danF7xFbSmhTZ8xH8zv/NMdzYtqMaYRnvtH92EQ="}},"signature":{"type":"Buffer","data":"tMiYD7yE4jYsamVNic9HeKd/ANsXMnqdDHUJ3JV9c8UEYqaOw+ghxyyP9pyC54bEdt+q2i/CI/DuQKvyqdq8DA=="},"keyId":1},"registrationId":177,"advSecretKey":"z6WmYHq9+UG2uGOmL1+2IDU7JlWYMxv94Fu8ozphqQo=","processedHistoryMessages":[{"key":{"remoteJid":"2349023585501@s.whatsapp.net","fromMe":true,"id":"22E9F656355F09E87677950FA9B7F76A"},"messageTimestamp":1752256892},{"key":{"remoteJid":"2349023585501@s.whatsapp.net","fromMe":true,"id":"EDE30F592C705499E1E681B3E858660D"},"messageTimestamp":1752256896}],"nextPreKeyId":2031,"firstUnuploadedPreKeyId":2031,"accountSyncCounter":1,"accountSettings":{"unarchiveChats":false},"deviceId":"VXZ-VYd6RuGhmhKIZUT5Cg","phoneId":"c4b74d80-3bd0-4e56-8c31-3fd9e896d77b","identityId":{"type":"Buffer","data":"AiLIMpfJ2F7FfClMpmEdF76zEF0="},"registered":true,"backupToken":{"type":"Buffer","data":"5Rkvtl0ZK/ZQHQk80URRH0oWZGI="},"registration":{},"pairingCode":"N5XRCNHH","me":{"id":"2349023585501:9@s.whatsapp.net","lid":"94442522435694:9@lid","name":"aм ι нιм!?"},"account":{"details":"CP3T4bYEELuixcMGGAMgACgA","accountSignatureKey":"fahhZjSxe44hBT2wv704GrjQ1Oe67j1EZtE1mObiQWE=","accountSignature":"VPjOncuGeUHlXzTqIzt0iVPQ0s7D6lipD7OyYJaiM42qW+1RP/lklkgLRIZyW34eSKFIg+nQq49jb3SzresRDA==","deviceSignature":"LL5IZlcO52HFFk+eFOhfAijxn437bX4blOfCB43oP5Mr8pVJo+njIjhilZ9is2cOXSSUmUUpxoCpi/ueWtjOBw=="},"signalIdentities":[{"identifier":{"name":"2349023585501:9@s.whatsapp.net","deviceId":0},"identifierKey":{"type":"Buffer","data":"BX2oYWY0sXuOIQU9sL+9OBq40NTnuu49RGbRNZjm4kFh"}}],"platform":"android","routingInfo":{"type":"Buffer","data":"CAsIAw=="},"lastAccountSyncTimestamp":1752256927,"lastPropHash":"nm3Bb","myAppStateKeyId":"AAAAAICI"}