{"noiseKey":{"private":{"type":"Buffer","data":"oIbCHNfUhtAgalwuSXKyne+zDv/4tiQlSeU8f4ZxlG8="},"public":{"type":"Buffer","data":"86rq1Z/HKOsK7POWnyZkvs0iSe4qB9Wvo8oi5UUxRCc="}},"pairingEphemeralKeyPair":{"private":{"type":"Buffer","data":"4I0bMShzYOhho02RkB41moaTlJbjNemiU/sNkm3NfEk="},"public":{"type":"Buffer","data":"FS/nyXbhPjMmLZTmxMDN0wKnQKTgck0Ptk8Hj2emkUo="}},"signedIdentityKey":{"private":{"type":"Buffer","data":"QODxQ0ehDPStw0Tm/CTuJhPmqro7Onp8TxCDPU95YHY="},"public":{"type":"Buffer","data":"smXKw78reACg9gR9P0hjdMuahTnYqpNY+dV9LyxEXkg="}},"signedPreKey":{"keyPair":{"private":{"type":"Buffer","data":"QNi5kd9b52xkCRLR2xoRzAM/IRVveezv0i5Hd39rBFQ="},"public":{"type":"Buffer","data":"Dgg7wghlso0BN4nKNfXWQgh9KR2U993Zt1qKKuJ1kXU="}},"signature":{"type":"Buffer","data":"hcPmfsm6Kn1xY9N8gKP9xyV3DMZ8fajv3/JjSPbZU9lkf0pNS32/lBxp1KxNoLWdW7z8+FwbCQ3UXn9EF1ppiQ=="},"keyId":1},"registrationId":127,"advSecretKey":"H1VHCxhGr5BMp6OcxVDKcmfM8Fe6iNzVY7+mQMQRawc=","processedHistoryMessages":[{"key":{"remoteJid":"94765327047@s.whatsapp.net","fromMe":true,"id":"0FB154A0C0B10ADA684A0E2FA3D2AB92"},"messageTimestamp":1751994037},{"key":{"remoteJid":"94765327047@s.whatsapp.net","fromMe":true,"id":"ED02B318D75B3E4A245766FE0653CC5C"},"messageTimestamp":1751994037},{"key":{"remoteJid":"94765327047@s.whatsapp.net","fromMe":true,"id":"2ABC759E975FBE113AF340A8778F366B"},"messageTimestamp":1751994045},{"key":{"remoteJid":"94765327047@s.whatsapp.net","fromMe":true,"id":"5C2D8E1AA51ADF7F39CCB0DE2AA249BC"},"messageTimestamp":1751994049}],"nextPreKeyId":31,"firstUnuploadedPreKeyId":31,"accountSyncCounter":1,"accountSettings":{"unarchiveChats":false},"deviceId":"IEc9tfefT-G9nFVku7K6HA","phoneId":"76af6ebe-8a81-427b-9f01-a301ebf10572","identityId":{"type":"Buffer","data":"bgf7MNhIk/XVLE9ZhOLrj0KGLlg="},"registered":true,"backupToken":{"type":"Buffer","data":"cbsvz4Js63qDb1jTscPrZh73ZAg="},"registration":{},"pairingCode":"S8GB6AAH","me":{"id":"94765327047:6@s.whatsapp.net","lid":"268903792038114:6@lid","name":"kaviiya"},"account":{"details":"CM7E+NYGEKSdtcMGGAYgACgA","accountSignatureKey":"puSaet0Iq8O5FQ8sECqhQXaeiJJsRjpgEujaSjLfhxA=","accountSignature":"b+HsGdUc5zdctZGrAjUZx/06bZwuxSi4cMIi+WH5OmPYKlwYt7RP9uHfQjUYDESRmZysNjAk6q94aFcbP3MrBg==","deviceSignature":"Eq5nAUYoKzmOMnQ/kk0NqaaMqUYQQ5vrPPehF2cKxIivPVk65nWBidCporGA+0NqsrAkgZ97JQy1Zu55WsPPjw=="},"signalIdentities":[{"identifier":{"name":"94765327047:6@s.whatsapp.net","deviceId":0},"identifierKey":{"type":"Buffer","data":"BabkmnrdCKvDuRUPLBAqoUF2noiSbEY6YBLo2koy34cQ"}}],"platform":"android","routingInfo":{"type":"Buffer","data":"CAgIAg=="},"lastAccountSyncTimestamp":1751994034,"lastPropHash":"1K4hH4","myAppStateKeyId":"AAAAAKtb"}