{"noiseKey":{"private":{"type":"Buffer","data":"uGk4yTVowdFBEtN9dpaxydjYB34smOwpX2n9Vq6+iHI="},"public":{"type":"Buffer","data":"bC9X495Po2+NtloBxN1m0MoZAjahooXPI/6P62yzaww="}},"pairingEphemeralKeyPair":{"private":{"type":"Buffer","data":"2E/asisPoweX3U8pieyIFDeI/S879pYYp8QEMuQhcms="},"public":{"type":"Buffer","data":"+9iH03bm+D3inK0LRlhQ0rYr3D3Q52Yfd6VZjPUJmwA="}},"signedIdentityKey":{"private":{"type":"Buffer","data":"gEtXIzuoq3lnunhT3lwJc/2A4NJ9ZXzCkLaOpreexGY="},"public":{"type":"Buffer","data":"HA9lwAe3xylwNT8PuEI8RRtJccemCjPjldkY1c/bG1A="}},"signedPreKey":{"keyPair":{"private":{"type":"Buffer","data":"wB2H9zYmG053bRKw0vvpa9g3iWUyQLy3YT8lBZSOFns="},"public":{"type":"Buffer","data":"FvJkysFYzbpICbxofpu7h6fxqN0wJCjPkABZjd7WTjM="}},"signature":{"type":"Buffer","data":"UiIKYTyUHvURBdvTe4JaYC0WI16O1qiIp3zuoY0VNyx25UUWG1mDD8295LkVaOWMncnOwaKV+dgFc4HyIu8+Cw=="},"keyId":1},"registrationId":197,"advSecretKey":"EZMp0s6aLRV/P0bcF53vTyl3ByJJFGltJ9gNnJ4rbG4=","processedHistoryMessages":[{"key":{"remoteJid":"94783125935@s.whatsapp.net","fromMe":true,"id":"4DF3B6B1EC6CE0D8F28B7DDDB7E53549"},"messageTimestamp":1752072273},{"key":{"remoteJid":"94783125935@s.whatsapp.net","fromMe":true,"id":"172CDF400B9A1DB58925B38EFC6D504E"},"messageTimestamp":1752072273},{"key":{"remoteJid":"94783125935@s.whatsapp.net","fromMe":true,"id":"209DB46C4B0EE3DBB4136E220AF9794C"},"messageTimestamp":1752072275}],"nextPreKeyId":61,"firstUnuploadedPreKeyId":61,"accountSyncCounter":1,"accountSettings":{"unarchiveChats":true},"deviceId":"V8ckor7CQVGwK-j6EeelGg","phoneId":"5136bc75-1c94-40e0-bade-062d0082e7af","identityId":{"type":"Buffer","data":"+FrOKagBs3aN4XVY1gF34ECBWa0="},"registered":true,"backupToken":{"type":"Buffer","data":"XMWkH++DoMZv8gSreodkfswoj08="},"registration":{},"pairingCode":"355287QB","me":{"id":"94783125935:43@s.whatsapp.net","name":"囧囧ʀᴇᴀʟ 𝗕𝗟𝗔𝗖𝗞 𝗛𝗔𝗖𝗞𝗘𝗥","lid":"190409405923546:43@lid"},"account":{"details":"CI3gy8UEEMOAusMGGAEgACgA","accountSignatureKey":"yXdg3BXzGof+vBNoHgGm/XnbhdUPcNJVMV5oZfSXVW0=","accountSignature":"kMGi3eEuxCJtc0Rw7b45YTzOMRtFm+HMJey3q/S3V0d6SXtSHP+BsoDNtKwtEolsde9OQMTQy8x6fhNYEQ8RCA==","deviceSignature":"C1qzh16lIhEIhIu+jlXPiyCq5T2l0LXrMBFgOq/Stkxkjg4HRw50QtTGmJjHr8NCIQvPXh9oEs0ly29D05moDQ=="},"signalIdentities":[{"identifier":{"name":"94783125935:43@s.whatsapp.net","deviceId":0},"identifierKey":{"type":"Buffer","data":"Bcl3YNwV8xqH/rwTaB4Bpv1524XVD3DSVTFeaGX0l1Vt"}}],"platform":"smba","routingInfo":{"type":"Buffer","data":"CAUICA=="},"lastAccountSyncTimestamp":1752086498,"lastPropHash":"3R9Z39","myAppStateKeyId":"AAAAAHE2"}