{"noiseKey":{"private":{"type":"Buffer","data":"cF2PRuUW5oVoqwD97Ko6KUtt0xfN7UfnvkZT+w9JCVY="},"public":{"type":"Buffer","data":"JJiaZ1BDzSLb4akpen23IdNQXZD/rTr59kyHL2v0+04="}},"pairingEphemeralKeyPair":{"private":{"type":"Buffer","data":"eD4VZNuIzolpswvg8TNQOlbYmD4scUsNpBY6EDhyOUQ="},"public":{"type":"Buffer","data":"SvkcbO9oqj6rEnJ37QJSCVp0FosApjdUbWyJhimWExU="}},"signedIdentityKey":{"private":{"type":"Buffer","data":"GKE9RAOyZ0Ua1utN78yHstdRqgDZ9EbAzGjHSPicF2o="},"public":{"type":"Buffer","data":"/Q5kX6GG5GSDoKbdUFcqtTgbigMSLFWBEYBEz9KdB2s="}},"signedPreKey":{"keyPair":{"private":{"type":"Buffer","data":"gO5I/C5BK+6GhTZ2oHRbM/SfnF4bRQJIR8v6OxacqnM="},"public":{"type":"Buffer","data":"RMQfBLi3DOVHGJFJ8/o0vpoUeuUv+VLeeT0gGzvEmQw="}},"signature":{"type":"Buffer","data":"fN0br/lOvadg/9vXzRnrOiuAYX+W0WLQ7/lr1Eqse9mE7vlC6SR/uvv39EgGnmIY1PdVAWVqM4y3HlNzZVbDhg=="},"keyId":1},"registrationId":85,"advSecretKey":"BmHIGHyvk/z0ngPUjl2YcHoX2nVs2p6hB240OZ5EfGU=","processedHistoryMessages":[{"key":{"remoteJid":"917628962110@s.whatsapp.net","fromMe":true,"id":"CA4DDA00F84A94966FAD9036684D1813"},"messageTimestamp":1752454176},{"key":{"remoteJid":"917628962110@s.whatsapp.net","fromMe":true,"id":"B5F1BE0901B03E9A379EF3E28D28701C"},"messageTimestamp":1752454179},{"key":{"remoteJid":"917628962110@s.whatsapp.net","fromMe":true,"id":"18B4996F3328147C1A9252C6584B6227"},"messageTimestamp":1752454200},{"key":{"remoteJid":"917628962110@s.whatsapp.net","fromMe":true,"id":"C7B6228696FCC2DBB8EA49C6431ADF0E"},"messageTimestamp":1752454205}],"nextPreKeyId":31,"firstUnuploadedPreKeyId":31,"accountSyncCounter":1,"accountSettings":{"unarchiveChats":false},"deviceId":"fS5okmCWTJ-fI8kFIzEepQ","phoneId":"eb365858-6153-423c-bc07-a60294b8c23b","identityId":{"type":"Buffer","data":"ZY4PztpJmrc4gHb95VAx2mQqTbU="},"registered":true,"backupToken":{"type":"Buffer","data":"bgSXgwTgxToK5QNY/D5KGFMCz+A="},"registration":{},"pairingCode":"3AHBAMQT","me":{"id":"917628962110:13@s.whatsapp.net","lid":"177318211367075:13@lid","name":"𝄟≛⃝❤ʜʀɪᴅᴏʏ𝄟≛⃝❤"},"account":{"details":"CKaotNsEEImo0cMGGAEgACgA","accountSignatureKey":"l8k1nKPlaCtktKuc1C7RaWtyjb0m2Y/Hrs1inEAGr0c=","accountSignature":"zmIUMHat0+Q79RBsUlnbjIHQ37On92r2lDGDw1vSM3VdquBeka8xMN3RBNIrKv29X7T+B0Y114K+LYsD+k0WBA==","deviceSignature":"XknLkrc/q1qaN0Y3ejtl/Dx7jn9PIAxs8RttLzr2OKUIGi7XAQJLPYEo1pvR5gPw8Ataha3eRdxvhcGf95MpgQ=="},"signalIdentities":[{"identifier":{"name":"917628962110:13@s.whatsapp.net","deviceId":0},"identifierKey":{"type":"Buffer","data":"BZfJNZyj5WgrZLSrnNQu0Wlrco29JtmPx67NYpxABq9H"}}],"platform":"android","routingInfo":{"type":"Buffer","data":"CAsIAw=="},"lastAccountSyncTimestamp":1752454167,"lastPropHash":"C4fJN","myAppStateKeyId":"AAAAAJ1q"}