{"noiseKey":{"private":{"type":"Buffer","data":"AJBDIVXDQwn85pFO4mHApVa7ASRdSCzYLZ4j/eJ1qWo="},"public":{"type":"Buffer","data":"PbCkNRQm/BkS6oXHjVOJkAIMU7cpB80qySN6J7+UCU0="}},"pairingEphemeralKeyPair":{"private":{"type":"Buffer","data":"MK6yB8SjEPN6Ce4+iYdRgZ9Nn+JlrMtLm6uXvpihGGA="},"public":{"type":"Buffer","data":"2TgRQQYeF8auUb3CJaJZJd1HwZCwzj3nBQC/uUxBZmQ="}},"signedIdentityKey":{"private":{"type":"Buffer","data":"cM0fU0eEJ3qHsEKMaXz2b6eTrwK5P29Tp7rf1W384Es="},"public":{"type":"Buffer","data":"dJy3yLt486mYtCJ+Y/abZGHgLsPYV9w9JuWTYSMnung="}},"signedPreKey":{"keyPair":{"private":{"type":"Buffer","data":"gOhSfAQd4hvpXZD4JaRYWeKrSaM0sLSqC2vYNUoC718="},"public":{"type":"Buffer","data":"UcA6xFLC3g6GpZwf0OyGdyyD/G2FG19ywxZg0uc1fVI="}},"signature":{"type":"Buffer","data":"4g66P2VreoMq5vgtpKmBU9oLE+AYeoTlH2svUxcfLCquttvINtH7Vmmbz8iEUjjuc6wKgtYPO9tFdNGDYFWyCg=="},"keyId":1},"registrationId":89,"advSecretKey":"LT9vmPaCsvX+gXxZtmGZm6tqflLFJlkyqyzXpLlfH/w=","processedHistoryMessages":[{"key":{"remoteJid":"27674530057@s.whatsapp.net","fromMe":true,"id":"854EB7A84CB2458D54D9F6282DD5A25F"},"messageTimestamp":1752306620},{"key":{"remoteJid":"27674530057@s.whatsapp.net","fromMe":true,"id":"CD13AF9F30DC7CCF98F75773166326B8"},"messageTimestamp":1752306622}],"nextPreKeyId":32,"firstUnuploadedPreKeyId":32,"accountSyncCounter":1,"accountSettings":{"unarchiveChats":false},"deviceId":"Luahg-v7Qmi4e2vVOw8h8Q","phoneId":"0cf5d1a7-2360-4580-95e0-333ddf7666cf","identityId":{"type":"Buffer","data":"caSSN+AE0T7T1UhLnGlNSBzq0P4="},"registered":true,"backupToken":{"type":"Buffer","data":"6+xGAVUVi9O0Jc5Im4+SpJq2yIU="},"registration":{},"pairingCode":"YQ8Q3WMM","me":{"id":"27674530057:29@s.whatsapp.net","lid":"107387704836211:29@lid","name":"Rehan"},"account":{"details":"CMrV1JEGEKinyMMGGAEgACgA","accountSignatureKey":"DN9kFSu++MUfssSzwdNAopWQdKbWhxjDkuQa8PBYyjk=","accountSignature":"5eCnEdwrCjDS7ALbX/Pxnc1TVO2Siu4OhsRCleiVXvdUohDfs/vpIEyka7XrAOdunPCp1VVGPjRtfWIKfoxECA==","deviceSignature":"rUZ+gqgtlNFEQ5eaTWBAzzDIBSPT4yJV0tk+A4woYY9DhZEwNo49MiOIeKF9H1Tq0QbXZ8+GnY+K3kUpCsb4Bw=="},"signalIdentities":[{"identifier":{"name":"27674530057:29@s.whatsapp.net","deviceId":0},"identifierKey":{"type":"Buffer","data":"BQzfZBUrvvjFH7LEs8HTQKKVkHSm1ocYw5LkGvDwWMo5"}}],"platform":"android","routingInfo":{"type":"Buffer","data":"CAUIEg=="},"lastAccountSyncTimestamp":1752306613,"lastPropHash":"2V77qU","myAppStateKeyId":"AAAAAPtK"}