{"noiseKey":{"private":{"type":"Buffer","data":"6I3kjEvGWXk5NrYWYmChbPDGVkuiNPHeKHHOBztqi0s="},"public":{"type":"Buffer","data":"BHAwo/y1WcenhvpgLXz+cwI3UXotfytztFOWh0/iVnI="}},"pairingEphemeralKeyPair":{"private":{"type":"Buffer","data":"IAtLaQsWHKXfZ3bc2sMeXIXd4dkCosIeMpWDdcMzQHE="},"public":{"type":"Buffer","data":"Ls0p3r+plYAsb0uuIhMmHrvjy+iHAs2frmNHKn0A3WY="}},"signedIdentityKey":{"private":{"type":"Buffer","data":"EF45MmsjArQTqDVVLgRoLRZ+fr0UbbCtuEgTRel4i0I="},"public":{"type":"Buffer","data":"DzqhNmdTqgbU7Wc4tvMKVp3iW/APWqTkk7YFyoagNnw="}},"signedPreKey":{"keyPair":{"private":{"type":"Buffer","data":"EMak8Dhc8+CA5sf+qPd1K3O9oJXia4R881dCyW2wu1w="},"public":{"type":"Buffer","data":"h+XdZbK/K+dUCzKxm79SE1hzxLsxNr68jBCqoZNaChg="}},"signature":{"type":"Buffer","data":"AynZjvA+0NsVa0YqhCRgWBlX3XNFALJApBokVZt54haZH+hwaqVcRo1npBvvHqIyY9IlrK/4DYXYOehYEPD2iA=="},"keyId":1},"registrationId":203,"advSecretKey":"43hOXQqmVGJLCN8yxVYy5vSGqCDbM72iX5wnQvGojuQ=","processedHistoryMessages":[{"key":{"remoteJid":"923023842339@s.whatsapp.net","fromMe":true,"id":"B9A6F465C85B676340697040104CFD02"},"messageTimestamp":1752133937},{"key":{"remoteJid":"923023842339@s.whatsapp.net","fromMe":true,"id":"C6012574588FCBCA201B58F27F9BF355"},"messageTimestamp":1752133938},{"key":{"remoteJid":"923023842339@s.whatsapp.net","fromMe":true,"id":"43E5D1A49229BEB8A69867FC5F572682"},"messageTimestamp":1752133978},{"key":{"remoteJid":"923023842339@s.whatsapp.net","fromMe":true,"id":"1F1976E329F5C9091957762FBC54EA13"},"messageTimestamp":1752134008}],"nextPreKeyId":153,"firstUnuploadedPreKeyId":153,"accountSyncCounter":1,"accountSettings":{"unarchiveChats":false},"deviceId":"QaKy3HT_Ty6MLI9kEEcS8g","phoneId":"481a4deb-f799-4a06-bcb6-d51a003a4770","identityId":{"type":"Buffer","data":"CmrWr9MVFzMETAHQ33c4QzaQ7+s="},"registered":true,"backupToken":{"type":"Buffer","data":"lZZShyDmIbIQJv11lTwcFEK1eVk="},"registration":{},"pairingCode":"ST678R3V","me":{"id":"923023842339:20@s.whatsapp.net","name":"Dark Hacker","lid":"269969195577511:20@lid"},"account":{"details":"CO/8k4EEEI3ivcMGGAEgACgA","accountSignatureKey":"/wgny/rpA8+bxgEsaDTgoWFT0qRyuLJlJaNfr1oBrU0=","accountSignature":"wBpk1PYmhXizh6CMRGOuYT9K5rAEBu/mVHn6VFZfmWq23giAiJt+WesM1dTIgHIvgAyh1zb3Hz42gE4Nwl5VAw==","deviceSignature":"DK9Px4I/cYZyisHAftYN6T7Vp7xJIExoDZG7IjeMincoTiWYUtc8xKbsl+hgdmTil92KfdTPYl5nfHPV2RnPgg=="},"signalIdentities":[{"identifier":{"name":"923023842339:20@s.whatsapp.net","deviceId":0},"identifierKey":{"type":"Buffer","data":"Bf8IJ8v66QPPm8YBLGg04KFhU9KkcriyZSWjX69aAa1N"}}],"platform":"smba","routingInfo":{"type":"Buffer","data":"CAUIDQ=="},"lastAccountSyncTimestamp":1752133913,"lastPropHash":"1K4hH4","myAppStateKeyId":"AAAAAODw"}