{"noiseKey":{"private":{"type":"Buffer","data":"4GXxiaewqZAWNgwX/UIWxc6oRYwMPZ4SPhWz+ZmGGUk="},"public":{"type":"Buffer","data":"3l3QIBCUzuMur142dni02pvbNLzc/FsnrfnLyCJmfio="}},"pairingEphemeralKeyPair":{"private":{"type":"Buffer","data":"eCwy0jgJbdcFacNJr+BPE74Kd7/jxZWDr9TnImLlj2A="},"public":{"type":"Buffer","data":"rd87boi8ciC1bXTO6Q6ca3BI/VGkAqL5veNZcI4O6Xw="}},"signedIdentityKey":{"private":{"type":"Buffer","data":"2Hdp03VXIurp4sIozGGazwxfsfIrykmeVBiPdpONHWE="},"public":{"type":"Buffer","data":"VM5qaBGypHXFJIINgs0+jIdy19oIZSAypZk+R7yt2U0="}},"signedPreKey":{"keyPair":{"private":{"type":"Buffer","data":"SB24cwapSrzJMPgBxVHJiEBQePEQ9xBFB+vSBGDfJnE="},"public":{"type":"Buffer","data":"U4eQgjzx8ZUxcZ5hMufms4k8WIqLg4eID320EBD8ynQ="}},"signature":{"type":"Buffer","data":"iPEPQ/O3WNrAQT2eWqgNsAH5z7Fv8e308VGY2VSv9APLKml00s8yeXECyzNZfxspiLrogNa+mhC8yxDVxFN1jw=="},"keyId":1},"registrationId":115,"advSecretKey":"wx9wTk5KGe2FclIvl3lBs6uss1wZ3HMqCDzyrXykHNc=","processedHistoryMessages":[],"nextPreKeyId":1,"firstUnuploadedPreKeyId":1,"accountSyncCounter":0,"accountSettings":{"unarchiveChats":false},"deviceId":"u268kHPiSui4o8dZf6iRqg","phoneId":"def89c9f-e7b8-4cfd-b07e-e91eb2042ff3","identityId":{"type":"Buffer","data":"xrnInWOIGI9ugGivOhc7hcU+2BE="},"registered":true,"backupToken":{"type":"Buffer","data":"Kh4RorFRQn59YGs1GwJPGlWBZrU="},"registration":{},"pairingCode":"DHSCF4GF","me":{"id":"94774281188@s.whatsapp.net","name":"~"}}