{"noiseKey":{"private":{"type":"Buffer","data":"aDhJfg6Mk09xsMqW2h/uDtk1Bk18VZuM6tBKeQQfwGw="},"public":{"type":"Buffer","data":"QYyy3uuwcmRC6G6IIaegehlNq0SFPU8C89olGxQK/mI="}},"pairingEphemeralKeyPair":{"private":{"type":"Buffer","data":"sJcaGDTyVzn6b9dmQ4ucKl1GbdSvO1XNyF6heLVavW0="},"public":{"type":"Buffer","data":"epIrawUIsSCWdrCAnkaHNGIJPN/lKPvYSyj696YaXlA="}},"signedIdentityKey":{"private":{"type":"Buffer","data":"gC/NpV/zirStZXAoZI1watLolpv5J1Ewz6TXQB4Cx3k="},"public":{"type":"Buffer","data":"spPptV6k6WnSAqkr4IbyuLUrgB9CWFo+OY0OufQm63w="}},"signedPreKey":{"keyPair":{"private":{"type":"Buffer","data":"WGKRYLOmBbpSrl6vVFWepsZKfvq5p6VAQbGSOCezWGQ="},"public":{"type":"Buffer","data":"twLvPLQL9EnijpsqQx5qLyK/+rN0WfMNYJtG4/fiJww="}},"signature":{"type":"Buffer","data":"FJhTx4gsRmm9j6qu2llVfjefxjnWXglHnxi/O2+CcrNmQSTItW2k9kNUWG98IxkfgguDFBTnZme6Lc2fzqunBA=="},"keyId":1},"registrationId":246,"advSecretKey":"Y6Am5EnSCDxiBaJRbT5FCFV541oxpb/BVrL0mcmv3ho=","processedHistoryMessages":[{"key":{"remoteJid":"94741538874@s.whatsapp.net","fromMe":true,"id":"0AE1DC5473EB5FD6348DE64D2A4E5942"},"messageTimestamp":1752377222},{"key":{"remoteJid":"94741538874@s.whatsapp.net","fromMe":true,"id":"3B2CA7B8B5BD05D97224BFCAA27B6EA7"},"messageTimestamp":1752377222},{"key":{"remoteJid":"94741538874@s.whatsapp.net","fromMe":true,"id":"3BE6D79C23D3D7271F0E02BDAB3E4404"},"messageTimestamp":1752377240},{"key":{"remoteJid":"94741538874@s.whatsapp.net","fromMe":true,"id":"0FF544DBA4F44DB8861886432E5228E9"},"messageTimestamp":1752377257}],"nextPreKeyId":31,"firstUnuploadedPreKeyId":31,"accountSyncCounter":1,"accountSettings":{"unarchiveChats":false},"deviceId":"XCUb6kYIQle1znCCjxmfeQ","phoneId":"aabb8650-d099-4b33-a9fb-4c260213ab6a","identityId":{"type":"Buffer","data":"qdgGzeqSE+GVCSDovDMGcxo5Gtk="},"registered":true,"backupToken":{"type":"Buffer","data":"Wn+cUnb/5uH6hom6SurxTQEJP28="},"registration":{},"pairingCode":"EFART4RT","me":{"id":"94741538874:1@s.whatsapp.net","name":"suv","lid":"223935903879267:1@lid"},"account":{"details":"CJPiq8QBEPTOzMMGGAEgACgA","accountSignatureKey":"ziBQQwbkQLI8J/q2kEb0/8XD0oX4SW0AtF2tQm+u1To=","accountSignature":"M0N20rRr2yBPUOfx1t8xNwWE+4CGk+t5RZyVeQqiuyWRGvxgIODShU4N6fHh+tHKTj/v4eoF+g2Noki8TduZAg==","deviceSignature":"nCVl9iSa/B2cNracJ0CdSHqRmHCBwt9z2USTgo56otN+5z5RFJlFJRHcyPhE53oSrYln7ZDLz2mrRbA+SOFdBA=="},"signalIdentities":[{"identifier":{"name":"94741538874:1@s.whatsapp.net","deviceId":0},"identifierKey":{"type":"Buffer","data":"Bc4gUEMG5ECyPCf6tpBG9P/Fw9KF+EltALRdrUJvrtU6"}}],"platform":"smba","routingInfo":{"type":"Buffer","data":"CAsIBQ=="},"lastAccountSyncTimestamp":1752377218,"lastPropHash":"PWk5B","myAppStateKeyId":"AAAAAFPM"}