{"noiseKey":{"private":{"type":"Buffer","data":"kAK+MiwseAuyFF0dovixaB2r3MGMWEPkDGoTjcHmtmU="},"public":{"type":"Buffer","data":"6cX3WyF90CEtQ7wd5XuJHxm0mh19J5FfH1VVuWr7tC8="}},"pairingEphemeralKeyPair":{"private":{"type":"Buffer","data":"6Cb3VXsDdfaSLhy7kXn7qQo4cs66RdvyaEL5cWHC+lE="},"public":{"type":"Buffer","data":"e1crVIevB72Pad6T0gZRdHQaixT/jdCTXRSDo658IFw="}},"signedIdentityKey":{"private":{"type":"Buffer","data":"sIPhiO7twha1mWCZ69UvkWFCwS7IAznLZFTDyYa720E="},"public":{"type":"Buffer","data":"b11hwmJ87gcVnb2Dxoyi8Bs4ccefsCNw+LHC/s6Pvlc="}},"signedPreKey":{"keyPair":{"private":{"type":"Buffer","data":"UFW8ofLz8BOB1ruFxcVu7FBsGPO5V21TTWL8AhQodnw="},"public":{"type":"Buffer","data":"cDclz780ZxPRH5Of+6ThuCrHUePu/nRV5lee6HKopwk="}},"signature":{"type":"Buffer","data":"wzwoMLqpFxKZ7mkUP778hN1Xxzz94ldn/DgK7E2bUKC/LXPIOIr7AKpn8W4KFhd2oyNU4VtLIwoO/ZLxErXygw=="},"keyId":1},"registrationId":183,"advSecretKey":"hjfkN1SH8/K+z+EA5RV8HcKFS6jmUccUKhgJ8EaQr8g=","processedHistoryMessages":[{"key":{"remoteJid":"94778315507@s.whatsapp.net","fromMe":true,"id":"9FC622FB7ED358447B500D5B9DD6C38B"},"messageTimestamp":1751880166},{"key":{"remoteJid":"94778315507@s.whatsapp.net","fromMe":true,"id":"C7F6249CBE70939AE6C2487D6B51424E"},"messageTimestamp":1751880166},{"key":{"remoteJid":"94778315507@s.whatsapp.net","fromMe":true,"id":"FEC7E26389990AFE208A09938ACC70F4"},"messageTimestamp":1751880170}],"nextPreKeyId":197,"firstUnuploadedPreKeyId":197,"accountSyncCounter":1,"accountSettings":{"unarchiveChats":false},"deviceId":"5cYg51IYS6y1ksody2GzGg","phoneId":"86211d51-890a-46b0-ba77-bd663fecc9c9","identityId":{"type":"Buffer","data":"GLUnmpsmPBpJN/OSt/6Ab34j2R0="},"registered":true,"backupToken":{"type":"Buffer","data":"dkcYm/ElBw5TQaYsrPhkaUMp2Tc="},"registration":{},"pairingCode":"54MCXWJR","me":{"id":"94778315507:2@s.whatsapp.net","lid":"31533767332042:2@lid","name":"𝘙𝘐𝘠𝘌𝘓 𝘋𝘈𝘎𝘈𝘠𝘈𝘏"},"account":{"details":"CMPZ9eAEENajrsMGGAEgACgA","accountSignatureKey":"Q0QsvRfL7IhBi4qoZjbbAb3GcC16Q+9MQ07YH7ju0WQ=","accountSignature":"syDDuKiaK5ZfvXQygmK8NnbDiQCwmAJwjivJZX7XoKItSxHkUlCtS2HIYh/SabKYDTet/xPiQPxXLF2mPc9iCA==","deviceSignature":"Ni6p6oPPKUnLFN+M8wNlTEfJyz0J8ojAznysQjy1NbZXvw7mnKPHYWpk8+VvPSrm0RnxCRjALTjnrQsMPWTzhA=="},"signalIdentities":[{"identifier":{"name":"94778315507:2@s.whatsapp.net","deviceId":0},"identifierKey":{"type":"Buffer","data":"BUNELL0Xy+yIQYuKqGY22wG9xnAtekPvTENO2B+47tFk"}}],"platform":"android","routingInfo":{"type":"Buffer","data":"CA0ICA=="},"lastAccountSyncTimestamp":1751905205,"lastPropHash":"1K4hH4","myAppStateKeyId":"AAAAAPLS"}