{"noiseKey":{"private":{"type":"Buffer","data":"6MvL36JbI/Nrm7zGbz9hhlLIdrdx92Ayczi0jP1QyEs="},"public":{"type":"Buffer","data":"C9m9ajRy825+ZIMRkE4A0A+mVET/j/DjvWM0nJsj32w="}},"pairingEphemeralKeyPair":{"private":{"type":"Buffer","data":"GMzWNnEjy151lb0pFKRzimptnmA6dxVCqpVTa/7zR2Q="},"public":{"type":"Buffer","data":"NNy0Us4f9GjSM+LdcWkql8rznrFozu9dPVcyg607rU8="}},"signedIdentityKey":{"private":{"type":"Buffer","data":"uEqP3wVD3YNZpf3XBtawatN4ueBCJrxgbwSMTspssWg="},"public":{"type":"Buffer","data":"W+V1A+nLOG0pO2GpLf0F1j+Y4NnubuulKAaGLxEZGz4="}},"signedPreKey":{"keyPair":{"private":{"type":"Buffer","data":"+FlczMT8j/nWfCefaW/OIj5n69G64DuSdDLsGWbKD3Y="},"public":{"type":"Buffer","data":"6rWBFzslC1LODoyKHYbo+Ois+Tfeqxksbd+Jtm4HnnA="}},"signature":{"type":"Buffer","data":"Lm2PDf11Xl7SI0N7Jz3cNkKqBghxWLDpL1qNFvmVMpGOU79sJvgdCDz0YPVlnDSExwQipU+P/JN9X+SMRc+vCg=="},"keyId":1},"registrationId":157,"advSecretKey":"OaurfVcD4fvkbePN9RWYo+XLxNtAL3SfmRr0h5lwBm8=","processedHistoryMessages":[{"key":{"remoteJid":"94765844778@s.whatsapp.net","fromMe":true,"id":"B1CCEF4974DDBDB5356242407793CC38"},"messageTimestamp":1751806470},{"key":{"remoteJid":"94765844778@s.whatsapp.net","fromMe":true,"id":"2A1BDD488D0A1C17F852F9B345071E34"},"messageTimestamp":1751806470},{"key":{"remoteJid":"94765844778@s.whatsapp.net","fromMe":true,"id":"769018CF06854A111E488DADD86B2BBF"},"messageTimestamp":1751806554},{"key":{"remoteJid":"94765844778@s.whatsapp.net","fromMe":true,"id":"BDAF867DC3F4825995B00313EA48C1D2"},"messageTimestamp":1751806554}],"nextPreKeyId":31,"firstUnuploadedPreKeyId":31,"accountSyncCounter":1,"accountSettings":{"unarchiveChats":false},"deviceId":"bDE3l-HOSLaPE4tIpuWGEg","phoneId":"12fde875-1f81-4d87-bcd9-03be76bce917","identityId":{"type":"Buffer","data":"M7AcHR9P8j/zLjtc2xf+89uXUO0="},"registered":true,"backupToken":{"type":"Buffer","data":"flPrSnDYgBfNGt4bCQjyn75IboQ="},"registration":{},"pairingCode":"9S67GFQY","me":{"id":"94765844778:8@s.whatsapp.net","lid":"19765590544430:8@lid","name":"*@*(°•°)®™〽️"},"account":{"details":"CMi72PEBEPTjqcMGGAEgACgA","accountSignatureKey":"lYJPeN0lH5ggu9VjJeC73GYY6vQLn51eP2slP9bGy1g=","accountSignature":"eIbX5lTzmGfhFMAnZdczrEqvhdLC9S/iya8fig5kRw8VidzLpmPVil7zs32UQGmeZrtobBLBJ3W0CG8Qh3ZMBg==","deviceSignature":"GlfeNNiqz5tXkzu7gCSfD5x0PQeSlcwT7VpeDOKNhBjuO4nj7uZNZQd9xRI1UIk6vvJDKNPGHQgyCX/p5J+aAQ=="},"signalIdentities":[{"identifier":{"name":"94765844778:8@s.whatsapp.net","deviceId":0},"identifierKey":{"type":"Buffer","data":"BZWCT3jdJR+YILvVYyXgu9xmGOr0C5+dXj9rJT/WxstY"}}],"platform":"android","routingInfo":{"type":"Buffer","data":"CA0ICA=="},"lastAccountSyncTimestamp":1751806552,"lastPropHash":"PWk5B","myAppStateKeyId":"AAAAAG2M"}