{"noiseKey":{"private":{"type":"Buffer","data":"UIYSpov0IuDTfTK524LdgXB1Rc0rKQe0wDn0AcY9XHE="},"public":{"type":"Buffer","data":"byJVy1r/sxFJCt7FZF7ax43Lk4+Aaj6rkphEd16Yc0c="}},"pairingEphemeralKeyPair":{"private":{"type":"Buffer","data":"sJjbneh9FlgfyRQxQ8kHXZ56PHGlIieHhb1rwpCEU24="},"public":{"type":"Buffer","data":"SXWcBua/QD6t0buYzoz+u6szX/pEsHoGounwmW3xrQs="}},"signedIdentityKey":{"private":{"type":"Buffer","data":"GAJPQqFgXaexpTVGZ/sPnEf29ntrSm2hS6caVvm7FkQ="},"public":{"type":"Buffer","data":"g3nhpdXHk5Yr4bSYzIjr/JEekimdYN/JpgY8JjPu4jU="}},"signedPreKey":{"keyPair":{"private":{"type":"Buffer","data":"mD1elAyrwiy6wKsJfRQne9qjIyijEJyZvGTIMZdJAUg="},"public":{"type":"Buffer","data":"8VMftnpK7CezArgCnLFCibMFewOg3hJXlHedDNhBNno="}},"signature":{"type":"Buffer","data":"24gP3P7rRoa22HcUMT7Dx6YIw42HYBsWK5xnvn3O3RZJ4wbHIYbjHY9P9Xu8vaQR4Mqo+bGLpdz0wD5XH6arDA=="},"keyId":1},"registrationId":118,"advSecretKey":"p+mHoqW6dDdPouZ8NLUtDCo9t0nAPugmiNiG+SlqWlI=","processedHistoryMessages":[{"key":{"remoteJid":"94764657646@s.whatsapp.net","fromMe":true,"id":"D297016B42295B199F9F21B6F5B00F0C"},"messageTimestamp":1751773017},{"key":{"remoteJid":"94764657646@s.whatsapp.net","fromMe":true,"id":"75A11D22C62D667F7CA76137E0D3016B"},"messageTimestamp":1751773028},{"key":{"remoteJid":"94764657646@s.whatsapp.net","fromMe":true,"id":"B318C36850D512DC2713DB9BEB9AAB70"},"messageTimestamp":1751773064}],"nextPreKeyId":61,"firstUnuploadedPreKeyId":61,"accountSyncCounter":1,"accountSettings":{"unarchiveChats":false},"deviceId":"M9WfY2glRNusWRDbeSY_Fg","phoneId":"695f3ff0-e458-4b66-b78d-bfb120eb328a","identityId":{"type":"Buffer","data":"z5AcVQ4p5MZfkFocLjl6uzBgeH0="},"registered":true,"backupToken":{"type":"Buffer","data":"0xz6rIn/3hqmOvBT1s3DiiZUTRc="},"registration":{},"pairingCode":"Z86TSLB5","me":{"id":"94764657646:12@s.whatsapp.net","lid":"149396662534346:12@lid","name":"🌝🤍"},"account":{"details":"COvsrSwQx96nwwYYASAAKAA=","accountSignatureKey":"LLGbYzhbbroinWLW/TctyQCtDZ61BOtTHQ9v0MuzxWs=","accountSignature":"pnarJ4bqy+eygiZfnYZrAjNljD9a0nTBuGv4yJwUfZtsg4ZpKRUhLXViUDiiYnLN0MMDA9WyBrS4TfCQLoKJDA==","deviceSignature":"z34m/xPDN9V1/R7Te3hz5jdntWdr0so2Of1V5R/BUY6pBeGjPbpI+gdldGJAh77Z0TPqjOVlEl4z60vSUR+sAw=="},"signalIdentities":[{"identifier":{"name":"94764657646:12@s.whatsapp.net","deviceId":0},"identifierKey":{"type":"Buffer","data":"BSyxm2M4W266Ip1i1v03LckArQ2etQTrUx0Pb9DLs8Vr"}}],"platform":"android","routingInfo":{"type":"Buffer","data":"CA0IBQ=="},"lastAccountSyncTimestamp":1751773116,"lastPropHash":"3R9Z39","myAppStateKeyId":"AAAAAINg"}