{"noiseKey":{"private":{"type":"Buffer","data":"8Go/5OcCjFHnIkTzWheQJ4mIcglMLLjtNLqOZFWhvnk="},"public":{"type":"Buffer","data":"x+np+FlbtCjY8O7D8AV+p4ARTL8W3fi/kpx50MYtNxE="}},"pairingEphemeralKeyPair":{"private":{"type":"Buffer","data":"SDcFaYV2gWbWel7y4uLcU0+bbRlcGQiZr4oKqg8Ypmk="},"public":{"type":"Buffer","data":"3McYnrRPL6hCbJ7ax7AnpJjEovqAQfHUaHXHPfe3klA="}},"signedIdentityKey":{"private":{"type":"Buffer","data":"ECIHx6Nwj1Kx/kMZNIc4K1DCDNVdMcZIgoMsTQmRz0A="},"public":{"type":"Buffer","data":"DyW17+j+TU+rA7DNt/XURpWGPQQNrAjvCxRsWLyIqnE="}},"signedPreKey":{"keyPair":{"private":{"type":"Buffer","data":"IPDgxK0g5QVCV6/CqXY72E3SzTgUM/BIKKZVyLKpiGU="},"public":{"type":"Buffer","data":"rdZsDFtAYDWx0ImPxI7AUl0iLF0lEXLxPnNkixOus3g="}},"signature":{"type":"Buffer","data":"k74IS7SImhOAShXkgvm42GiMR8eFuOz5lId8CydFN7+febuQcccJ7fYbhlHkaJit5U1Ib4awr/ltkdDhI3JEhg=="},"keyId":1},"registrationId":35,"advSecretKey":"WU2qrA03zyldHntDmdu4zzNZfAujSYzK/MoffF7tvEg=","processedHistoryMessages":[{"key":{"remoteJid":"94725821115@s.whatsapp.net","fromMe":true,"id":"441984F2AB6F2C21F0A5304F11351129"},"messageTimestamp":1752302190},{"key":{"remoteJid":"94725821115@s.whatsapp.net","fromMe":true,"id":"52C1A60C615AEB01685FCE9C6A5C9BCD"},"messageTimestamp":1752302196},{"key":{"remoteJid":"94725821115@s.whatsapp.net","fromMe":true,"id":"959704AF1B6BF57A919F51A6B60A13AC"},"messageTimestamp":1752302261},{"key":{"remoteJid":"94725821115@s.whatsapp.net","fromMe":true,"id":"A675113E020F6D543C50DF0E2E5E8E6B"},"messageTimestamp":1752302320},{"key":{"remoteJid":"94725821115@s.whatsapp.net","fromMe":true,"id":"D2825E6C6F606BD86828C4470A83E64E"},"messageTimestamp":1752302338}],"nextPreKeyId":46,"firstUnuploadedPreKeyId":46,"accountSyncCounter":1,"accountSettings":{"unarchiveChats":false},"deviceId":"8VWJJZcRQOe-OSFiFazr-w","phoneId":"7edeb419-572e-4d3c-85f2-b4e3b0b715ef","identityId":{"type":"Buffer","data":"5ycUzBi2u5PdYQk2QONOYdZqJ6k="},"registered":true,"backupToken":{"type":"Buffer","data":"BMlCqtl8FFaaBoKpzZf3Fw8czH0="},"registration":{},"pairingCode":"ANRM5FTM","me":{"id":"94725821115:35@s.whatsapp.net","name":"1nonly isiyah","lid":"231881358504008:35@lid"},"account":{"details":"COPYuq8EENeEyMMGGAcgACgA","accountSignatureKey":"mdmnsI8EOSejNQmxazszjBFPFnJ7aMxrV5o1dc1NolI=","accountSignature":"odA9+aIfICU+iiUXWKVoaoIvgRICSZrCQKsWEquql7My4BHlpvCS3swPbzLg0JptWBjEub1Jh6joazoA+GBbDg==","deviceSignature":"g/uptUsgxX8K0Ec9aWkqZywJCmMWGmbxN/Bpe30G+/0NdLjro8XrtCwHoZmDqKt48fXxYuNkM4d+HwU0twTSiw=="},"signalIdentities":[{"identifier":{"name":"94725821115:35@s.whatsapp.net","deviceId":0},"identifierKey":{"type":"Buffer","data":"BZnZp7CPBDknozUJsWs7M4wRTxZye2jMa1eaNXXNTaJS"}}],"platform":"smba","routingInfo":{"type":"Buffer","data":"CAUICA=="},"lastAccountSyncTimestamp":1752309869,"lastPropHash":"PWk5B","myAppStateKeyId":"AAAAAL/D"}