{"noiseKey":{"private":{"type":"Buffer","data":"wA1aKnpOf2ANyIu3Ls8PPrGsR97FSo1lXYEqmB2A4Xc="},"public":{"type":"Buffer","data":"vPpPArpkAS68IoIqMpiKT2sY4jeKShdXERNRX2wCxh8="}},"pairingEphemeralKeyPair":{"private":{"type":"Buffer","data":"oDkhiYT4n0s5K8jLi1v+Ndb0LeCntbCN+nE2zrMm6mw="},"public":{"type":"Buffer","data":"tYmgZJCOOvS/ijNtkwfRCP405se1WF+L/CwHA5CRa1g="}},"signedIdentityKey":{"private":{"type":"Buffer","data":"iKbyg71qZJ9l9bz8c0TWrpGpue+rKtVKzk41qVWjkHo="},"public":{"type":"Buffer","data":"pvPCRiDlk28nQYCb2BT5TYsXAkP41ocplWXSA7Wr/mc="}},"signedPreKey":{"keyPair":{"private":{"type":"Buffer","data":"iNF21ykqx5I0EddO7ogmQ8mVS1kOoGZ1AL1nEJXHOF4="},"public":{"type":"Buffer","data":"TtpGzjTECJXcwvZ2pYCqnOZbaoHUh79Tgmc8xBMHOEA="}},"signature":{"type":"Buffer","data":"NxauOALxQJpvvjRPRIyNkfhBQYQ5M6mc/1mRqUuhp3jTC4uGZEakJfy2heusYxBA01yo9z/IvI+aK/I1/1R9jA=="},"keyId":1},"registrationId":129,"advSecretKey":"6+QtCAqv1tuUVBQTWpaio0l+4UptfTM+F1shtwdK2dQ=","processedHistoryMessages":[{"key":{"remoteJid":"94788387325@s.whatsapp.net","fromMe":true,"id":"7235A3D12B5B77F8616A78561564A303"},"messageTimestamp":1751783925},{"key":{"remoteJid":"94788387325@s.whatsapp.net","fromMe":true,"id":"087D0EF5D0FAE478AF8FE940823491DA"},"messageTimestamp":1751783926},{"key":{"remoteJid":"94788387325@s.whatsapp.net","fromMe":true,"id":"6996CBD4DE7C537835ED2D9095822FD1"},"messageTimestamp":1751783934},{"key":{"remoteJid":"94788387325@s.whatsapp.net","fromMe":true,"id":"4C12361064804E83C57A1FC9E767E94C"},"messageTimestamp":1751783936}],"nextPreKeyId":233,"firstUnuploadedPreKeyId":233,"accountSyncCounter":1,"accountSettings":{"unarchiveChats":false},"deviceId":"zflwDXyoQGOygYpJBIvtRA","phoneId":"ee09c65f-8ef1-4629-85fa-443644e266a6","identityId":{"type":"Buffer","data":"d+UsidnAaZINcgQ1x60ZYrbneLg="},"registered":true,"backupToken":{"type":"Buffer","data":"B3ygyXuEfurQw2kDPa/c/x1kWac="},"registration":{},"pairingCode":"R69K5Z16","me":{"id":"94788387325:26@s.whatsapp.net","lid":"151015965905140:26@lid","name":"🤍||:𝗞𝗔𝗩𝗜:||🤍"},"account":{"details":"CKjcockEEOazqMMGGAQgACgA","accountSignatureKey":"9vEs5bmqQVfXafwoZXwTigtKxUSsSazMfmdJGj6RYS0=","accountSignature":"H+ATuR+hPlps7AzrDJQYoyg/A92OVkMBRP1ThSsOupdQ3C1cmFjl13RteWnRktL37aUYaIZNhixEQcGXRlI5AQ==","deviceSignature":"rhDmXhs2VoqUN7Ua07mw2Vw9Olp16MjrotDIyzoOmqg0i5aBy7SiBxlOB+6+geficqLFv9iDVk/bzOvhaG/vgw=="},"signalIdentities":[{"identifier":{"name":"94788387325:26@s.whatsapp.net","deviceId":0},"identifierKey":{"type":"Buffer","data":"BfbxLOW5qkFX12n8KGV8E4oLSsVErEmszH5nSRo+kWEt"}}],"platform":"android","routingInfo":{"type":"Buffer","data":"CAUIAg=="},"lastAccountSyncTimestamp":1751787475,"lastPropHash":"1K4hH4","myAppStateKeyId":"AAAAAOOn"}