{"noiseKey":{"private":{"type":"Buffer","data":"6BEr07XPCoXW6zKGldYxaGELjbVEnBNd1AQr0PgNkVI="},"public":{"type":"Buffer","data":"TDOTm+SIQMY2WidoYyfphLEpldPDV6SpwwxhH9XwhGg="}},"pairingEphemeralKeyPair":{"private":{"type":"Buffer","data":"QEEEG+44eFJNOIorahUdsbFYLdzGhAl2TD+ze57Q1m4="},"public":{"type":"Buffer","data":"39MLUxwoLDsFaQjUauN00EbWlv+SzdT4Dvw0kMDAzT8="}},"signedIdentityKey":{"private":{"type":"Buffer","data":"+MXLYYEBCa29gDdZp4Fjh0u8d/Ns3b28jOowrtFshF4="},"public":{"type":"Buffer","data":"zWxca+ytzCC1ue1FPHT5Xo/R74BhI+1pk0G2mgER+U8="}},"signedPreKey":{"keyPair":{"private":{"type":"Buffer","data":"yPIjb5uWY8GGYhAhoG6CANOv4fxfE+UIPIBLzEeVbk4="},"public":{"type":"Buffer","data":"yDrbnsAxDPwrOxAufNhO/XjsvARHZ8g4SJns1k//6lU="}},"signature":{"type":"Buffer","data":"qyCTRAPMcz42Ck6MGBBmG/z8sZTWfPXbPSpKfN9DqO5YT3GeVVebJa25c0wyrdoo31xaLWBZIsdFgETn1nGAjQ=="},"keyId":1},"registrationId":29,"advSecretKey":"3yxm1EtVkO+IJqWz57Sq7gBN1m193HF7+via/LYaGsM=","processedHistoryMessages":[{"key":{"remoteJid":"94720336089@s.whatsapp.net","fromMe":true,"id":"292A725D24A011A9718793DEB8129EE9"},"messageTimestamp":1752119644},{"key":{"remoteJid":"94720336089@s.whatsapp.net","fromMe":true,"id":"6F8C2DD1CD21F1A8101C40B8331277F1"},"messageTimestamp":1752119647},{"key":{"remoteJid":"94720336089@s.whatsapp.net","fromMe":true,"id":"291F7ACD1C1E9395278233A68F674DB8"},"messageTimestamp":1752119658},{"key":{"remoteJid":"94720336089@s.whatsapp.net","fromMe":true,"id":"51AEE572174F46166D6105B2FAFADD36"},"messageTimestamp":1752119664},{"key":{"remoteJid":"94720336089@s.whatsapp.net","fromMe":true,"id":"7C3AC1837A5D3BE43885624574EFD63C"},"messageTimestamp":1752119664}],"nextPreKeyId":585,"firstUnuploadedPreKeyId":585,"accountSyncCounter":1,"accountSettings":{"unarchiveChats":false},"deviceId":"M5e1Pl7sRay3fhY_J6OmVA","phoneId":"45d08047-ce19-4f80-86e2-c293683fb59f","identityId":{"type":"Buffer","data":"03TnMKhzHhRUm99E8CtBlzLgpEs="},"registered":true,"backupToken":{"type":"Buffer","data":"49TNJ8M6xU3E+GKDJuH/+mC4sI4="},"registration":{},"pairingCode":"47QG8VNS","me":{"id":"94720336089:9@s.whatsapp.net","name":"ɪⴕ'ᴢ ᴍᴇ ᴠɪᴇᴡꜱ ; ᴋɪɴɢ ʏᴛ","lid":"175995478913118:9@lid"},"account":{"details":"CNX7moMFEMLyvMMGGAYgACgA","accountSignatureKey":"WqDs7b/SlejxowDWrveWUCA8mSZHMAeBtRQqIkXiFH4=","accountSignature":"aC+F0juL+kcbSoUoxSDeI65dtBm7ksqgNxtDjNtheHbRp5KrTFcoAvexpu2PKKenCzaousvTGMgKg5XU0iO9CQ==","deviceSignature":"mLuXtxHnAp1Uv5ikMV/e3EbmthNH3AiG40S5IBdccIAvMLLe9qk7EYNGrL2gibY5V4SDHwhUfvcr5BO4IoCDjA=="},"signalIdentities":[{"identifier":{"name":"94720336089:9@s.whatsapp.net","deviceId":0},"identifierKey":{"type":"Buffer","data":"BVqg7O2/0pXo8aMA1q73llAgPJkmRzAHgbUUKiJF4hR+"}}],"platform":"smba","routingInfo":{"type":"Buffer","data":"CAIIBQ=="},"lastAccountSyncTimestamp":1752119634,"lastPropHash":"2V77qU","myAppStateKeyId":"AAAAAB0l"}