{"noiseKey":{"private":{"type":"Buffer","data":"IKBmIwZ0rdsf1o5n8P63HqvJATV2+3lYiKZ809Ewznc="},"public":{"type":"Buffer","data":"AS6nn1EjjhqRtxhOJTiIrieZJmJds1UWVDKtvNM6cWM="}},"pairingEphemeralKeyPair":{"private":{"type":"Buffer","data":"SK0APRAlgTJ07ggWLpHBN/9a4gbchinDoeLWZ6O3KEo="},"public":{"type":"Buffer","data":"uvDTAwoV0s+zXN/sYnsSzAm5TJ16soOr9maFYx/kYys="}},"signedIdentityKey":{"private":{"type":"Buffer","data":"6GS8dznPtN9MpZR1wCFqIBOn0nLy8ixbybuPZVOk+U0="},"public":{"type":"Buffer","data":"VneFsYncSd3a+KXy9dlaG6hA85Cth214NOvOYGB86kc="}},"signedPreKey":{"keyPair":{"private":{"type":"Buffer","data":"KEiXc7W8xX7Gj5c6qj5iqiDW2XvhTpJoxjo0yUF0rFc="},"public":{"type":"Buffer","data":"Kc0fwvx4+K5wqKN6t1KBsOIbojVBLR5KQEPJqR6jJGE="}},"signature":{"type":"Buffer","data":"BqQYCeByxHCX0gqinvJIj8ZV6LGJci42/WPjjjJECSrNTlt3SG5Geh0sxomhRxPbKB/pC1rVNJCrzBbvKSSajA=="},"keyId":1},"registrationId":1,"advSecretKey":"GKaCb0siy3GW1Kx2lZ5PuyR4cHCHWNvVlOnMP0dmKjU=","processedHistoryMessages":[{"key":{"remoteJid":"221752512410@s.whatsapp.net","fromMe":true,"id":"B285F2595CCA05D1FF6B43C3F9BE4283"},"messageTimestamp":1751890043},{"key":{"remoteJid":"221752512410@s.whatsapp.net","fromMe":true,"id":"CB8F5CB4253AA6D8AB182A6FB7BA17FA"},"messageTimestamp":1751890054}],"nextPreKeyId":47,"firstUnuploadedPreKeyId":47,"accountSyncCounter":1,"accountSettings":{"unarchiveChats":false},"deviceId":"nrQwUR27R3632EHSnYMawA","phoneId":"20277d9e-164f-4188-b21d-59760ad183dc","identityId":{"type":"Buffer","data":"JFzOHS/APEHo1AivI1r5q3sb7dU="},"registered":true,"backupToken":{"type":"Buffer","data":"iG9QOuJKutJRTai0iCG4Ebzx4wE="},"registration":{},"pairingCode":"C94AN4AG","me":{"id":"221752512410:93@s.whatsapp.net","name":"𝕻𝖗𝖎𝖓𝖈𝖊 • 𝕭𝖆𝖞𝖊¤","lid":"29064647733249:93@lid"},"account":{"details":"CNqJ92kQ5/CuwwYYASAAKAA=","accountSignatureKey":"Zm/7eE1/X7RKtu29NDYUyOwTo67m/Xz5THCdWuReJQc=","accountSignature":"bnlSnpZwcL6Ibw5d/u6JMcQcxLprKkeeCD+nIHrrCGpOP5InOTpJTMv8PE81kGh/1+rhPgeUTvIGSCOskT/SAg==","deviceSignature":"tEqKaE+dvE/bDPzqYAZ/NNEfAMTqGTBj5IjoZm9yDnohSbebyCYxJB8GnVtoHEIU53f7Ga17yAI7d7T8glT+jQ=="},"signalIdentities":[{"identifier":{"name":"221752512410:93@s.whatsapp.net","deviceId":0},"identifierKey":{"type":"Buffer","data":"BWZv+3hNf1+0SrbtvTQ2FMjsE6Ou5v18+UxwnVrkXiUH"}}],"platform":"smba","routingInfo":{"type":"Buffer","data":"CAUICA=="},"lastAccountSyncTimestamp":1751890036,"lastPropHash":"nm3Bb","myAppStateKeyId":"AAAAAHQi"}