{"noiseKey":{"private":{"type":"Buffer","data":"uExeMOpnHlXvdNRXhIFZ+SDqbiKKO3SR2sl0SbErKHs="},"public":{"type":"Buffer","data":"SICYXgcQ8UWZfETVEfIVgfeo47FQRr/ON7jiAyzUEkM="}},"pairingEphemeralKeyPair":{"private":{"type":"Buffer","data":"iAQiaDVWvywyhp4nybQUUm+AM/aANc7ZvvhUdjpHb2A="},"public":{"type":"Buffer","data":"5HQ5kMKl/QabFB/OXYgmxEAueVeJ6Ccbla2Sf81ipCs="}},"signedIdentityKey":{"private":{"type":"Buffer","data":"KEYOPQVxRvpJcxN4ru1cViQ6C68xm3RBLykbjkJ623g="},"public":{"type":"Buffer","data":"ayvXQCQUqF8HIAX0Lum/gK40Ta6aM0+qTRbzXvw5/EE="}},"signedPreKey":{"keyPair":{"private":{"type":"Buffer","data":"CLmv7iN5toiK/guBB1L48GHoVJRfnI7bYnYsGGdgvkw="},"public":{"type":"Buffer","data":"mAj8LCAWA2rsLgrnuFTT3vNeXWo4A0V7cu8ufa4e8H4="}},"signature":{"type":"Buffer","data":"LF33p4R5OtslSSe8R8tMyDlm1YOEWKG2mf2DM5xrl0JTniTgGgal2N3AiG9XHkkBOQfZEi0rzOrvhxZwYsA1BQ=="},"keyId":1},"registrationId":66,"advSecretKey":"ciCcghMDKiKa/cVTgfg3EOa+LCL+XJdhCYuAY6VJ2wA=","processedHistoryMessages":[{"key":{"remoteJid":"94770051298@s.whatsapp.net","fromMe":true,"id":"37B49C3701B214AAE54EDF2E534350EA"},"messageTimestamp":1752420799},{"key":{"remoteJid":"94770051298@s.whatsapp.net","fromMe":true,"id":"3BD7BC08D258DC9E4F7E2440D11BEB0C"},"messageTimestamp":1752420809},{"key":{"remoteJid":"94770051298@s.whatsapp.net","fromMe":true,"id":"C5C8C30654DEA4D40FC6E9EDD3F62364"},"messageTimestamp":1752420842},{"key":{"remoteJid":"94770051298@s.whatsapp.net","fromMe":true,"id":"C9456F52096977AB751C67322C0CE9F5"},"messageTimestamp":1752420868},{"key":{"remoteJid":"94770051298@s.whatsapp.net","fromMe":true,"id":"A04AD61E2C8BF3A3E669DE4E676AA235"},"messageTimestamp":1752420899},{"key":{"remoteJid":"94770051298@s.whatsapp.net","fromMe":true,"id":"985E0F6D7203FF0CA6DA68358DE9FCCF"},"messageTimestamp":1752420922},{"key":{"remoteJid":"94770051298@s.whatsapp.net","fromMe":true,"id":"BB0DD8580D1C27F2E3F5B645C3DDAF83"},"messageTimestamp":1752420949},{"key":{"remoteJid":"94770051298@s.whatsapp.net","fromMe":true,"id":"CB479A3A4425930657E77014CCDD6910"},"messageTimestamp":1752420979},{"key":{"remoteJid":"94770051298@s.whatsapp.net","fromMe":true,"id":"80789886DF85D0B90C943CC8BEB5FD7A"},"messageTimestamp":1752421012},{"key":{"remoteJid":"94770051298@s.whatsapp.net","fromMe":true,"id":"07532B71A56436DECE6220AAFF22F36C"},"messageTimestamp":1752421021},{"key":{"remoteJid":"94770051298@s.whatsapp.net","fromMe":true,"id":"D0615A08A441DD1ED7B216B6472B506A"},"messageTimestamp":1752421063}],"nextPreKeyId":101,"firstUnuploadedPreKeyId":101,"accountSyncCounter":1,"accountSettings":{"unarchiveChats":false},"deviceId":"xnoHm4DPTuiiwTRySjtApA","phoneId":"930714ad-de53-4a97-a789-116a99068057","identityId":{"type":"Buffer","data":"IqYv6lrn0m9oajy0ILXE6FcqOqc="},"registered":true,"backupToken":{"type":"Buffer","data":"R9xY7G4pLspMd8BKK1HAI1DQga4="},"registration":{},"pairingCode":"T418CZDG","me":{"id":"94770051298:67@s.whatsapp.net","name":"Layanal Gunathilaka","lid":"2362617917684:67@lid"},"account":{"details":"CJyejrcGEKmjz8MGGAIgACgA","accountSignatureKey":"PjIv5NVuSUNz9QOMPVMc7he4iY/3LHa5SkkuwAYacz4=","accountSignature":"/nq+vsfH8R3TZgYvPOqDEmpW1sxyT8CatdF0X4lEE4RnE7FIQ8e8UdjMRCKKCYgu6Ud6DrAohO8IpgP3Jew7CA==","deviceSignature":"aKKpS/v4h6TJbz7fiMPyB/Fqv9LIuwCR0lKtHrnXDGV3YUxpYeubgwsOQffVIdMXLhXxcy014vLoLxAeBXVTAA=="},"signalIdentities":[{"identifier":{"name":"94770051298:67@s.whatsapp.net","deviceId":0},"identifierKey":{"type":"Buffer","data":"BT4yL+TVbklDc/UDjD1THO4XuImP9yx2uUpJLsAGGnM+"}}],"platform":"smba","routingInfo":{"type":"Buffer","data":"CAsIBQ=="},"lastAccountSyncTimestamp":1752420790,"lastPropHash":"1K4hH4","myAppStateKeyId":"AAAAACDq"}