{"noiseKey":{"private":{"type":"Buffer","data":"eJF/3LnQMjxZa54BF2qkMniWjEsA2q1V8+lX427cH38="},"public":{"type":"Buffer","data":"yoMzcQEk6WEfTPmgrvkskeJ7DbzUo2HYiHPRVrJgCzM="}},"pairingEphemeralKeyPair":{"private":{"type":"Buffer","data":"CPwidqUqfSCD6u0RqrMTCpOTq8C0Gzqh7rbmIgMfilw="},"public":{"type":"Buffer","data":"9UZPybbxx9VQQ/t8YVRHR8uQVWPPDOtjgL9SJTYqqV0="}},"signedIdentityKey":{"private":{"type":"Buffer","data":"iOj6X7XJh8OPZuxSa1ovp0ukgAomjaw6fT3dlGq/5E8="},"public":{"type":"Buffer","data":"GmJi/sMV8oFJPGHyLHfO5aiSEV+VWMf3PB/LmZfFnzs="}},"signedPreKey":{"keyPair":{"private":{"type":"Buffer","data":"qLnz5chlEdHMOgWtl6qbWi70wiRg/884ldHG7uaSa2Y="},"public":{"type":"Buffer","data":"JJBgrbfgaN7Rw+udYFofrrCMA2qgO7B/dWc6MSQGjwQ="}},"signature":{"type":"Buffer","data":"svzr6kpnxfLCUUKAl5gnnRpmkVnpkotfwSvbP6vyfLnPirbYGac5t0TyCKp9sDIQDZ8vgfr2rfo721d6rxF3jw=="},"keyId":1},"registrationId":14,"advSecretKey":"B7CWKel42WtKbKbdFrDv5l7d1Ts2r49t226A4Seh6Fw=","processedHistoryMessages":[{"key":{"remoteJid":"94760750516@s.whatsapp.net","fromMe":true,"id":"18A3E997B917CEF84DD6428BADF222F7"},"messageTimestamp":1752370991},{"key":{"remoteJid":"94760750516@s.whatsapp.net","fromMe":true,"id":"EC2F28F422202FC464C05E5EE808F795"},"messageTimestamp":1752370991},{"key":{"remoteJid":"94760750516@s.whatsapp.net","fromMe":true,"id":"81909E7FA5428F383AFC900855462284"},"messageTimestamp":1752371028},{"key":{"remoteJid":"94760750516@s.whatsapp.net","fromMe":true,"id":"F4EE6A30FB491C8378FAD6DD79CBD09B"},"messageTimestamp":1752371042},{"key":{"remoteJid":"94760750516@s.whatsapp.net","fromMe":true,"id":"F7A643C3E4CE8AE2C312557FD1363477"},"messageTimestamp":1752371044},{"key":{"remoteJid":"94760750516@s.whatsapp.net","fromMe":true,"id":"2884A44529209E6206260C297028EDC7"},"messageTimestamp":1752371060}],"nextPreKeyId":2816,"firstUnuploadedPreKeyId":2816,"accountSyncCounter":1,"accountSettings":{"unarchiveChats":false},"deviceId":"pdB05fiCROSr6fcGzumIIQ","phoneId":"008ceebe-9847-4ab9-84b9-aa308cdf4d73","identityId":{"type":"Buffer","data":"xwp2k293CYf3HSIvJwUfXJfN2ww="},"registered":true,"backupToken":{"type":"Buffer","data":"BqrYm4M7i18rTrxkzVQxECCJH04="},"registration":{},"pairingCode":"YMDZL5BB","me":{"id":"94760750516:9@s.whatsapp.net","name":"A.A.A.Ŕ Śéĥäňṣ̌ã","lid":"38573671772257:9@lid"},"account":{"details":"CKrVtzsQkJ7MwwYYAiAAKAA=","accountSignatureKey":"F+FB0iBrplB0IaDftX2eEf04fmVyTQgcvqUDrc89qmo=","accountSignature":"cLVsZou85L1Z+Nmphc2asT8XqCSRTYQRDLGtRM519MkMlf2WIAMyQNV5konNyp/7yHkkGIY02ozbAXPabcM+Ag==","deviceSignature":"uCb4oKSWsQSoQV/Tcf2dvshbu9ibpSEdsO55/7TItUBxGm7WCnabeZBz8WYVjOH7ns3SrdUEhjqneOflbkkbiQ=="},"signalIdentities":[{"identifier":{"name":"94760750516:9@s.whatsapp.net","deviceId":0},"identifierKey":{"type":"Buffer","data":"BRfhQdIga6ZQdCGg37V9nhH9OH5lck0IHL6lA63PPapq"}}],"platform":"smba","routingInfo":{"type":"Buffer","data":"CAMICw=="},"lastAccountSyncTimestamp":1752378922,"lastPropHash":"2V77qU","myAppStateKeyId":"AAAAAMH7"}