{"noiseKey":{"private":{"type":"Buffer","data":"QBcKjaERKLyVplOYcecktdJjh5EOmG4MhLMmTE+fZHo="},"public":{"type":"Buffer","data":"i0F95GPoj/B/Do0xcoNqk1Z4vPRbgrwUokhzfGzOQDA="}},"pairingEphemeralKeyPair":{"private":{"type":"Buffer","data":"GFaqdszucgob0WfPIa/Nd73sYKc3N0Cj4ePQvYKrIlQ="},"public":{"type":"Buffer","data":"uqo6b4lzDkCGpwf4kouYQpp4wvbElY24HW/nLeS7MRE="}},"signedIdentityKey":{"private":{"type":"Buffer","data":"6LaiV4FRUbikx+YvWK12P2ttVl+KteBkrPZLAkR29kU="},"public":{"type":"Buffer","data":"N73XHCXt4BJcEKnHxAoEDx4RIDEQ5CT17oe2MgflDwg="}},"signedPreKey":{"keyPair":{"private":{"type":"Buffer","data":"yLu1AcbVkJlljTz7YMzoSZicX9OZkSZcsrNh/04zhW4="},"public":{"type":"Buffer","data":"Dy/shcFQXcSydlOdBZegneG8azun1p5THRQYysRmEXU="}},"signature":{"type":"Buffer","data":"s96xtHyTaUpSkql6JOsCDZ/6Es4ctOOzKHUone+lX0gACzTMH8TzF010oOY+qXejQubvBkRxSFlrTjnMQeH9AQ=="},"keyId":1},"registrationId":140,"advSecretKey":"y0jSOMVGGN6RZ3pawX8uRhZoLvRhCaGue7UjKee3y5o=","processedHistoryMessages":[{"key":{"remoteJid":"94774038706@s.whatsapp.net","fromMe":true,"id":"614A1237EDB2A034DED77E1B00796179"},"messageTimestamp":1752231677},{"key":{"remoteJid":"94774038706@s.whatsapp.net","fromMe":true,"id":"10F700B845607D465A29161E58B7D8BD"},"messageTimestamp":1752231682},{"key":{"remoteJid":"94774038706@s.whatsapp.net","fromMe":true,"id":"C7DEB4DB2C24BA75F46051DAC2210A47"},"messageTimestamp":1752231752},{"key":{"remoteJid":"94774038706@s.whatsapp.net","fromMe":true,"id":"787178A9917D7FCD0432D0C4609C1C3F"},"messageTimestamp":1752231789},{"key":{"remoteJid":"94774038706@s.whatsapp.net","fromMe":true,"id":"1F96B6A11161D4D565D9F54E7DCEA4D6"},"messageTimestamp":1752231823},{"key":{"remoteJid":"94774038706@s.whatsapp.net","fromMe":true,"id":"AFF18A200F5B9FEA5BFDE4806C201583"},"messageTimestamp":1752231874},{"key":{"remoteJid":"94774038706@s.whatsapp.net","fromMe":true,"id":"B4B844C734544589CC5BD35287E7AA33"},"messageTimestamp":1752231906},{"key":{"remoteJid":"94774038706@s.whatsapp.net","fromMe":true,"id":"9A5AADEC5529CE9D690A6D8E89119CF0"},"messageTimestamp":1752231944},{"key":{"remoteJid":"94774038706@s.whatsapp.net","fromMe":true,"id":"374E6C65A993C5A54935A1F0775DA88A"},"messageTimestamp":1752231989},{"key":{"remoteJid":"94774038706@s.whatsapp.net","fromMe":true,"id":"BBC48088074B3FC743146C3BA3AF5738"},"messageTimestamp":1752232027},{"key":{"remoteJid":"94774038706@s.whatsapp.net","fromMe":true,"id":"FF97F19FABFE97C134D1D5BDF2A14CF1"},"messageTimestamp":1752232084},{"key":{"remoteJid":"94774038706@s.whatsapp.net","fromMe":true,"id":"9B8BA3EDF255E9719259C2FBBB15A0B7"},"messageTimestamp":1752232085}],"nextPreKeyId":126,"firstUnuploadedPreKeyId":126,"accountSyncCounter":1,"accountSettings":{"unarchiveChats":false},"deviceId":"66vxFFRtTNa5ebUxtG8rzw","phoneId":"543f492c-c159-4f8c-b9bd-2f1378c81c36","identityId":{"type":"Buffer","data":"KL5kortQkgJxt6aNC6TF/fHiRRs="},"registered":true,"backupToken":{"type":"Buffer","data":"SX4c3eTe9UixcsRaH+94B3ovqRc="},"registration":{},"pairingCode":"SS5WGWC4","me":{"id":"94774038706:1@s.whatsapp.net","lid":"29747581051054:1@lid","name":"VINZO 🤍🫶"},"account":{"details":"CJef65QCEOHdw8MGGAEgACgA","accountSignatureKey":"r1KwnTa39DedesapBcChWthgrLqzixwnIxRc/7Vcy18=","accountSignature":"OatnxqaoAoX78XAm+KgY7zglP3jFMICMKNAbTKqvsHsPG2oUjaQMtBqVXF7TVNt5Q1ZZRgUB6BCMGLzrDV/oDw==","deviceSignature":"GYC19nqAERwdGjnjIS9fHSg751a31kCFckZ+LtYQoAIGGQkEpl2Bbe08pg+9ykyxpCkZS53d+PJWZRAPLdgFBA=="},"signalIdentities":[{"identifier":{"name":"94774038706:1@s.whatsapp.net","deviceId":0},"identifierKey":{"type":"Buffer","data":"Ba9SsJ02t/Q3nXrGqQXAoVrYYKy6s4scJyMUXP+1XMtf"}}],"platform":"android","routingInfo":{"type":"Buffer","data":"CA0IAg=="},"lastAccountSyncTimestamp":1752231663,"lastPropHash":"PWk5B","myAppStateKeyId":"AAAAAJ9H"}