{"noiseKey":{"private":{"type":"Buffer","data":"oFhi0jMNqUcAUXTXgx7A3eC3PuK/w6mwoyvTIfyzbUQ="},"public":{"type":"Buffer","data":"/3msV9HrPZvBPVirrfmBpKrFE4XBsJ/HAX8ppQtBIjg="}},"pairingEphemeralKeyPair":{"private":{"type":"Buffer","data":"OHxT/GRd0jvJDDOyJkIbF+KCSR+p81mExslw/Y3g1XE="},"public":{"type":"Buffer","data":"JpdIM35jZjsr5rEdyZyZ5rjkzdk4252Nru+70ZWbzmA="}},"signedIdentityKey":{"private":{"type":"Buffer","data":"wEXJaN0MJO410HwKL8EbyV4RaJCeMkLGQqsCq01QSEw="},"public":{"type":"Buffer","data":"ewcSDfv4rgVJd/jvZ1gKoktvTjSD0cUgr20UkcxDPF4="}},"signedPreKey":{"keyPair":{"private":{"type":"Buffer","data":"eIOlYuQfpIq+aZ7uOu6E3iGuxaKghwFfo3FeXilFhEk="},"public":{"type":"Buffer","data":"01IXOkzTNx3PiuTRwMETo07AY1O4OMtuc/1YXz/YMEI="}},"signature":{"type":"Buffer","data":"yD1B+VhzKLvt28zuJ3NgoXEcWt5XkS7/Y7ccND6jDfL260ZVznM/7MERBTepdOZvQ9qYKwa0Xu79FtULs4zYAw=="},"keyId":1},"registrationId":120,"advSecretKey":"FkmDUjNzHnf/6IjcC3FphE2eIXO4vQLrlO3JD3N7awI=","processedHistoryMessages":[{"key":{"remoteJid":"94758964773@s.whatsapp.net","fromMe":true,"id":"FFC7D659A53C3835AFD849D4A146E19B"},"messageTimestamp":1751906322},{"key":{"remoteJid":"94758964773@s.whatsapp.net","fromMe":true,"id":"7A9A310D22E6672CB235F52AC69755C3"},"messageTimestamp":1751906322},{"key":{"remoteJid":"94758964773@s.whatsapp.net","fromMe":true,"id":"AF6FDE089DB6BCB37FBB6EC048619E44"},"messageTimestamp":1751906373},{"key":{"remoteJid":"94758964773@s.whatsapp.net","fromMe":true,"id":"B147E00542BB30A34EAA241B8A2C63B6"},"messageTimestamp":1751906418}],"nextPreKeyId":116,"firstUnuploadedPreKeyId":116,"accountSyncCounter":1,"accountSettings":{"unarchiveChats":false},"deviceId":"mZp962iXREK1ZsbLYkmIxg","phoneId":"5aca9952-550a-4a85-b9db-394318304979","identityId":{"type":"Buffer","data":"Kp3Hp5HscmcgPekqvN3DY+LLRfs="},"registered":true,"backupToken":{"type":"Buffer","data":"tD9Zj4cz4xMj8CSNMlZcHGDdKHc="},"registration":{},"pairingCode":"4S858ZDR","me":{"id":"94758964773:11@s.whatsapp.net","lid":"80917787893933:11@lid","name":"Daham"},"account":{"details":"CL/O5p8CEP/vr8MGGAEgACgA","accountSignatureKey":"xKfcScUU06o+m19UdAFvFs+EARPoOXY742luO0WjtzE=","accountSignature":"RaZETSs7Cf99TKxUIfXcKtuBcUPgJsLaieTlpRYC6ZmP+PO0O1eTgrN1sFbHlHjTNrqFjOejq+Dkn3/KgNegCg==","deviceSignature":"ZEXeG9FW10sbjyQRcobVt4G0yZG+mQbP6aOl0hvRtS5janHtcJaT6jbvoqtBZJk5twcaosKPZqez8bFsz6pbDg=="},"signalIdentities":[{"identifier":{"name":"94758964773:11@s.whatsapp.net","deviceId":0},"identifierKey":{"type":"Buffer","data":"BcSn3EnFFNOqPptfVHQBbxbPhAET6Dl2O+NpbjtFo7cx"}}],"platform":"android","routingInfo":{"type":"Buffer","data":"CA0IEg=="},"lastAccountSyncTimestamp":1751921525,"lastPropHash":"3R9Z39","myAppStateKeyId":"AAAAAK/v"}