{"noiseKey":{"private":{"type":"Buffer","data":"ODvBRhxoK6F2mMfvLakKkRP5dJFp2uXknGxKUP1F/2g="},"public":{"type":"Buffer","data":"Rgr/5QDmBHXpkG+ANSHb2Tk3qOTFeuS0DnhLxaSwRC0="}},"pairingEphemeralKeyPair":{"private":{"type":"Buffer","data":"kAaM0Wa9yZGOj8iNL3AqF2e7xHMzLBC3XINtMYvwnEc="},"public":{"type":"Buffer","data":"pOl1uX6wfpyxUZ4s5Og12QSbfqcvLD5D8EAhjeG0kB0="}},"signedIdentityKey":{"private":{"type":"Buffer","data":"KEH56kTivcfWGGoYMbnTWnkRw8ST8yn9xqmTDomhnVE="},"public":{"type":"Buffer","data":"ew+rWH2ssMeSfC73xx3vExVrbLAiQ8SyEGysa5vgakQ="}},"signedPreKey":{"keyPair":{"private":{"type":"Buffer","data":"MP6wdWpMyOvHAWflUU81ljeCRuTUCSOQfXDsu4ptRnw="},"public":{"type":"Buffer","data":"HhUGxY/Wf1AENZmgpM3RFxBqQriyF69Iuuh4XkBdy18="}},"signature":{"type":"Buffer","data":"k3bZOqO3Mf+2sZhtzCy4CfzedFXOHQ++PX95SnWEf6OIrv0HSz7dQYCrc9nlml1c+3QZ/PEkXsYnG4DVMgoxjw=="},"keyId":1},"registrationId":157,"advSecretKey":"8NQisZGef7HAMgILDYrOemRMc67ZxiSlKW/ClHNQe1Q=","processedHistoryMessages":[{"key":{"remoteJid":"94742402034@s.whatsapp.net","fromMe":true,"id":"DD0FDB6361F180922E08C49D6DF6B939"},"messageTimestamp":1752410235},{"key":{"remoteJid":"94742402034@s.whatsapp.net","fromMe":true,"id":"50CEE3FEB63969363646BC49C1DBAA5C"},"messageTimestamp":1752410235}],"nextPreKeyId":31,"firstUnuploadedPreKeyId":31,"accountSyncCounter":1,"accountSettings":{"unarchiveChats":false},"deviceId":"h6hTr5KjTlGO_6NwCO4MAw","phoneId":"2157841f-5cf3-446f-9cd4-df1bfda7fc0e","identityId":{"type":"Buffer","data":"73RgYPyFRm3E2q4LgFqfz7sCjHM="},"registered":true,"backupToken":{"type":"Buffer","data":"2rDOEnhYKe9lyBFJHY1bU6itmBY="},"registration":{},"pairingCode":"4JM82XLS","me":{"id":"94742402034:4@s.whatsapp.net","lid":"127440789762152:4@lid","name":"IMESH"},"account":{"details":"CMb122wQ6tDOwwYYASAAKAA=","accountSignatureKey":"XTKgmEbIkPxrAm2AS4npUjTTymOc0LEmxyrda9UbSgs=","accountSignature":"YgMI2SWOo86jAgpnZZQ76AkZPk4ej0INOPZgJ170IoPvO26AAVx3CNLMdFIuTD/rPAOud9duxlTDTPndcloYDQ==","deviceSignature":"0ooj50YKmUKwxv9nmf0PU+WgpsCOmaOWhFmzsMbhk7nDHUWu5CiPExBn6laM1W/u6A4JCelBYdozkPKde4n2iA=="},"signalIdentities":[{"identifier":{"name":"94742402034:4@s.whatsapp.net","deviceId":0},"identifierKey":{"type":"Buffer","data":"BV0yoJhGyJD8awJtgEuJ6VI008pjnNCxJscq3WvVG0oL"}}],"platform":"android","routingInfo":{"type":"Buffer","data":"CAMIAg=="},"lastAccountSyncTimestamp":1752410287,"lastPropHash":"1K4hH4","myAppStateKeyId":"AAAAAFMM"}