{"noiseKey":{"private":{"type":"Buffer","data":"KEGq/itvXiNa+uR0n6IXtgKLYOjv7ZacBjhyYDICH0o="},"public":{"type":"Buffer","data":"AAo3TQjNbxmWKgSMsZR3GXP4AUOGrK27LVU9vaCHrG8="}},"pairingEphemeralKeyPair":{"private":{"type":"Buffer","data":"aKKisq9W4eB/kt5B3tka1bOJkMUJrIor1jW5DBommGQ="},"public":{"type":"Buffer","data":"Bz2V23vXfm9uKwbyvPwYXXZYVIyBy4fOMOUUBkiRh3E="}},"signedIdentityKey":{"private":{"type":"Buffer","data":"6GkGFNbXDbWEvu2ONoK8o9hKmnRpmnHpZrUzom8cPm0="},"public":{"type":"Buffer","data":"dtZXTC0xMSMJyxUd8/Cj1zo/DEFe/+OIDHTJrKmbOWQ="}},"signedPreKey":{"keyPair":{"private":{"type":"Buffer","data":"+BLLq6NusbK8dhAFKxrq3n+mWkfdw5SxYR3xlCN86Ws="},"public":{"type":"Buffer","data":"2OxwvAvZ/vvEGhhRrClD/cUkUyIKGz76PWCfFEmi5Uc="}},"signature":{"type":"Buffer","data":"wfIwaGArMzOBkSVlx8EH4ofCKrSw4R0Mg/taQljKemyEg+VjDthTaKQs4UKMtxRiADeOvmpCX3T2SOvcPodICg=="},"keyId":1},"registrationId":225,"advSecretKey":"c2nKQwCTa6Bu9NGGZWzHAA+sPDZ7TmThxBS5kFJpnfA=","processedHistoryMessages":[{"key":{"remoteJid":"94701837334@s.whatsapp.net","fromMe":true,"id":"BB34738BEA6019540D92716B0A3E6401"},"messageTimestamp":1752120231},{"key":{"remoteJid":"94701837334@s.whatsapp.net","fromMe":true,"id":"82C03EEC8031776056858BB4D07E2F6A"},"messageTimestamp":1752120231},{"key":{"remoteJid":"94701837334@s.whatsapp.net","fromMe":true,"id":"3266DF2BDE64A31D8515362798BB4A10"},"messageTimestamp":1752120258},{"key":{"remoteJid":"94701837334@s.whatsapp.net","fromMe":true,"id":"8380A1D863284488CB5C8FA851354E15"},"messageTimestamp":1752120267}],"nextPreKeyId":363,"firstUnuploadedPreKeyId":363,"accountSyncCounter":1,"accountSettings":{"unarchiveChats":false},"deviceId":"y9FJ_1IyRtCjnVra1-232w","phoneId":"c0517c08-0ead-4309-a3af-87e4cc0219bb","identityId":{"type":"Buffer","data":"HHl9cgYEkaxKa0KHpKdcYjMKj8A="},"registered":true,"backupToken":{"type":"Buffer","data":"7HhxSMEmz3UmUq4w5z1F1YejEwY="},"registration":{},"pairingCode":"2MRR2TGW","me":{"id":"94701837334:10@s.whatsapp.net","name":"ඔශී_බබාහ්","lid":"120268244680827:10@lid"},"account":{"details":"CIzLl74CEJn3vMMGGAEgACgA","accountSignatureKey":"lDmtnaaSeKa5UC1Tdc9w2c+ydsoY5A2NDaqgzcaFdRY=","accountSignature":"uzt4Rb4wq/1jTprkDWC2ZjJLi9/1HWwRCjVNwHUc/uVNIN85ES4WDVTiyZ2q2Bz4usA85H19eUNFHqyhEJz8Ag==","deviceSignature":"Zo9wMLWVe+rUYwL+HPTgXsQhr+9gBOoHqQqzQbt4/yWlIBHqI3Mb8n4b+S0v7wNCPW/+GalrRPxjd7EHOpe1DQ=="},"signalIdentities":[{"identifier":{"name":"94701837334:10@s.whatsapp.net","deviceId":0},"identifierKey":{"type":"Buffer","data":"BZQ5rZ2mknimuVAtU3XPcNnPsnbKGOQNjQ2qoM3GhXUW"}}],"platform":"smba","routingInfo":{"type":"Buffer","data":"CBIICA=="},"lastAccountSyncTimestamp":1752120229,"lastPropHash":"3R9Z39","myAppStateKeyId":"AAAAANPk"}