{"noiseKey":{"private":{"type":"Buffer","data":"sF1YjF6I6QFvvSHF5qPdgL6TGhjOqKF2DYNJjdabLGA="},"public":{"type":"Buffer","data":"WfWLQ2AD4ttYCwB0yV3iXFFaBKqO2/uWntO0F4hQfF4="}},"pairingEphemeralKeyPair":{"private":{"type":"Buffer","data":"kHJoA0NIhn51oilUND7OpoLx9t2hI5c1hWC7rjVKOHs="},"public":{"type":"Buffer","data":"3qVApWBnUy3VfFgrKwwt2/4RXHGLAo0xwhq3gOT721E="}},"signedIdentityKey":{"private":{"type":"Buffer","data":"wJj+diZ0OC2PzkdAstG351ItoLb9cJzus/EXZlE8Ulw="},"public":{"type":"Buffer","data":"PjW2oMSknG7qHDqLJpB4qVntzfb1fCvNKKvYCEEN5XY="}},"signedPreKey":{"keyPair":{"private":{"type":"Buffer","data":"WDeKlwcpE/GZ0bSbJmNIkrG3/DCnd649zJX74KlyXX4="},"public":{"type":"Buffer","data":"MsBQZUTPPNl6rkjKn+sFsYw332VmLVbVdOU5vdF0nGk="}},"signature":{"type":"Buffer","data":"o+1IyBTBS4+OHke04kJ6/BXErj5oSkJ+B7hN7X7/7dq8hAkYt1tYYIqC6/32MRv1peLANgdLG+iJw9gKdFOfgA=="},"keyId":1},"registrationId":27,"advSecretKey":"D6X/AlP+KFugwJLhi/AIQ7IsQ8Zk1C7RbH4w0HxaRYQ=","processedHistoryMessages":[],"nextPreKeyId":1,"firstUnuploadedPreKeyId":1,"accountSyncCounter":0,"accountSettings":{"unarchiveChats":false},"deviceId":"6QFz_DAoSmWUHFuFqLeLsg","phoneId":"05abaa33-95c9-4a0c-825a-976ea8d35edf","identityId":{"type":"Buffer","data":"Xa583SlocSZtbhSzzVFdj5LclDQ="},"registered":true,"backupToken":{"type":"Buffer","data":"SHAMyGlGR1qN+4NXuCOt+Wcfuw0="},"registration":{},"pairingCode":"3LWMX9J5","me":{"id":"94743786652@s.whatsapp.net","name":"~"}}