{"noiseKey":{"private":{"type":"Buffer","data":"mDRFF3d32xu72qHKBR6RSS14HSJ+33tRvHkepvVMYl8="},"public":{"type":"Buffer","data":"pOYe6WOv1/DD+tlEEIWBishOh88Es34bZvmtkpw3VU8="}},"pairingEphemeralKeyPair":{"private":{"type":"Buffer","data":"mAB6iHQ6cMcDMIlNkyfmLffNH8o3GfWcSjrC5wwdKVk="},"public":{"type":"Buffer","data":"uGOJFvtDrwiDM+0II4Ztf+w+gaCS9VA/Ma9xIX4Mnzw="}},"signedIdentityKey":{"private":{"type":"Buffer","data":"KJM5dISivWD0mnoy2ZqFFa1uQNs+iLRALQsfABgJcGI="},"public":{"type":"Buffer","data":"sY5ZIyn632xA3HMjYpfHC/guHtA+AHBOVzuuAehFinQ="}},"signedPreKey":{"keyPair":{"private":{"type":"Buffer","data":"eGVByJ+7YxCjCdbi5bEE/zt8iWEad1v3V2QdjNLorl4="},"public":{"type":"Buffer","data":"T/UnpeEjVTW0mTzYx7Sk63JUAhRxs/WrvRBHqwsYtUM="}},"signature":{"type":"Buffer","data":"h5Bu5bG6lX5VFjD1YtPxCKVQiUJpUGyVOGckJmWTbXGsxE56FrSWbQrqoI1WFThRnvpg8uFmCIdqqdlH5dbcgw=="},"keyId":1},"registrationId":59,"advSecretKey":"EUZdkxsL9Riov8hpaqbdbm570K14JhH5LAVx6yUw+ic=","processedHistoryMessages":[{"key":{"remoteJid":"94763597187@s.whatsapp.net","fromMe":true,"id":"C78E9962EEDF9034FB05E8F660860E7E"},"messageTimestamp":1752071534},{"key":{"remoteJid":"94763597187@s.whatsapp.net","fromMe":true,"id":"8E96F2EF1CA3D17310607A5359E0AEB1"},"messageTimestamp":1752071536},{"key":{"remoteJid":"94763597187@s.whatsapp.net","fromMe":true,"id":"AD23E29928B9EB1E823E4A7B8F5A6D25"},"messageTimestamp":1752071555}],"nextPreKeyId":144,"firstUnuploadedPreKeyId":144,"accountSyncCounter":1,"accountSettings":{"unarchiveChats":false},"deviceId":"L0fGPEhcSZ2Ut_YThcOYnw","phoneId":"c1cb2ca1-a14f-4869-8890-e6bf68530953","identityId":{"type":"Buffer","data":"zVjtdWDaJtwdZKgIH5Lp/F61vUM="},"registered":true,"backupToken":{"type":"Buffer","data":"DmaeyT4x2n2prePK1kDqmYMGReA="},"registration":{},"pairingCode":"JYDXMNQF","me":{"id":"94763597187:1@s.whatsapp.net","lid":"204337934508108:1@lid","name":"sadru"},"account":{"details":"COnf9lYQ2Pq5wwYYASAAKAA=","accountSignatureKey":"MWJilZ4uDk7EeI+3LJFttf8Kv6wNDuk2Uk6G/pPAfx4=","accountSignature":"ucO8dNrYdS3bQqV0Z2lr+uYPIUYV0MnwoMfkNCfjXeqjWGFhTq0gNEmB0YblOPsyTVhTHsv5ns+emPOBSvbzAw==","deviceSignature":"yrCAd1WVcrHVaVTh4WgvB1DrDbBv2WJzjPbMf73ueRg6wcW/BLMeP2h6ruIIIhHSYju6xceuV/iDT3+45n+OhA=="},"signalIdentities":[{"identifier":{"name":"94763597187:1@s.whatsapp.net","deviceId":0},"identifierKey":{"type":"Buffer","data":"BTFiYpWeLg5OxHiPtyyRbbX/Cr+sDQ7pNlJOhv6TwH8e"}}],"platform":"android","routingInfo":{"type":"Buffer","data":"CBIICA=="},"lastAccountSyncTimestamp":1752074987,"lastPropHash":"PWk5B","myAppStateKeyId":"AAAAAJyC"}