{"noiseKey":{"private":{"type":"Buffer","data":"wH/vDw1mTSaY1WCJnsciv6V2yEzz4dObhE57+mVxjVk="},"public":{"type":"Buffer","data":"hWiWMsu2WYZpGv1G4SylDiUsVIXCwy9oeGwwykHePn0="}},"pairingEphemeralKeyPair":{"private":{"type":"Buffer","data":"AErmV04E56YFO9TsalrWYBm/snJtXwqfEbEb5OoXeFM="},"public":{"type":"Buffer","data":"naxeE9xu0pZ8e8Een4/ueHv0rfE0meBgEw5St2C8bTw="}},"signedIdentityKey":{"private":{"type":"Buffer","data":"gEUyqeQNuJLzC4iWszq4fu3PFGkUOWQrvDzUnlGLp2Q="},"public":{"type":"Buffer","data":"dmOuR5dZ0hZEXsSzYJhRlbeC/Asy7hJUce/hRogjtAI="}},"signedPreKey":{"keyPair":{"private":{"type":"Buffer","data":"6HUDwYFA0zRx0y1Jnl6rIjmnebsuCOIh6b5seIG3oHo="},"public":{"type":"Buffer","data":"FfQPP7GI9nOivDiwqYCoOyEWJi2QL5y+IFP0mTZmAjI="}},"signature":{"type":"Buffer","data":"zjfCdn9BKipksgY5YGOujJuKdaC8xerPGIOojqyv1YRABHHkxcmlu/kAT6Ts6C2WssmGwna0ukWZhOWh68+TDQ=="},"keyId":1},"registrationId":97,"advSecretKey":"2xPjsL+U/E502HuENaWSMUIF0ZEN4RnWyOsAMtMdIF0=","processedHistoryMessages":[{"key":{"remoteJid":"94761003967@s.whatsapp.net","fromMe":true,"id":"068EA04BDD25A1B493C827CAFE714768"},"messageTimestamp":1752489584},{"key":{"remoteJid":"94761003967@s.whatsapp.net","fromMe":true,"id":"8A6E0CF24DBF72CDAA6770E13C73D322"},"messageTimestamp":1752489585}],"nextPreKeyId":31,"firstUnuploadedPreKeyId":31,"accountSyncCounter":1,"accountSettings":{"unarchiveChats":false},"deviceId":"8JwW6ub7SSiA38V47Be4sQ","phoneId":"d7a4b9b0-1b2c-4a3a-b173-c0e9b4effb13","identityId":{"type":"Buffer","data":"UCjcTN9kSIk5y09vLeTFYxtuevA="},"registered":true,"backupToken":{"type":"Buffer","data":"DOBT8NPKFaPos0aJUCIgYTFUJRU="},"registration":{},"pairingCode":"RAKN59F6","me":{"id":"94761003967:10@s.whatsapp.net","lid":"175879045046332:10@lid","name":"𝙷.Madusanka"},"account":{"details":"COmPgAwQ4rzTwwYYBiAAKAA=","accountSignatureKey":"QTpRPI/xY96lWcRfpg3cRRnaF1F3K05GLTs8iA3E1Dw=","accountSignature":"0dzXsoJiz9fkDaK5vst5/qJ1qT0Ryg4/ufDaYkT1bSttzRAIZ1Vkf8MtojkMZyFTs+HbK2D/kX4egWGKy/6mCA==","deviceSignature":"REoBEyXJlgwiH4+FQv6Cma/PC7a1PoZXrqx8CYZOmg18RAOxLAR4SFgfcM9GJyh0WND9/u/M8pHbdsSd72CaAQ=="},"signalIdentities":[{"identifier":{"name":"94761003967:10@s.whatsapp.net","deviceId":0},"identifierKey":{"type":"Buffer","data":"BUE6UTyP8WPepVnEX6YN3EUZ2hdRdytORi07PIgNxNQ8"}}],"platform":"android","routingInfo":{"type":"Buffer","data":"CAsIEg=="},"lastAccountSyncTimestamp":1752489582,"lastPropHash":"3R9Z39","myAppStateKeyId":"AAAAAAuX"}