{"noiseKey":{"private":{"type":"Buffer","data":"uAZM2PW0Ci46xPnuesdv58T0yffxJ2HmqgiVeSaT6m0="},"public":{"type":"Buffer","data":"0At25f8BG6UxCc9TCpFbxYXJcy1foQR0mUv3A1GsMDw="}},"pairingEphemeralKeyPair":{"private":{"type":"Buffer","data":"8FSGtGvslAy65XbFEMfVSXKN2UVBSgVFykPsGbl1BFY="},"public":{"type":"Buffer","data":"z2oSSuTNwz4CEe0jaGKZDfnvLPF/4OUB61GhA7yMhQk="}},"signedIdentityKey":{"private":{"type":"Buffer","data":"ACpfe9ndiU1CcrMqs06etumRyTXZaZKCWP2dAYAF60c="},"public":{"type":"Buffer","data":"OT/Ze5YNGUyOsuC6tlgN2yohI1Zr1SuVe+6VA+bcTQ8="}},"signedPreKey":{"keyPair":{"private":{"type":"Buffer","data":"gM7GRo2idO7RwBU+MAj0UhzA/ZyBGLZM2oIE2IgKk38="},"public":{"type":"Buffer","data":"78KDIAEAdLGxegEr7A0ciMmbU3MQSG3m8s6DD3+MtxI="}},"signature":{"type":"Buffer","data":"EhnAfysll5Pf2DWOWseRHX4pahZ74Rw6NQbrUQgIWK+B3VbXWMB7JtubpbviKE3VnLctppyQDXULqNRSV3hViA=="},"keyId":1},"registrationId":143,"advSecretKey":"Cd4tvh0ch5mR4+QXMqJLmMUeu/cOCout+bfuxIIcuU0=","processedHistoryMessages":[{"key":{"remoteJid":"94772811639@s.whatsapp.net","fromMe":true,"id":"46E0A72D4B099D7A684922E669E0B606"},"messageTimestamp":1752383225},{"key":{"remoteJid":"94772811639@s.whatsapp.net","fromMe":true,"id":"C26ABE9D230ED5B2DCA47ECF61EC54F0"},"messageTimestamp":1752383225},{"key":{"remoteJid":"94772811639@s.whatsapp.net","fromMe":true,"id":"249482508F3693BFB473FFD11FE273FA"},"messageTimestamp":1752383256}],"nextPreKeyId":31,"firstUnuploadedPreKeyId":31,"accountSyncCounter":1,"accountSettings":{"unarchiveChats":false},"deviceId":"Y7K7tGcVQUuGIiN47itA1g","phoneId":"74c3b1a1-5a9a-4247-ab36-b2fc52ed6fd8","identityId":{"type":"Buffer","data":"M0UXo7njAI+b0sQMcIXX23y+lNo="},"registered":true,"backupToken":{"type":"Buffer","data":"OtoHzA3sgsk/7+pot+mHwKzNxPk="},"registration":{},"pairingCode":"F22XVRVE","me":{"id":"94772811639:2@s.whatsapp.net","name":"sahan tharusha herath","lid":"171971044200635:2@lid"},"account":{"details":"CMzVzMIDEOj9zMMGGAEgACgA","accountSignatureKey":"RXsxYqapzlE4mFPMSjIJP68kX7Uzq5W3S0MsRzF88mE=","accountSignature":"CTaVCDIotOLQU9o1xnYzyGlekF12AQVzniXo11bIJu0FeH+B2nKwwZXDwO9CjAOu9Z3rtmioTU7GbqRVtIyODg==","deviceSignature":"Tt8S7Nln498SvgTGYDSbGhuia/uyqwba5QVFtnV00jD2lZd15ZP9wAlv593UZvauDKubk9gLusA5hIg9dX3NgA=="},"signalIdentities":[{"identifier":{"name":"94772811639:2@s.whatsapp.net","deviceId":0},"identifierKey":{"type":"Buffer","data":"BUV7MWKmqc5ROJhTzEoyCT+vJF+1M6uVt0tDLEcxfPJh"}}],"platform":"smba","routingInfo":{"type":"Buffer","data":"CAkICA=="},"lastAccountSyncTimestamp":1752383222,"lastPropHash":"1K4hH4","myAppStateKeyId":"AAAAANpr"}