{"noiseKey":{"private":{"type":"Buffer","data":"gIFn6XjPkhbBEac9W+6jTdSlJl0ZrcGv/0Kd67ONfkc="},"public":{"type":"Buffer","data":"zJzIlQ4spTZH2+BDv3B07yKf8m2kWZxESZ7NbtwFJFk="}},"pairingEphemeralKeyPair":{"private":{"type":"Buffer","data":"iLBqQZoIuzUCPuUcrcdDvf8M+QoKvL5Q/SzF6eNSu0U="},"public":{"type":"Buffer","data":"GxH19HOX69iSp+MKC8ROyL2ebj3cgwhKQrA/8+paYFY="}},"signedIdentityKey":{"private":{"type":"Buffer","data":"wGk+9VMAk8fKxKEQ//3Yn/6RShGcLbbATZ+uXUm4yW0="},"public":{"type":"Buffer","data":"Ht2pdgVNaSx3VbIt59EGcaYGIqX/jQ+l6QSYT+kkYSY="}},"signedPreKey":{"keyPair":{"private":{"type":"Buffer","data":"OP7Dy3FlrR4pVgdQr4DlpcW/5TECB1kJDjl0SPRJmUI="},"public":{"type":"Buffer","data":"xeNcRFwlUTT0/BguEkkETAoSpseR+HQWnKCt92i0/TY="}},"signature":{"type":"Buffer","data":"BSnt1ZmhdCqyZo9BUoe3xCZjXgDEEnvMYD1nJScUWjeTspXPVUjl4/Qqr47VoOGVPuTOBJFOdHAF5Bu4m3q+gQ=="},"keyId":1},"registrationId":174,"advSecretKey":"BaMxW6EqiM89Z7ai0m7y5IXdHw4yW5gtzuWQWGntDMs=","processedHistoryMessages":[{"key":{"remoteJid":"94777573610@s.whatsapp.net","fromMe":true,"id":"C338C154794BE47ED5F24D0D80823C4F"},"messageTimestamp":1752371312},{"key":{"remoteJid":"94777573610@s.whatsapp.net","fromMe":true,"id":"FD7D0D832BB8E0287E1087C5AA6C88B2"},"messageTimestamp":1752371312},{"key":{"remoteJid":"94777573610@s.whatsapp.net","fromMe":true,"id":"0C233C5D4C3355B50F6465ABC080BF44"},"messageTimestamp":1752371330}],"nextPreKeyId":34,"firstUnuploadedPreKeyId":34,"accountSyncCounter":1,"accountSettings":{"unarchiveChats":false},"deviceId":"xFeY1R-xQdGbCiX-nQyWwg","phoneId":"69c5300b-2e8f-4490-b27f-4537e7fe0091","identityId":{"type":"Buffer","data":"84YPLP1y8cZsujVoUugyuGsvNsM="},"registered":true,"backupToken":{"type":"Buffer","data":"SnyRntFHu6nIt5xbhLY8lxuSUK0="},"registration":{},"pairingCode":"RXNAVCRT","me":{"id":"94777573610:23@s.whatsapp.net","lid":"166563697168547:23@lid","name":"DT xSATHAN"},"account":{"details":"COib9L4FEN6gzMMGGAYgACgA","accountSignatureKey":"FQ/naR7d/eX1+6rCpGP6n7frMTqitswk+5L1u9JP1j4=","accountSignature":"2wybLJbY2hsR+Q0k76ru8XA0badPyh3Rqwv1yvMkrhbot6EDAed0SiLH/iMEl3fL0Sx1qvYb1OTsnTo8hjhSDg==","deviceSignature":"3nRz+4/kZdrI1KcOtfeicvJHI72FeguaKGJ+YhbV0uKDs2Iqb7MMmnGDbNTXoq/LAZES0UdxUwgxhGJtJSs2jQ=="},"signalIdentities":[{"identifier":{"name":"94777573610:23@s.whatsapp.net","deviceId":0},"identifierKey":{"type":"Buffer","data":"BRUP52ke3f3l9fuqwqRj+p+36zE6orbMJPuS9bvST9Y+"}}],"platform":"android","routingInfo":{"type":"Buffer","data":"CAkICw=="},"lastAccountSyncTimestamp":1752371307,"lastPropHash":"PWk5B","myAppStateKeyId":"AAAAADfG"}