{"noiseKey":{"private":{"type":"Buffer","data":"oBoPrIljBM6zCSH5g0d8NoOLEISsggAepvCMZ5rGFXM="},"public":{"type":"Buffer","data":"rPSFMOhls0AJorxW2KjZwOOz3HUt3+M2VzNHUTLp1i4="}},"pairingEphemeralKeyPair":{"private":{"type":"Buffer","data":"YAK5MkeVYPUmMFGlArO9HWNt4qdYTe3R09QNfR+KE3I="},"public":{"type":"Buffer","data":"x5lqa9HMHBC7QJ9KBPstITfhez+x6/sSlwB3ozuGZ34="}},"signedIdentityKey":{"private":{"type":"Buffer","data":"AFFQBXcu0JS1MlcXZ5eFNW8cT2OBmFhyQKtzyNEmOmE="},"public":{"type":"Buffer","data":"L4L3c5s5JaBt8TjiZljLdo3YghgQXSdGQ8+5rZAQRVU="}},"signedPreKey":{"keyPair":{"private":{"type":"Buffer","data":"4MmYOkmZOC0vaeOoAh1PSXV2QV64KFulDiNgeAQVwWE="},"public":{"type":"Buffer","data":"qmAQ9178GndRUyZCIyKDeTHB2Pz0LGUbw0SFzNxMJXI="}},"signature":{"type":"Buffer","data":"3i87l8y4phZgRBwuqLME3dBIef8aZ0sPYatTYAyZ1+sdKZZfoWgSDMEQW/S9QZ7qBG8xsOgz5/huraY9NojHjg=="},"keyId":1},"registrationId":230,"advSecretKey":"lX5d9VFD6cvcxZcwnvD6Yb02YUrunWq6w5H+m5ryXCk=","processedHistoryMessages":[{"key":{"remoteJid":"94779229415@s.whatsapp.net","fromMe":true,"id":"F91B7CC8B8EF9AD507A810D055ECC404"},"messageTimestamp":1752130383},{"key":{"remoteJid":"94779229415@s.whatsapp.net","fromMe":true,"id":"3CE6A44E9EF81E10D8497791581BBBA6"},"messageTimestamp":1752130396}],"nextPreKeyId":33,"firstUnuploadedPreKeyId":33,"accountSyncCounter":1,"accountSettings":{"unarchiveChats":false},"deviceId":"YKty2xYbRgO4VCylBcUSyA","phoneId":"3fc08725-839a-4b86-9bb6-1b03508546ee","identityId":{"type":"Buffer","data":"dNx7xODOBWNaV8x//ZC4pNSW4Kc="},"registered":true,"backupToken":{"type":"Buffer","data":"nPfrsMNlTTnIeWxWUxY+wVEEUHQ="},"registration":{},"pairingCode":"F1VXEW3V","me":{"id":"94779229415:2@s.whatsapp.net","lid":"185211958649070:2@lid","name":"❤️Sasmika❤️"},"account":{"details":"CPW0qqUHELTGvcMGGAEgACgA","accountSignatureKey":"Gvo2eeXghTpfKNMz2ptOJnIaerPnbm/3DnO9nChAOCQ=","accountSignature":"kS2XVDzuhTUS60T5syUmsvzRrzuRpe7Le6nw533Q9loTur2CoHOdgO6qyxIL6jyuAuxGsOZM4PHq4OqDdqIlDg==","deviceSignature":"xnGORPnIuae8YtIICz1IAx3vK7OJ+lN7gInD3QnMO6ON6GmxCBRDagUtH7yxLTWzMQLSGLB13TCb+vduEcPQjA=="},"signalIdentities":[{"identifier":{"name":"94779229415:2@s.whatsapp.net","deviceId":0},"identifierKey":{"type":"Buffer","data":"BRr6Nnnl4IU6XyjTM9qbTiZyGnqz525v9w5zvZwoQDgk"}}],"platform":"android","routingInfo":{"type":"Buffer","data":"CAgIAg=="},"lastAccountSyncTimestamp":1752130458,"lastPropHash":"2V77qU","myAppStateKeyId":"AAAAAN02"}