{"noiseKey":{"private":{"type":"Buffer","data":"EBHiwZDP9Bm1XjpEM/NlLGi3Wfv5y5T9BwnKfB/YemQ="},"public":{"type":"Buffer","data":"6CB+bADuC2e6+40U12MUKw+BZIt1PsgIATpi48g8EiQ="}},"pairingEphemeralKeyPair":{"private":{"type":"Buffer","data":"EORGGdwFPhKYnqPsxiB/jWvjQxWB35z/PoKuF1nKiHs="},"public":{"type":"Buffer","data":"R4d+cyf4TLDIPU4eTJP43JGfgWcbsrFWZl4Vam3ZFxw="}},"signedIdentityKey":{"private":{"type":"Buffer","data":"6OgHnu3oq5g5RBwgAky0uyf3JV1ONRaxR2ichqlsvGY="},"public":{"type":"Buffer","data":"zvNwboWQNgcdurqhKAvbH92/W9xkIWRvk/5vgCcf3lM="}},"signedPreKey":{"keyPair":{"private":{"type":"Buffer","data":"WCr1YWdGGKmfS/RJjpRmSYqXCKOO6gHb6NS30HMskEo="},"public":{"type":"Buffer","data":"k1M/pZYWaUOetmIaLKQNxhfq5Smqt4G1EFq9gbpVhjk="}},"signature":{"type":"Buffer","data":"DsYtKIy83WTTQSVeDLz6T6yF8SiWr0ocO81ld1epsy9gr3+RYX+64HxkYRCYR3ijLSYLd8MaLhf3uAGKyIbkBA=="},"keyId":1},"registrationId":239,"advSecretKey":"k9DYB3VngiRjweIFA5thJ0XGcNnEblulAoRBPeMLLoQ=","processedHistoryMessages":[{"key":{"remoteJid":"94752431514@s.whatsapp.net","fromMe":true,"id":"08E61B6C6906B61579AE0BEEA89CA5F8"},"messageTimestamp":1752400388},{"key":{"remoteJid":"94752431514@s.whatsapp.net","fromMe":true,"id":"11CA56E9E6EDA36D2984DC3D6F50E5C1"},"messageTimestamp":1752400394},{"key":{"remoteJid":"94752431514@s.whatsapp.net","fromMe":true,"id":"D4693FE9C0E14EB3F629613755A3051A"},"messageTimestamp":1752400474},{"key":{"remoteJid":"94752431514@s.whatsapp.net","fromMe":true,"id":"E26EBE99D196808858E7D31C37EDE93D"},"messageTimestamp":1752400532},{"key":{"remoteJid":"94752431514@s.whatsapp.net","fromMe":true,"id":"C1BD5E2F876AEB44B2A94A918ABE190E"},"messageTimestamp":1752400586},{"key":{"remoteJid":"94752431514@s.whatsapp.net","fromMe":true,"id":"4A74C04562508A19F8EC716CF3AE6714"},"messageTimestamp":1752400623}],"nextPreKeyId":35,"firstUnuploadedPreKeyId":35,"accountSyncCounter":1,"accountSettings":{"unarchiveChats":false},"deviceId":"7WRj5eSeSnaEC536vJsBdQ","phoneId":"e0d386f8-b1ac-4a9c-adaf-41bc114b4c0a","identityId":{"type":"Buffer","data":"iXik0OdUfr0gp+KiHIMTpbJdA80="},"registered":true,"backupToken":{"type":"Buffer","data":"NxrdYNlypvIM5n3DWN+x5BSyhBo="},"registration":{},"pairingCode":"ECWARZKV","me":{"id":"94752431514:95@s.whatsapp.net","lid":"39286619525178:95@lid","name":"DARK GHOST"},"account":{"details":"CJ6VxaoGENiDzsMGGAYgACgA","accountSignatureKey":"S3Q0qOCINVCAiVI+CH7K9r73fnatz7qxhjxMuxio4Q8=","accountSignature":"+qPYMhP4dt9ghU41h1eaUa2KfCWZOgfAv7nSl+tOj40pentIjFo9J3jGQxp0sV9+Hn7fLz9C1Mjscm3i8QBQDA==","deviceSignature":"qzNlD1wPatGFoOg5T4DneqO1fogpPUJv9+dwNZNBO5P0YOzr3qHlmG4mWoq/Gt6cMmppOMOIck7L5aXy0b2CBg=="},"signalIdentities":[{"identifier":{"name":"94752431514:95@s.whatsapp.net","deviceId":0},"identifierKey":{"type":"Buffer","data":"BUt0NKjgiDVQgIlSPgh+yva+9352rc+6sYY8TLsYqOEP"}}],"platform":"android","routingInfo":{"type":"Buffer","data":"CAkIDQ=="},"lastAccountSyncTimestamp":1752400356,"lastPropHash":"2V77qU","myAppStateKeyId":"AAAAAN8M"}