{"noiseKey":{"private":{"type":"Buffer","data":"WET1G4KWFalnNWkIsSldKuEHlNpaiKbnt5QuLcn3AHE="},"public":{"type":"Buffer","data":"y78Qu+znlFAsm69GJkxCmXn0Qc4LNpgg6J9uz4lJ3jM="}},"pairingEphemeralKeyPair":{"private":{"type":"Buffer","data":"OOO/OD7zJCb7G90gsvLrMNPDdvvsQ9Io54UzfxP2rEo="},"public":{"type":"Buffer","data":"Z3DNG2roq/U9yGjRi/6O1jA1Sr7eUpAK7v/HS4KH01U="}},"signedIdentityKey":{"private":{"type":"Buffer","data":"kHIvZV62dZ12MDSTpWl1MgvieLXDSwTegkePYfWARms="},"public":{"type":"Buffer","data":"9XwxlS1nmra+YQ1W74hZ7hew8hA+Tf0XuBbxCb1b+Cg="}},"signedPreKey":{"keyPair":{"private":{"type":"Buffer","data":"CHlmAfYMe9dz+3iAInuTvlDz14eK9hkZHhFYTznct20="},"public":{"type":"Buffer","data":"NrRgRDIF+EqUZ2h1eH2bB3owCzukIUF8WQk+0zm9gDU="}},"signature":{"type":"Buffer","data":"AdqerS+9tEDBiz5cWZrxv38cp+ULbbFXetaMx8zOskPpDpd6TihVYT50iPn/+6d/1HCTSxrV+yIqFKuj8HBpgg=="},"keyId":1},"registrationId":176,"advSecretKey":"dkXpygJEpOWPDowUTZryWEDFde9y8wkxxFHI0TAWM6c=","processedHistoryMessages":[{"key":{"remoteJid":"213773252149@s.whatsapp.net","fromMe":true,"id":"1993194E1796511F146A1933AA650DE3"},"messageTimestamp":1751749546},{"key":{"remoteJid":"213773252149@s.whatsapp.net","fromMe":true,"id":"37C8DC5F39546B1E349A1A66E0067736"},"messageTimestamp":1751749550}],"nextPreKeyId":31,"firstUnuploadedPreKeyId":31,"accountSyncCounter":1,"accountSettings":{"unarchiveChats":false},"deviceId":"19r1P5aJTlaQ08Nndf6gIA","phoneId":"2b3cbed3-c3cd-4ca9-a338-79d29750c9a5","identityId":{"type":"Buffer","data":"dag6wUDv48lebyrhMcn6P5VnEnI="},"registered":true,"backupToken":{"type":"Buffer","data":"a1ADl+dyt4KRMf+IT7/bwrpXAiw="},"registration":{},"pairingCode":"RRN6C57Y","me":{"id":"213773252149:23@s.whatsapp.net","lid":"221616571203718:23@lid","name":"𝒎𝒍ِ𝒌🦦"},"account":{"details":"CMDLhIoBEJinpsMGGAEgACgA","accountSignatureKey":"4w/0ivmzFToFQUpiJOVpje4dJsO7U+x/G8de56lJVjE=","accountSignature":"j+fOrbA8NYbS5vPvPycFOkQLlRyc/dlz5b9qshZ+Bm7PvtHT9QY+UxOFrF6PSUgrSakSZcRQGe14koKG1qS2Dw==","deviceSignature":"gXeM0F/FS9m/ubMFfqvfWF/c0c4tZ1+xu/VNs+Ofwl+qacc3JKcCiGq7eKF5ygI2pfGBSymZV67b8Uj+gMQviA=="},"signalIdentities":[{"identifier":{"name":"213773252149:23@s.whatsapp.net","deviceId":0},"identifierKey":{"type":"Buffer","data":"BeMP9Ir5sxU6BUFKYiTlaY3uHSbDu1PsfxvHXuepSVYx"}}],"platform":"android","routingInfo":{"type":"Buffer","data":"CA0IAg=="},"lastAccountSyncTimestamp":1751749541,"lastPropHash":"nm3Bb","myAppStateKeyId":"AAAAAG0h"}