{"noiseKey":{"private":{"type":"Buffer","data":"iG8bC8bgf2UAWDiDEb3m5S9aozwQD5+7RxNKp/RHbXw="},"public":{"type":"Buffer","data":"+WmOn83uGTQ+u0zCt3rxGAKWC+lRMIc6+lTvM2FUMXo="}},"pairingEphemeralKeyPair":{"private":{"type":"Buffer","data":"AGPn9iRHuwjkqZg/xYeIam8uKwmTz/CF8PVoSdg8E3Q="},"public":{"type":"Buffer","data":"vKDNeP/QkGv96T2TbmO7DWDCXlqhib0zoQK54Z2HSl8="}},"signedIdentityKey":{"private":{"type":"Buffer","data":"sGF338yoYdyklJk1ec1iAi0Qg+erbGPW64uZ+8mcw1c="},"public":{"type":"Buffer","data":"i1AA+RzJh63wPCdQOV4jbE5h3xoauDkxheMHmEB5Gh4="}},"signedPreKey":{"keyPair":{"private":{"type":"Buffer","data":"eCX+ns3l9NSpMVbhLNDNjhlxU7Ct1fTAsDWsg54VS3g="},"public":{"type":"Buffer","data":"AEo1fmUuB9M0TIEktcRrxk3nSMPEe7EeVlHAFMZjtH4="}},"signature":{"type":"Buffer","data":"qwFZtVyo90f+q6wGXS5czfd6eZaU4q51FIZLenZfbipt/R4TNmZUvFV/tGChynzzYk5mopP4AvF1keOVYVrIBQ=="},"keyId":1},"registrationId":194,"advSecretKey":"b6lEQJcAMPSySYv0r2Up3toazTNo8BNO+kTLsYStmys=","processedHistoryMessages":[{"key":{"remoteJid":"201120590204@s.whatsapp.net","fromMe":true,"id":"4C12293D027D96DA9B5A306BF9DBCB5A"},"messageTimestamp":1751825127},{"key":{"remoteJid":"201120590204@s.whatsapp.net","fromMe":true,"id":"D19070733580F704F4810D4000FC78A4"},"messageTimestamp":1751825138},{"key":{"remoteJid":"201120590204@s.whatsapp.net","fromMe":true,"id":"9072249C4145044BAA7E8CE4FDA4140D"},"messageTimestamp":1751825165},{"key":{"remoteJid":"201120590204@s.whatsapp.net","fromMe":true,"id":"A7CFCA44C248932E89DEFAB73FB211F1"},"messageTimestamp":1751825184},{"key":{"remoteJid":"201120590204@s.whatsapp.net","fromMe":true,"id":"1245FD18066723746AE3E6E5D6C44C2D"},"messageTimestamp":1751825204},{"key":{"remoteJid":"201120590204@s.whatsapp.net","fromMe":true,"id":"1EA50DB0ED3F7CC43A6B1BD4B3D98B36"},"messageTimestamp":1751825221},{"key":{"remoteJid":"201120590204@s.whatsapp.net","fromMe":true,"id":"430AA01265AAA36C55E5C1565FD186CA"},"messageTimestamp":1751825238},{"key":{"remoteJid":"201120590204@s.whatsapp.net","fromMe":true,"id":"4021452D34D3CEEFD401C0AFD61B9E57"},"messageTimestamp":1751825262},{"key":{"remoteJid":"201120590204@s.whatsapp.net","fromMe":true,"id":"5B8AFD81F8509220E8579AB85C3F609D"},"messageTimestamp":1751825296},{"key":{"remoteJid":"201120590204@s.whatsapp.net","fromMe":true,"id":"778EBA1694BB03CEF81FF2D606CC20B9"},"messageTimestamp":1751825308},{"key":{"remoteJid":"201120590204@s.whatsapp.net","fromMe":true,"id":"3DF77DE44BF78D2907F21BBEBC895A8B"},"messageTimestamp":1751825319},{"key":{"remoteJid":"201120590204@s.whatsapp.net","fromMe":true,"id":"7927BEE2A214AFE51FDE380F4FDA857A"},"messageTimestamp":1751825328},{"key":{"remoteJid":"201120590204@s.whatsapp.net","fromMe":true,"id":"D8EDDA2C51D26866CAD03B84D7EBC519"},"messageTimestamp":1751825336},{"key":{"remoteJid":"201120590204@s.whatsapp.net","fromMe":true,"id":"8EB4278C8AEB355299504BBA4083E964"},"messageTimestamp":1751825339}],"nextPreKeyId":36,"firstUnuploadedPreKeyId":36,"accountSyncCounter":1,"accountSettings":{"unarchiveChats":false},"deviceId":"SIl61owuRkeVPGkNipiDzw","phoneId":"252c9a9a-9f9a-4aae-841c-0b543ad1cb6d","identityId":{"type":"Buffer","data":"ys45FD96DhpHJF2D2z+c3fpe6PM="},"registered":true,"backupToken":{"type":"Buffer","data":"MIBRGoJ6VfbI4kYVbsEDX3ULMIM="},"registration":{},"pairingCode":"2QVNGG6L","me":{"id":"201120590204:98@s.whatsapp.net","name":"𝓗𝓸𝓭𝓪.","lid":"83348236066932:98@lid"},"account":{"details":"CKTliu0DEMz1qsMGGAEgACgA","accountSignatureKey":"EkO4rxPQek+4hP8Y+kJBNPmDR0l8duIPGQ7o/lVR0xg=","accountSignature":"y95POqmZerNV1l3OHJcgwVQMByC5jRTzR5dgq6507WLJPJjiCaTaCCtKe4BKg5n/XjDuXnKreCQeGD4uNhCpDA==","deviceSignature":"bh9cxb3Q2QYe8zpGFStjZcngL3aP9/5me+pUmtSiYuyV0a8ekMfmuntI/+mdw0icstuVxvEediER7uPw8USBDQ=="},"signalIdentities":[{"identifier":{"name":"201120590204:98@s.whatsapp.net","deviceId":0},"identifierKey":{"type":"Buffer","data":"BRJDuK8T0HpPuIT/GPpCQTT5g0dJfHbiDxkO6P5VUdMY"}}],"platform":"smba","routingInfo":{"type":"Buffer","data":"CAIIDQ=="},"lastAccountSyncTimestamp":1751825113,"lastPropHash":"1K4hH4","myAppStateKeyId":"AAAAAGkK"}