{"noiseKey":{"private":{"type":"Buffer","data":"gIKTjsdgY/h08Ytr/RAEYhSwaRL5Km+SOteFJJoSUlM="},"public":{"type":"Buffer","data":"chKvaUAhAGXAwMI/qYK14O767woRwNevqyhlaShuNT4="}},"pairingEphemeralKeyPair":{"private":{"type":"Buffer","data":"wEMGQVyjk8BsIRJbhuXnuJKYGfbu5PLsvkzr25yNwHY="},"public":{"type":"Buffer","data":"lckDqU/d7TVGWv0tADXukMIkV12Dr7wV5QP+MYcoSEo="}},"signedIdentityKey":{"private":{"type":"Buffer","data":"IEHsA5oE9iya439Q8v2SE2si0UCdXzVR21ZnoPFtGlg="},"public":{"type":"Buffer","data":"UnQ/UXAWvEb3CWSyMkEDFZL/SqIiPGx9wVjhQI6AaB4="}},"signedPreKey":{"keyPair":{"private":{"type":"Buffer","data":"IDGxDLMMvWv7D5iQeAGoCZTCeExqFoZ9Try5U5w7El0="},"public":{"type":"Buffer","data":"KzeSG3Q1yUDZQqzlv9NeAJJDFLUTC7UHiqH6z2F5Rj4="}},"signature":{"type":"Buffer","data":"+VuC/kWrdZQWCV/h5ro2eI0p8jVeAoxDzlOF+o18vAsBJ0cM4jDcK5I8zNpIIpRjOUfTulnnd004QfmGcivPgA=="},"keyId":1},"registrationId":75,"advSecretKey":"5t0WswpZ0vRbhw9y7ipqh4zbuk6gC0LKaO6JvlCz140=","processedHistoryMessages":[{"key":{"remoteJid":"94785505762@s.whatsapp.net","fromMe":true,"id":"06A5BC1B64342C361B77BF88F23799D7"},"messageTimestamp":1751901553}],"nextPreKeyId":207,"firstUnuploadedPreKeyId":207,"accountSyncCounter":1,"accountSettings":{"unarchiveChats":false},"deviceId":"PNlP1BcsSJiRVxqODABt_g","phoneId":"d69a8c71-b153-4bb9-982f-f42f1ba181af","identityId":{"type":"Buffer","data":"WJM8uxD39YIifx5f6nu6ZfHKbbY="},"registered":true,"backupToken":{"type":"Buffer","data":"gV+MHg3XvpnB9XM2JINHW2GdgEo="},"registration":{},"pairingCode":"R2W722L9","me":{"id":"94785505762:21@s.whatsapp.net","lid":"201103924826349:21@lid","name":"❤𝗥𝗔𝗩𝗜𝗬𝗔❤️𝗕𝗢𝗬❤️"},"account":{"details":"CKur1eABENbKr8MGGAMgACgA","accountSignatureKey":"IvchUf89i5zJfaGliufiaV0ouO3FpYvCjZgfoPJnIHo=","accountSignature":"EK6NdiC/0hCMxgmKcdRM+CYGQqPaF+rVZHN0CMIVox3RUXtVj8E1h9lDM/ho4HNWH5h76SPPUDQffUqssGpcBA==","deviceSignature":"Edb/IEPekZMswS3E3WdMAGT1DtAHLcvFk927+EVOqWClS7pSvME1FXZ7DskslHJgZmQKVoyLKC0gwchZTyBLgg=="},"signalIdentities":[{"identifier":{"name":"94785505762:21@s.whatsapp.net","deviceId":0},"identifierKey":{"type":"Buffer","data":"BSL3IVH/PYucyX2hpYrn4mldKLjtxaWLwo2YH6DyZyB6"}}],"platform":"android","routingInfo":{"type":"Buffer","data":"CAUIDQ=="},"lastAccountSyncTimestamp":1751901539,"lastPropHash":"3R9Z39","myAppStateKeyId":"AAAAABGR"}