{"noiseKey":{"private":{"type":"Buffer","data":"iI3ePR/E+vThpdSjdcxyx8qz1bqHj+vkGUpzjwEWrn0="},"public":{"type":"Buffer","data":"T7jPpyP0COT/kq/PB4HFw9tmXFmg6PpgU1ZaAC1K2Sc="}},"pairingEphemeralKeyPair":{"private":{"type":"Buffer","data":"cF7ywMNAzJC9x7cPKHSauI8ZZon/EP9ditlRf83PkUg="},"public":{"type":"Buffer","data":"+QrV/fOsxbRfTk8fP7ziX3D6qIH5ORwFQN+SeOEqI3U="}},"signedIdentityKey":{"private":{"type":"Buffer","data":"MJzjqZJLSkEgCX2ahrwWtF4KfgGuM2ouPzm0OJZknks="},"public":{"type":"Buffer","data":"kCE4nmYEQi/KsAysAmR5hHGffDYyefRko3/SvECXiA0="}},"signedPreKey":{"keyPair":{"private":{"type":"Buffer","data":"cA/uoutwpE8SV9vmYHrO2FAqTIvadN8uk6wXymf0d28="},"public":{"type":"Buffer","data":"n6xrtaePE55AzlGZ1fBjtQ6g4+ocwzU9Pgp6JGsXHGg="}},"signature":{"type":"Buffer","data":"S9UiZS1d8to1rFtjzeOEdhh/tFBYdDZ12sz8Yr7EW6I/tZt2f9yMhlgKGqAr/342cFCyC1xWj+fjYljhQmKmAw=="},"keyId":1},"registrationId":87,"advSecretKey":"/WruOBjGYu6/fAoagGo2IBsC9dD47fgjcWhkWSwrpdE=","processedHistoryMessages":[{"key":{"remoteJid":"94783373425@s.whatsapp.net","fromMe":true,"id":"41016E574A0861534B7AD12D8FA1AB67"},"messageTimestamp":1752197988},{"key":{"remoteJid":"94783373425@s.whatsapp.net","fromMe":true,"id":"0AD2435548DC90189A0DAB2D5EAC6EB2"},"messageTimestamp":1752197988},{"key":{"remoteJid":"94783373425@s.whatsapp.net","fromMe":true,"id":"98A26F7383CB3B943E96CBD9DE877ADC"},"messageTimestamp":1752198003}],"nextPreKeyId":65,"firstUnuploadedPreKeyId":65,"accountSyncCounter":1,"accountSettings":{"unarchiveChats":false},"deviceId":"PrJlekg4QiyySdKW8ech0A","phoneId":"fba9cee0-4df3-48eb-b5a0-7fb9fbd64ceb","identityId":{"type":"Buffer","data":"2d0najjdug7gj/4iEF3E3zQM6YI="},"registered":true,"backupToken":{"type":"Buffer","data":"3ywoe+Ssx5IZRn6RdtpjHuNdUdA="},"registration":{},"pairingCode":"YYEB3HKS","me":{"id":"94783373425:1@s.whatsapp.net","lid":"245758632706253:1@lid","name":"නාග කන්‍යාවි"},"account":{"details":"COfTtSYQ0tbBwwYYASAAKAA=","accountSignatureKey":"OXrnoO9fMkaDCL7A4GkoqB645wt6cGrHqwBygtUk/AA=","accountSignature":"6CqRO7iQgSZTojLWh4rtPJykA5d+iga9GtKPVtszY5+Gg4P1eITn46Qz+SH43pxZkGOXzZ409luXCugiarGjAA==","deviceSignature":"b4tPDnA4de0MhRoXNiq400kBauD7sEglIf8rjt4Td0VKvifQWnah0PpIp+jv+1cbQvSxWpgqseU8Uc8JmBrLDw=="},"signalIdentities":[{"identifier":{"name":"94783373425:1@s.whatsapp.net","deviceId":0},"identifierKey":{"type":"Buffer","data":"BTl656DvXzJGgwi+wOBpKKgeuOcLenBqx6sAcoLVJPwA"}}],"platform":"android","routingInfo":{"type":"Buffer","data":"CAUICA=="},"lastAccountSyncTimestamp":1752209353,"lastPropHash":"1K4hH4","myAppStateKeyId":"AAAAAOYZ"}