{"noiseKey":{"private":{"type":"Buffer","data":"cO2FZ8skOSu5Bsh/1RdEW2+/VI6VO+humF4X7CFJvnM="},"public":{"type":"Buffer","data":"geHVmAoxPQ2R5BkH/ekOeo+B9cYkhkAX7EgMS+886yc="}},"pairingEphemeralKeyPair":{"private":{"type":"Buffer","data":"4Fx+WoDJRAr0ZHuj/0we1A/mkBZl27rsCzBKuNsXJ0E="},"public":{"type":"Buffer","data":"WQdQ2EWQm8uPkhZNB2rvnTSdLCLZW9iJZil/0hF8gRc="}},"signedIdentityKey":{"private":{"type":"Buffer","data":"YCAOYBVOwHfRSccD8V3I/XMoFC9mNKUi24jNqA8+wX8="},"public":{"type":"Buffer","data":"+A17tuyon6soxSdgd2IwIu6PptLZWuv9BoifTslPYzc="}},"signedPreKey":{"keyPair":{"private":{"type":"Buffer","data":"4M2avGR9qkw1ICCmjq5AA69jHqxYRq2UGAIS0sruG28="},"public":{"type":"Buffer","data":"qgv2JNFztriUiE6/znWtWXef4hH9mPeLrOkHHG94/WM="}},"signature":{"type":"Buffer","data":"UpWfwudlG7SykgMtBHXJcrU6dhVe6YL/H/BypdQlavSQbSzL7lSrDba5HaWL+QzoZlLfEAeo22M5uwSMEgv7jw=="},"keyId":1},"registrationId":65,"advSecretKey":"PoPUUWcczkSZ6Q/XaGFzTGUg886GrQYtG8noOLcC7e8=","processedHistoryMessages":[{"key":{"remoteJid":"94759321399@s.whatsapp.net","fromMe":true,"id":"7866F19C4A033C0F03397A32740F711E"},"messageTimestamp":1752327988}],"nextPreKeyId":31,"firstUnuploadedPreKeyId":31,"accountSyncCounter":1,"accountSettings":{"unarchiveChats":false},"deviceId":"pCzLrfzGRCKzeOppyFKOtA","phoneId":"6196d483-f6c1-4800-a45e-a8bd7942f80a","identityId":{"type":"Buffer","data":"aPC8BfxNCNE9rXAOj1ts3FNFQw0="},"registered":true,"backupToken":{"type":"Buffer","data":"5rF6oim4xfi3HSTeJZSoT25eaks="},"registration":{},"pairingCode":"TDYHT9N9","me":{"id":"94759321399:12@s.whatsapp.net","name":"- ɴ ᴏ ᴠ ᴀ - ᴏ ꜰ ꜰ ɪ ᴄ ɪ ᴀ ʟ -\n---\nㅹ\n༺༻\n---\nӁ\n---\n - ᴛ ʜ ᴇ ɴ ᴜ ᴋ ᴀ - \n--\nㅹ","lid":"197259845177541:12@lid"},"account":{"details":"CMOT+swGEKLOycMGGAIgACgA","accountSignatureKey":"GfCHEa5IihD8mlYcRZwgY6PF1GoDUfATl5ZI4q/k10c=","accountSignature":"tW4ocWuG5EwZqzAsX8hbfYnkPS/QvCmWgDUc9d6jxonhmIfUCXif3D+AQRvCLF9e6BiOv5M1O1Q7Tbj2ytL4CA==","deviceSignature":"coOZ/zR4LE9wekYCV+0bdvrzKWLMvEcY+lO5y7Af30xF9JPFIoFzrRS17moGQmyVJotXlrPZr8gtrI17zcmEjg=="},"signalIdentities":[{"identifier":{"name":"94759321399:12@s.whatsapp.net","deviceId":0},"identifierKey":{"type":"Buffer","data":"BRnwhxGuSIoQ/JpWHEWcIGOjxdRqA1HwE5eWSOKv5NdH"}}],"platform":"smba","routingInfo":{"type":"Buffer","data":"CAgIBQ=="},"lastAccountSyncTimestamp":1752327983,"lastPropHash":"2V77qU","myAppStateKeyId":"AAAAANob"}