{"noiseKey":{"private":{"type":"Buffer","data":"OMWU4uJejU8FhOjYhashYG+c+YJj0xK0QYvWK+XS3H0="},"public":{"type":"Buffer","data":"10Nizn9a8s3PUmK4M9LjwsIVJHaQVC9Nl8bzHZHLZ3M="}},"pairingEphemeralKeyPair":{"private":{"type":"Buffer","data":"wH83fpxz7MmypbEYjkOMfx8whPmpURMlSOMjtLPqXVY="},"public":{"type":"Buffer","data":"mQJ7YLy5lSwQCCHSV4XwF9VfOT363zpn2gV9bHYvVV0="}},"signedIdentityKey":{"private":{"type":"Buffer","data":"4ACXFmeotcyRbqM1dBM2VWsRPmDdqZGj/3lJdKGIT3g="},"public":{"type":"Buffer","data":"oTPNVr8pbV0bmZ1z/ANgMFALFSd/ei6uH/qImHapOhI="}},"signedPreKey":{"keyPair":{"private":{"type":"Buffer","data":"4Ci1ucyKLSfUz6e37YkOsZUAleX4N8/IsNJvQcC5QkA="},"public":{"type":"Buffer","data":"+x4LZN7a+VUd5g7TzFZTK2Y8kEinQcJz/zTtlQ1VNgo="}},"signature":{"type":"Buffer","data":"Xwl21HHso12owVCaxNMt5bNkE8p7M0x6oGjBoM2+zrhtY5Huc7jt4Fob84IiN1+9RtBxtL9SMUQXTIwtqbn7Dg=="},"keyId":1},"registrationId":152,"advSecretKey":"PnoQo29rZGM65w7K4rftxdxGd0yg1yav2UqEHKgw+sM=","processedHistoryMessages":[{"key":{"remoteJid":"94761345293@s.whatsapp.net","fromMe":true,"id":"3B7334C863A7B89537C0EB85972AD47D"},"messageTimestamp":1752424337},{"key":{"remoteJid":"94761345293@s.whatsapp.net","fromMe":true,"id":"21A5FAB6365A66EE2B0AEE39AD68642C"},"messageTimestamp":1752424389},{"key":{"remoteJid":"94761345293@s.whatsapp.net","fromMe":true,"id":"E2DAFFEEE5E1EB3393045AC43185AA3C"},"messageTimestamp":1752424436}],"nextPreKeyId":95,"firstUnuploadedPreKeyId":95,"accountSyncCounter":1,"accountSettings":{"unarchiveChats":false},"deviceId":"5FNrZ0RWQUClU_B7Cvie9Q","phoneId":"d0020ab6-6685-4801-91e2-2f066b2fbea4","identityId":{"type":"Buffer","data":"inZmIHviRVh0hMZ463oRGS7i4rk="},"registered":true,"backupToken":{"type":"Buffer","data":"EmTC1+UIKINNGUY00VaNy4ZIYxQ="},"registration":{},"pairingCode":"CJLWGGD4","me":{"id":"94761345293:1@s.whatsapp.net","lid":"62534790947063:1@lid","name":"D🍁😵‍💫"},"account":{"details":"CP6ku/UHEOu+z8MGGAEgACgA","accountSignatureKey":"be+xp1AOSNhX8Is+U9nWonmCovpXqmpZVdZkkHxhHz4=","accountSignature":"TbQCwqLP/kaNkggYs0EFmfCVbCZeYXJBC8Y9fuVxbd+gxBL39GUnUoSqZjrmmbG4IiBV2X6bpdg1r4DfOKwOBw==","deviceSignature":"0zY0e1DFMrm9o8kJI0jtdlk+CBJOVY3BX9gXPGyJI/EQNPJnCQfM0oBdcdhvd8AH+O/WaxzDiHDksEtv8nPyBA=="},"signalIdentities":[{"identifier":{"name":"94761345293:1@s.whatsapp.net","deviceId":0},"identifierKey":{"type":"Buffer","data":"BW3vsadQDkjYV/CLPlPZ1qJ5gqL6V6pqWVXWZJB8YR8+"}}],"platform":"android","routingInfo":{"type":"Buffer","data":"CAMICA=="},"lastAccountSyncTimestamp":1752427602,"lastPropHash":"PWk5B","myAppStateKeyId":"AAAAAEZ0"}