{"noiseKey":{"private":{"type":"Buffer","data":"iGSYhwMqACa6uboFNrQKa4exWGVfqE67linqxBcazn0="},"public":{"type":"Buffer","data":"K4ulVu6PqBnHIMWi3gLA8NPl6iMDDYF4wZCtr/wW5BU="}},"pairingEphemeralKeyPair":{"private":{"type":"Buffer","data":"WMgTMUvU5lc23yjdXOeb+U5QUQP6ry3ZbKnT9Ld262M="},"public":{"type":"Buffer","data":"+TmoFcsRYDW1VVfk6u4vvNcug9SDHq8/tbw5fOh9XXA="}},"signedIdentityKey":{"private":{"type":"Buffer","data":"GFh+uWsYZA0NLXtLCRjtJkOZtEASU42JG6atCkcwgWg="},"public":{"type":"Buffer","data":"cGPq5/q8pSk5byhxvjf8V42ZTAYHHB9DxMJmRtRHBjk="}},"signedPreKey":{"keyPair":{"private":{"type":"Buffer","data":"UCMboF7BU0tFShzhf3VPQhlaUqZduQ85pWjTZoTZ600="},"public":{"type":"Buffer","data":"t7GR+OVZZhh4Nbk/JwHLXhp5DIB8tr4x9vHmVc3wZyg="}},"signature":{"type":"Buffer","data":"XjOIF8g6gyXqUg6DTfD0BzMeaaZ6gJsQ/8+bXXIi5BcqUfr9wcYGuDm8K0Qk8bGN4qInxvB7WKIN1i+bRaMwDQ=="},"keyId":1},"registrationId":82,"advSecretKey":"sLDbjxo3UxsORRF7JtIQmr7DoXcnFwdqazCh5W+Rdb0=","processedHistoryMessages":[{"key":{"remoteJid":"94725599256@s.whatsapp.net","fromMe":true,"id":"5B8C13E86823B6A2DE5C3B70BE30A91D"},"messageTimestamp":1751733322},{"key":{"remoteJid":"94725599256@s.whatsapp.net","fromMe":true,"id":"E19DF5F057E9C6AAF289536F4FCEF850"},"messageTimestamp":1751733358},{"key":{"remoteJid":"94725599256@s.whatsapp.net","fromMe":true,"id":"CA734EA74A2C57A98AB7A9B7035AC349"},"messageTimestamp":1751733391},{"key":{"remoteJid":"94725599256@s.whatsapp.net","fromMe":true,"id":"49FE24DB705E2B1C2D928C779C9503F4"},"messageTimestamp":1751733413}],"nextPreKeyId":582,"firstUnuploadedPreKeyId":582,"accountSyncCounter":1,"accountSettings":{"unarchiveChats":false},"deviceId":"S-CiYN9fSRKHSq7hLotiHg","phoneId":"165049e8-73c9-4c18-9859-862998ca95ff","identityId":{"type":"Buffer","data":"kMxGHIO8nxoZwXPivpJIychy1Lw="},"registered":true,"backupToken":{"type":"Buffer","data":"UmXbqEtst/ZImYNuMRTbwzvhSjw="},"registration":{},"pairingCode":"F2W3YSDS","me":{"id":"94725599256:72@s.whatsapp.net","name":"𝐈ɪ'𝐳 𝐌ᴇ\n    \n      𝙎\n\n      𝐈\n\n     𝗬\n\n     𝐀\n\n     𝗠","lid":"225486252810434:72@lid"},"account":{"details":"COi01ugBEJ2opcMGGAMgACgA","accountSignatureKey":"vdlEsg/+FMQ+LMj3kZ4FdlFGl3anX0Y+TomU42bLplY=","accountSignature":"KyWdENE+If5P7pBFP8h8wycwvaOqNKmUGxTSRuounHtxyQA1QceVK0cggnj8MOeDYx5Yeke2XeJ0Q3jnyiXtDA==","deviceSignature":"A5OuxH3BpkVyC0ER5poe/nMPBz8J1DMMVC9q3g18WWJK+tKOnqQ4wWybvNkjimdiAfwZIFyATgii23h9lgnLDA=="},"signalIdentities":[{"identifier":{"name":"94725599256:72@s.whatsapp.net","deviceId":0},"identifierKey":{"type":"Buffer","data":"Bb3ZRLIP/hTEPizI95GeBXZRRpd2p19GPk6JlONmy6ZW"}}],"platform":"smba","routingInfo":{"type":"Buffer","data":"CAUICA=="},"lastAccountSyncTimestamp":1751737532,"lastPropHash":"1K4hH4","myAppStateKeyId":"AAAAAL86"}