{"noiseKey":{"private":{"type":"Buffer","data":"aAqPti4zyDRnfv3FszEnmh1tRSKdENxV8JitD69w8F8="},"public":{"type":"Buffer","data":"UWBVlbHgxoHQj1F/XqIV8RWAXDNWIRfURZGYvACOgx0="}},"pairingEphemeralKeyPair":{"private":{"type":"Buffer","data":"IIcnZZB3gkMl0O1OVX0kLf9eN6pchYkGBE1rDd+O/H4="},"public":{"type":"Buffer","data":"q7Lj1kuoJF6kFQM0of97J2KE4qP/tUs1E/rG2yMA5G8="}},"signedIdentityKey":{"private":{"type":"Buffer","data":"gIF8sjUkrGCgAR/DfYL3PHMZBCZOCQKg4vHaSC9GdXg="},"public":{"type":"Buffer","data":"ZbqkhKRS0txvSC/iEynPQ2K7YPTvOmTKAZFGUdcOhS4="}},"signedPreKey":{"keyPair":{"private":{"type":"Buffer","data":"iEJ/Oqn+HTaeiFnrxPsi4nF10KFxRCvC8RDQD/wbBF4="},"public":{"type":"Buffer","data":"zguOo+4VnmDvgGgpbTpdm8ZWRqITKu9yRH5oATP/kno="}},"signature":{"type":"Buffer","data":"nnBJ7eFOKgEUiFK89fGDQypdSP0ZxmA8vJFaLD0BlIDmE5PEHrzeY8zi5240KscAkJ4L7Rak706JGS/kut9BBw=="},"keyId":1},"registrationId":124,"advSecretKey":"A4syJ5WNvG3+273DmLCgFzuAli2ZNctbq1VFwYw1w8E=","processedHistoryMessages":[{"key":{"remoteJid":"27631232138@s.whatsapp.net","fromMe":true,"id":"718A1D9719272BDB36E5193183342E73"},"messageTimestamp":1752336246},{"key":{"remoteJid":"27631232138@s.whatsapp.net","fromMe":true,"id":"AA5D7E6942D6F4A210A8AEAFEFD82BB2"},"messageTimestamp":1752336246}],"nextPreKeyId":445,"firstUnuploadedPreKeyId":445,"accountSyncCounter":1,"accountSettings":{"unarchiveChats":false},"deviceId":"FIrmXhsVRieGACXC-_r0QQ","phoneId":"a86b2c66-6583-4e09-b167-2a41cf1a5c15","identityId":{"type":"Buffer","data":"TU+vFosRBL4yJkA7rOinIvMqlXA="},"registered":true,"backupToken":{"type":"Buffer","data":"J/Z+9ALL4Ar5XjfegJnNi2lG0MY="},"registration":{},"pairingCode":"BC9YPHK3","me":{"id":"27631232138:10@s.whatsapp.net","lid":"16604544905327:10@lid","name":"Charlie🤍"},"account":{"details":"COKU25wHEOOOysMGGAQgACgA","accountSignatureKey":"vXxRer/iOysAEVaoW4MuF69MURmZ4IDV/MeRKJUhTVI=","accountSignature":"1xoL/AucMB6BNAFsq1FOmLDptu5fpf8AftoUjOqV7d18sb35upqwJTBn2uGaBWyZAwqoQZlR/vvMLEe2w01MBQ==","deviceSignature":"/LaxsnL6eMjQ8Kh+aEXfDXRZTg7PXkhlI8aWQMSE9tKwZbjYNXfyY8/ikvN3mpqUieG5ssXKLE9miqtG/x8VBw=="},"signalIdentities":[{"identifier":{"name":"27631232138:10@s.whatsapp.net","deviceId":0},"identifierKey":{"type":"Buffer","data":"Bb18UXq/4jsrABFWqFuDLhevTFEZmeCA1fzHkSiVIU1S"}}],"platform":"android","routingInfo":{"type":"Buffer","data":"CAMICw=="},"lastAccountSyncTimestamp":1752350524,"lastPropHash":"1K4hH4","myAppStateKeyId":"AAAAAJaM"}