{"noiseKey":{"private":{"type":"Buffer","data":"uCtsk5eOK+WIy2lL1ab9ll5IM51w23qQ8m3rmipCaU0="},"public":{"type":"Buffer","data":"qvju9U4y7f0W2iyTcRR8+Si6KRoVKhDe63Ifwd3FggM="}},"pairingEphemeralKeyPair":{"private":{"type":"Buffer","data":"EKCyFPKlj7CgfaUOiqAMvxlxw144Fhz8iiOJhDnSy1o="},"public":{"type":"Buffer","data":"LS1uVHmyySwOiUkJETnDQU/JF4PtmaMpPEkvUsAY5T8="}},"signedIdentityKey":{"private":{"type":"Buffer","data":"iKwAEiN9eDAXtP5BlN5qEwtwbLBoRHSq2it7pN7nTHA="},"public":{"type":"Buffer","data":"ErwfuG2WunsPuHH6+B5vvO7ChYEtEovizFM/8qfNuh4="}},"signedPreKey":{"keyPair":{"private":{"type":"Buffer","data":"YL83APKxyNo7DpUuHyv7M/lfIndtMR+ttKw0vjWquHM="},"public":{"type":"Buffer","data":"kh2uJWe5KemMMlfcOiMQcxMWBitxwfNCCWRnamxzvGc="}},"signature":{"type":"Buffer","data":"zS+d908koQruc0C7mBpy1wGHBiv1oXLYOsRG7edL2bYNXI+p0vXV1Hk4wg245kmr7z3gCNce76DevFXdqt9Ugw=="},"keyId":1},"registrationId":79,"advSecretKey":"ZH1DK3wZELMcgUKeU7S8Mibmz7jOjoaTay7M9eP03Ik=","processedHistoryMessages":[],"nextPreKeyId":1,"firstUnuploadedPreKeyId":1,"accountSyncCounter":0,"accountSettings":{"unarchiveChats":false},"deviceId":"eAf3z4gUQGK7M1j2yj_ofA","phoneId":"717938ef-2748-4aa8-be4f-20c8e4c95a2a","identityId":{"type":"Buffer","data":"DIfLuZDOM8dUp6O68fEgyItqInw="},"registered":true,"backupToken":{"type":"Buffer","data":"LDXBP6tS24Vw4pOgl9RWRmy8T84="},"registration":{},"pairingCode":"YTSP4JHR","me":{"id":"93799058688@s.whatsapp.net","name":"~"}}