{"noiseKey":{"private":{"type":"Buffer","data":"YM19KdZQZQMLnQcyhSrZiSdKWLjtwg4qOVra0TAdpH0="},"public":{"type":"Buffer","data":"02VSHBPwWJYVSMczRNdvXjdDbrgButx0Z3tdvWFKeR4="}},"pairingEphemeralKeyPair":{"private":{"type":"Buffer","data":"EE4uhYsb02kKjkVfZl0Q/WPmdMnMXAykyCXRfggQr3Q="},"public":{"type":"Buffer","data":"2Xs8LsEpWJEsaVx9m7v5vqGhHj85gXOKwXF9D5ML6Vk="}},"signedIdentityKey":{"private":{"type":"Buffer","data":"KPNRTthbmq3uER+oBTT3deJnHJpeahyeismEQIlvwXI="},"public":{"type":"Buffer","data":"xaIqhKDB7HljXYm38itIhuHbWh1RVF4QAAc1YvkeYCQ="}},"signedPreKey":{"keyPair":{"private":{"type":"Buffer","data":"QN0LZxoizjVDmMIZBKeph1fIKcZwXH4KTEV7CLpz5V4="},"public":{"type":"Buffer","data":"Y8EL30VdgpgKGwSKFQ2nHZ6Pb2UHAnrdUM3KNX/3TAI="}},"signature":{"type":"Buffer","data":"2LAMFWtQJ6BpBc36hA/aazLDCwTZud5r3bBN+V+UtKKXezk04BIjg0Lan6l7OrLXRJ0AxYSBTst6pbVpwlacCA=="},"keyId":1},"registrationId":206,"advSecretKey":"AMNkElXxxTxpdqT3HAwQ6Bp0Sw7nj9jD0JxvMVhhH0s=","processedHistoryMessages":[{"key":{"remoteJid":"94711993029@s.whatsapp.net","fromMe":true,"id":"AAF30366924144C3CDEF7451585E023D"},"messageTimestamp":1752398119},{"key":{"remoteJid":"94711993029@s.whatsapp.net","fromMe":true,"id":"2BCC657F195229A2481E453DB6C6C0DB"},"messageTimestamp":1752398124},{"key":{"remoteJid":"94711993029@s.whatsapp.net","fromMe":true,"id":"7329C3ED1827F56BD90137EFAD4347E1"},"messageTimestamp":1752398174},{"key":{"remoteJid":"94711993029@s.whatsapp.net","fromMe":true,"id":"45EB3D22A783B6B0A410288B0483AE47"},"messageTimestamp":1752398208},{"key":{"remoteJid":"94711993029@s.whatsapp.net","fromMe":true,"id":"A2B0214C7C45B4DE26C176699913F632"},"messageTimestamp":1752398245},{"key":{"remoteJid":"94711993029@s.whatsapp.net","fromMe":true,"id":"AA52D389A3A6A695F0B4214DAD735E4B"},"messageTimestamp":1752398271},{"key":{"remoteJid":"94711993029@s.whatsapp.net","fromMe":true,"id":"E28FE5D3419414B4031F02038A3A1273"},"messageTimestamp":1752398271}],"nextPreKeyId":1884,"firstUnuploadedPreKeyId":1884,"accountSyncCounter":1,"accountSettings":{"unarchiveChats":false},"deviceId":"k689gfSqS02Q8pR1ejVaMQ","phoneId":"c581a6e1-5eae-47bc-91d6-91fdf0fbf7c9","identityId":{"type":"Buffer","data":"LazL87eB24IUPg2cSZaPZTJE3CY="},"registered":true,"backupToken":{"type":"Buffer","data":"BduVa9sB/2gUsOaI4SdYDpqpTt0="},"registration":{},"pairingCode":"FSCYJBZ6","me":{"id":"94711993029:17@s.whatsapp.net","lid":"77065051185186:17@lid","name":"94711993029"},"account":{"details":"CKHt6ecDEI/yzcMGGAQgACgA","accountSignatureKey":"b+LnAuEygYV0Dgu3RGINf8GevEVjtSpC36H73n2LzAs=","accountSignature":"TxxnU9WutChxZ01JDaf1RmZktqMkqjKR5eN+fgYgMRIqbB99uMjGngDe4yWoYYmpdfjWEcPfEd/m+yBI69/MAQ==","deviceSignature":"byHGXrtNoJFrqo5mmYFRUQZD9nsvc1zUO2iqC6JcTscJrru1Ujz2JCIWmIiixwUeSDIN3ObTicZc+MNvzNt+Dg=="},"signalIdentities":[{"identifier":{"name":"94711993029:17@s.whatsapp.net","deviceId":0},"identifierKey":{"type":"Buffer","data":"BW/i5wLhMoGFdA4Lt0RiDX/BnrxFY7UqQt+h+959i8wL"}}],"platform":"android","routingInfo":{"type":"Buffer","data":"CAkIAg=="},"lastAccountSyncTimestamp":1752398109,"lastPropHash":"3R9Z39","myAppStateKeyId":"AAAAAE3R"}