{"noiseKey":{"private":{"type":"Buffer","data":"8PyOTQMQGNssdRXKGUjTxmonrA9APfsVp5Fw5cssOnI="},"public":{"type":"Buffer","data":"XAygVnAgkZAgmp5lOnkJln2v1X69mJA11maszQ3Y8H4="}},"pairingEphemeralKeyPair":{"private":{"type":"Buffer","data":"EEgNIbEQY7vF82OPM1a8vpPdM/FdjpdRlsIHehbq2V4="},"public":{"type":"Buffer","data":"BOXvSPJhlq9mlOUYCMkXyLmatAzM8Zb/rumQbHnAllo="}},"signedIdentityKey":{"private":{"type":"Buffer","data":"uAdpMNPQG8bHk9EunnhgojQ89XS/zJBm/8EVRomLkG8="},"public":{"type":"Buffer","data":"neQl8iELq9s32LtQD0PKWnZ4l8YJUk2heDhoFcQtdz0="}},"signedPreKey":{"keyPair":{"private":{"type":"Buffer","data":"2LqZ0cXRSxiuiOp53zAtjIqqmSVY3iPAuyf/rySIC2s="},"public":{"type":"Buffer","data":"m85R+KLsLXH9pLPeiiosd/r08oevurttnKcWYGEKf3E="}},"signature":{"type":"Buffer","data":"vJ+vJGUcd88k9dWNUtgm+2Rjqb0Dhg6AiVWottAoCbL2hp+HBKHFKm3yqviV8rUAvyeZcCN20XblZ/DQKwUDhA=="},"keyId":1},"registrationId":99,"advSecretKey":"OHXkZ6zGkkPQt8zUoZ+iQDZMwjYmo9gpmEQrha5rOTg=","processedHistoryMessages":[{"key":{"remoteJid":"94718734409@s.whatsapp.net","fromMe":true,"id":"0F6260ADD7014CF9519B9D9A51828193"},"messageTimestamp":1752176607},{"key":{"remoteJid":"94718734409@s.whatsapp.net","fromMe":true,"id":"268E13A4CE86CF946871C7140958F1D1"},"messageTimestamp":1752176676},{"key":{"remoteJid":"94718734409@s.whatsapp.net","fromMe":true,"id":"2059CD5D7C8B22460CC9A558C2553D36"},"messageTimestamp":1752176791},{"key":{"remoteJid":"94718734409@s.whatsapp.net","fromMe":true,"id":"6B821111062F000E3661DCDD9727EAF7"},"messageTimestamp":1752176791},{"key":{"remoteJid":"94718734409@s.whatsapp.net","fromMe":true,"id":"19AB1A5EB067F996A1400085A608DF8B"},"messageTimestamp":1752176811}],"nextPreKeyId":31,"firstUnuploadedPreKeyId":31,"accountSyncCounter":1,"accountSettings":{"unarchiveChats":false},"deviceId":"d_FoZ2chSVyHG8RckJMFuQ","phoneId":"f024427e-a175-426c-86a7-5e9d52bcec33","identityId":{"type":"Buffer","data":"uoYCnQVTCGxCWOGDKyu4VgKn1/o="},"registered":true,"backupToken":{"type":"Buffer","data":"n/TDWB7lcRnR7MhuEZUImla/YfI="},"registration":{},"pairingCode":"GPJE677Z","me":{"id":"94718734409:5@s.whatsapp.net","lid":"269179022237757:5@lid","name":"Loku"},"account":{"details":"CJim0pQDEMmvwMMGGAEgACgA","accountSignatureKey":"No+rv6KgT27uWTTfe+wzDcU/Dbbd1AmoCeJnELLS2X0=","accountSignature":"qoGFgecieck5jlcWZWpUURJBqqolAfkTVg1S5AiqfPAllgG1m1Azbq5ZTZsPLxCiFW8TMeqDgTezIh1R1X/uAw==","deviceSignature":"RQZX/cc3jvZ+BqgiBuihMAtOJ0aXW7qswxVSzikh+kyZj2IlT7srscA2B25H242TeRhodF9xmXwCzhwjab1MhA=="},"signalIdentities":[{"identifier":{"name":"94718734409:5@s.whatsapp.net","deviceId":0},"identifierKey":{"type":"Buffer","data":"BTaPq7+ioE9u7lk033vsMw3FPw223dQJqAniZxCy0tl9"}}],"platform":"android","routingInfo":{"type":"Buffer","data":"CAIIBQ=="},"lastAccountSyncTimestamp":1752176597,"lastPropHash":"PWk5B","myAppStateKeyId":"AAAAAEFQ"}