{"noiseKey":{"private":{"type":"Buffer","data":"4CLT5vAhPDv15PFDv5jz9VabFxQQZ0UdINX593Xnh0s="},"public":{"type":"Buffer","data":"WQuRSS+OLmsxgM2rWUKKHnDhGiEyUibJVK70qWR6N1s="}},"pairingEphemeralKeyPair":{"private":{"type":"Buffer","data":"CLH9F3YCNl0tYc8KPPJAVKcf+HJ1Lq/mWRmcSN+4l2c="},"public":{"type":"Buffer","data":"CBfkjy6cVsqR1PJw8zSUcxq5ZaDlyVovc4mA5btPkQI="}},"signedIdentityKey":{"private":{"type":"Buffer","data":"WEVnu2k/vKrHy+jJfZW+uTSQxont+faWKqwUKLzGjnc="},"public":{"type":"Buffer","data":"U/xqAqNZKsz7HiBfGhSlLIb1BMnGfwe6VYkITIC69CY="}},"signedPreKey":{"keyPair":{"private":{"type":"Buffer","data":"8F9uQ0qKFmr8zTDtXXGbHItl+9o3Dch3gHYam91w4VY="},"public":{"type":"Buffer","data":"v8cSEhTcxcDgDTatskbn9RldGwb9+PuIGh5kr6f+uBc="}},"signature":{"type":"Buffer","data":"FMAIOZjfBnQ+Nld4hmGoDz/IrRb2JbSQ4Po8gGIVNOMFeEuRmUSLQEER59UxhV2+XIbI7qX/JC2S0wzLTvd0Bw=="},"keyId":1},"registrationId":239,"advSecretKey":"xj0iMQpCS24tEjUw0C0eqDyEb3DxHq7DHmqy4sA79CM=","processedHistoryMessages":[{"key":{"remoteJid":"94763865416@s.whatsapp.net","fromMe":true,"id":"CB8B1320E1F36C1AA40B5212CDB99042"},"messageTimestamp":1751782952},{"key":{"remoteJid":"94763865416@s.whatsapp.net","fromMe":true,"id":"2ADF76916606A2DDEBCE24CF755202AA"},"messageTimestamp":1751783040},{"key":{"remoteJid":"94763865416@s.whatsapp.net","fromMe":true,"id":"01F6BDE4B08677E690F5079853AE4E2A"},"messageTimestamp":1751783062},{"key":{"remoteJid":"94763865416@s.whatsapp.net","fromMe":true,"id":"4DC8A74081994EC8840EA94C68B6AF39"},"messageTimestamp":1751783109}],"nextPreKeyId":71,"firstUnuploadedPreKeyId":71,"accountSyncCounter":1,"accountSettings":{"unarchiveChats":false},"deviceId":"Bqcqszk1QiODTS6dOke5zQ","phoneId":"9071ac30-2795-4799-bbd7-d29ac6241e68","identityId":{"type":"Buffer","data":"8N71Nnyr4JyYtD4r7rM/sDmBDSw="},"registered":true,"backupToken":{"type":"Buffer","data":"Lrn0Muzhegg7g1+ggFmOVeVnK6c="},"registration":{},"pairingCode":"VJKTH91X","me":{"id":"94763865416:26@s.whatsapp.net","name":"𝙽\n\n𝙸\n\n𝙼\n\n𝚂\n\n𝙰\n\n𝚁\n\n𝙰","lid":"65812354359402:26@lid"},"account":{"details":"CJqRy+0HEJasqMMGGAMgACgA","accountSignatureKey":"tqIGfs6jQriy58Od0F4EQfG2/nTnqNh+ZftmeA9dSH8=","accountSignature":"Yv0cKwD+StLMftnITXbUANbkh16xyW+AjKvj7i2aJTs4zMorTaz4yPEse5LE7toQSvnU2fmemdedkLSb7IOkAg==","deviceSignature":"mEp5RfydX3I492Ac9p39Ws9OiCM7UPuOp7TDudQexSTsM9g9Pyn7FR4uPH/u4fyFb3r/8h6LP9HrwTli8I49BA=="},"signalIdentities":[{"identifier":{"name":"94763865416:26@s.whatsapp.net","deviceId":0},"identifierKey":{"type":"Buffer","data":"BbaiBn7Oo0K4sufDndBeBEHxtv5056jYfmX7ZngPXUh/"}}],"platform":"smba","routingInfo":{"type":"Buffer","data":"CA0IBQ=="},"lastAccountSyncTimestamp":1751782947,"lastPropHash":"2V77qU","myAppStateKeyId":"AAAAAIv9"}