{"noiseKey":{"private":{"type":"Buffer","data":"wJhJ8/k/83nKs8UTcQZ/c8R1QFUW9ljouQbkoIwMcV0="},"public":{"type":"Buffer","data":"Q8hDA+2sVV0uOE0IcEb1CloJ16CVO7G7EtHrID452lM="}},"pairingEphemeralKeyPair":{"private":{"type":"Buffer","data":"CH7kUFp4vQWQLaFJj1qFRbeN0PWmw1mnbbzJ4jpakns="},"public":{"type":"Buffer","data":"KEgM2GZmFRU54qUwfyGsuLaCB0Ob9gk6FeSkSwObyVw="}},"signedIdentityKey":{"private":{"type":"Buffer","data":"MJGo60CH+adhd605nHM4KwNXuRo3RXlNy2eUzznc9Vk="},"public":{"type":"Buffer","data":"KAktW7nLuqF1nTeOwN15cbtDam2a56xv75H8zZCIFTU="}},"signedPreKey":{"keyPair":{"private":{"type":"Buffer","data":"wPonzUZEYa7tahPfSL99gG2FSeQQib3kdFB8xaFwbHA="},"public":{"type":"Buffer","data":"x3xKE1JqMT15JqDQgOgIubb39OSOlAAytJngaDTgjEg="}},"signature":{"type":"Buffer","data":"DyVV0xR7jGxEY/8FhHYFPqny48HfbfTRXHX05aBsVZWaYm6wjcUSXmQPjFtlsT7RPqDvHmTcfenOXh3RQy6NAw=="},"keyId":1},"registrationId":97,"advSecretKey":"x+ABOxpoYtoL71nmZm+27WutsscX0Sa/Rf0KGEKxbPo=","processedHistoryMessages":[{"key":{"remoteJid":"94763128207@s.whatsapp.net","fromMe":true,"id":"6934E3EE092C544B473120951C4888E7"},"messageTimestamp":1752119767},{"key":{"remoteJid":"94763128207@s.whatsapp.net","fromMe":true,"id":"5931AA34314AE0592E5341E7B784765B"},"messageTimestamp":1752119800},{"key":{"remoteJid":"94763128207@s.whatsapp.net","fromMe":true,"id":"9C314A6FA44124EE65363508470E98B6"},"messageTimestamp":1752119837},{"key":{"remoteJid":"94763128207@s.whatsapp.net","fromMe":true,"id":"48D98CD810EF68197E0DE5DB79C76697"},"messageTimestamp":1752119866},{"key":{"remoteJid":"94763128207@s.whatsapp.net","fromMe":true,"id":"B911C063C330F11E2E2BF11AD01E8EFA"},"messageTimestamp":1752119895},{"key":{"remoteJid":"94763128207@s.whatsapp.net","fromMe":true,"id":"5A727A909331398D957E86B62F0AB011"},"messageTimestamp":1752119918},{"key":{"remoteJid":"94763128207@s.whatsapp.net","fromMe":true,"id":"C42F1098C2F36561A86FA01A41155761"},"messageTimestamp":1752119967},{"key":{"remoteJid":"94763128207@s.whatsapp.net","fromMe":true,"id":"92B1D4D25701DD711B47074F7D9AF7FA"},"messageTimestamp":1752120005},{"key":{"remoteJid":"94763128207@s.whatsapp.net","fromMe":true,"id":"F2FDD3F9CC1948707BCD9B2F8D23447F"},"messageTimestamp":1752120037},{"key":{"remoteJid":"94763128207@s.whatsapp.net","fromMe":true,"id":"9530DA533A5B43CD9F3EC83EA09E8AF3"},"messageTimestamp":1752120142},{"key":{"remoteJid":"94763128207@s.whatsapp.net","fromMe":true,"id":"51FF841E2F157F3A917501144D18BD36"},"messageTimestamp":1752120185}],"nextPreKeyId":32,"firstUnuploadedPreKeyId":32,"accountSyncCounter":1,"accountSettings":{"unarchiveChats":false},"deviceId":"uxlkQSIHTKOeU0IRLsIJcQ","phoneId":"7e1ed287-406f-4c3c-9c9f-f7b178591390","identityId":{"type":"Buffer","data":"Op2cyCQxTzLKPQm/gelO/rdGViY="},"registered":true,"backupToken":{"type":"Buffer","data":"a0NUvBA7IiUeiwJR46nTrELZi6s="},"registration":{},"pairingCode":"YE4N67P2","me":{"id":"94763128207:13@s.whatsapp.net","name":"̈́῁ツ͟ᴿ͟ᴱ͟ʸ͟ᴬ͟ᴸ̽ͯͯ͟Ｋ͟ɪ͟ɴ͟ɢ͟Ｒͦ͟ᴀ͟ꜱ͟ᴛ͟ʜ͟ᴀ͟͢͡῁̈́̽","lid":"99506356019419:13@lid"},"account":{"details":"CJXm/2gQv/O8wwYYASAAKAA=","accountSignatureKey":"zrwY6Ztl0qXPvBSBfWURbyvPzrvCrPf5KN5cSNaymys=","accountSignature":"a9MXzUaOKbVyYtJy+dQTmhlj8nhptXIJl9iz4m+FK2/eJrw1yLMB3HQlIMe6w/SHm3fp+oh0FwN191qU7sMsCw==","deviceSignature":"SB8ru9pkoaTWDDMUxCwh6LF6WFqmIWTI4oY4FUn2q1Y+gT/XIlCFcniX4KAdVgJc1yJFKO0lqnmcKDeigZLYAg=="},"signalIdentities":[{"identifier":{"name":"94763128207:13@s.whatsapp.net","deviceId":0},"identifierKey":{"type":"Buffer","data":"Bc68GOmbZdKlz7wUgX1lEW8rz867wqz3+SjeXEjWspsr"}}],"platform":"smba","routingInfo":{"type":"Buffer","data":"CA0IEg=="},"lastAccountSyncTimestamp":1752119755,"lastPropHash":"3R9Z39","myAppStateKeyId":"AAAAANFH"}