{"noiseKey":{"private":{"type":"Buffer","data":"2MnjjJVJgBQLg3Vm7ZibEInm2wwbsSRsi8615cB80G8="},"public":{"type":"Buffer","data":"njkx7y+0YGC/ViRjBFyN7kOnEI/d5vNsm2z3YyLTQRg="}},"pairingEphemeralKeyPair":{"private":{"type":"Buffer","data":"mAhhxd5YPcp7VKtyuiFYwkXpWLY7kvbfoKDCehxFQ00="},"public":{"type":"Buffer","data":"kch29Q9EnR4+8Pjy1sYF8NWbuGADoi5UGnqZPeCXGB0="}},"signedIdentityKey":{"private":{"type":"Buffer","data":"IPjgpUAblxYLaQkdBqXtfsa50s+suQ2/5LwwGt2MZEQ="},"public":{"type":"Buffer","data":"WtM2ZBB6KkJuZF3r5ZDI25auLmS8qDL6r/pLmR+atnw="}},"signedPreKey":{"keyPair":{"private":{"type":"Buffer","data":"AMnNbepgWocILmOAXLxZIp8R5fwIP7N70OEp1o1Wn1Q="},"public":{"type":"Buffer","data":"8LliUncxfBbQpWqg0JKohFRl4XZc0xyoAVfw5+N2M0s="}},"signature":{"type":"Buffer","data":"YPSy+TM+heMGAPSUUIsBFoDF6CM7pY7jgSRwge91UK9Tst+zWacggliNRKxbABHKY8oCzbmt9MKKjU2Li6Ffjw=="},"keyId":1},"registrationId":50,"advSecretKey":"fRJuzdm19tbA2ONnyX9AlHGMd5mSS7sPacHTZJgntIM=","processedHistoryMessages":[{"key":{"remoteJid":"94701579146@s.whatsapp.net","fromMe":true,"id":"3BCE3024E11298F1CA975C722D3B14BB"},"messageTimestamp":1752420104},{"key":{"remoteJid":"94701579146@s.whatsapp.net","fromMe":true,"id":"27FAABDA767572D54D7A9C614A440241"},"messageTimestamp":1752420137},{"key":{"remoteJid":"94701579146@s.whatsapp.net","fromMe":true,"id":"840645535DAB61EA7347BEAC1F371451"},"messageTimestamp":1752420155},{"key":{"remoteJid":"94701579146@s.whatsapp.net","fromMe":true,"id":"B536533852036D3B3BBF6715EA068BDA"},"messageTimestamp":1752420173},{"key":{"remoteJid":"94701579146@s.whatsapp.net","fromMe":true,"id":"01462805623B9A00464FFA57D8ED95E7"},"messageTimestamp":1752420195},{"key":{"remoteJid":"94701579146@s.whatsapp.net","fromMe":true,"id":"C250AED77762FDF6236A0FCEA4AF2B68"},"messageTimestamp":1752420208},{"key":{"remoteJid":"94701579146@s.whatsapp.net","fromMe":true,"id":"12A763DC2EA0FD671E414297B2EF7A99"},"messageTimestamp":1752420225},{"key":{"remoteJid":"94701579146@s.whatsapp.net","fromMe":true,"id":"D05703C591E16E1E32398C31C6FF50D4"},"messageTimestamp":1752420271},{"key":{"remoteJid":"94701579146@s.whatsapp.net","fromMe":true,"id":"821DE92AEF2E499D5EA3BEBF9314FCCB"},"messageTimestamp":1752420272},{"key":{"remoteJid":"94701579146@s.whatsapp.net","fromMe":true,"id":"5FA1D6A028809717979E1AA24CAAC4B0"},"messageTimestamp":1752420273}],"nextPreKeyId":170,"firstUnuploadedPreKeyId":170,"accountSyncCounter":1,"accountSettings":{"unarchiveChats":false},"deviceId":"BKATutC-S5m9dHYMj21J6Q","phoneId":"1c4adb1a-e6b4-4d34-acfc-17d13d2e206a","identityId":{"type":"Buffer","data":"sB1llq/cFR4bVOwUUl5J+fOuC7I="},"registered":true,"backupToken":{"type":"Buffer","data":"v8DCeglMQR2EVFwdXyBEz0yPlz8="},"registration":{},"pairingCode":"DE1ZVMT3","me":{"id":"94701579146:17@s.whatsapp.net","name":"야시루","lid":"195524695191776:17@lid"},"account":{"details":"CNmVi6AHEPKdz8MGGAEgACgA","accountSignatureKey":"flAbU2LQaijnX2HNrxtA7VOnhjJgNms0CaBqfU8CODc=","accountSignature":"vA35BKYPhHKEnGHVzdgi2vLzDWpul38YZ6is1LtRDsM79uh3OnG91iUM9OcYHZkNR2jEpai8OxQazyO751o+CQ==","deviceSignature":"bDKBzigNv8qto6o5e3XUF30TGymwPtnkfQidOOfeBEeQDbFGfWscuvhVpqZ//wvi4Z04cuWT2ChJRL51nx4njw=="},"signalIdentities":[{"identifier":{"name":"94701579146:17@s.whatsapp.net","deviceId":0},"identifierKey":{"type":"Buffer","data":"BX5QG1Ni0Goo519hza8bQO1Tp4YyYDZrNAmgan1PAjg3"}}],"platform":"smba","routingInfo":{"type":"Buffer","data":"CAkICA=="},"lastAccountSyncTimestamp":1752427638,"lastPropHash":"2V77qU","myAppStateKeyId":"AAAAAJ6U"}