{"noiseKey":{"private":{"type":"Buffer","data":"sHojCHpLh+ggRRkE1I388Wx6aiic8Z8WvbGXTenwYU4="},"public":{"type":"Buffer","data":"cyuFDcTElh87MBRuQQq7i9aO1FWV5QuxYxAN7oysJ2U="}},"pairingEphemeralKeyPair":{"private":{"type":"Buffer","data":"CHnJCjmcsYNV/r05Z/0CtQdSoGzWY3DvwVdprV3P5EU="},"public":{"type":"Buffer","data":"nGtnCRQd0l5IT256wCTMlbLZNJfeTEB1qvTJ99V7C0E="}},"signedIdentityKey":{"private":{"type":"Buffer","data":"6PV3zvy9iB5tJCO7Wb5kmrktlLmquLxxkiWkIF+tV2k="},"public":{"type":"Buffer","data":"RAi+Sn0YaIWc3i49a2BIijYmzbseCdg9Iavzxyo63Bo="}},"signedPreKey":{"keyPair":{"private":{"type":"Buffer","data":"wBphDjbCBlDEf2PRMU4M99sISF0lXgFf8qZvjPcO51M="},"public":{"type":"Buffer","data":"RZ5qFTM/gbtxzuTOb03yQYjQzTD1JIC6NIvZ+TqwlW4="}},"signature":{"type":"Buffer","data":"+EetaLUOXo0nuQXRV9Ss+CdLDdXkYSch8OSqAtYuOra2+B9rgIrPujBwfxoCqc5rAh5PTOpP+Ei8m2FDYVSZhQ=="},"keyId":1},"registrationId":147,"advSecretKey":"vWUKZGGGLedOkirMocMn9AmGAXTiWNLszUYudFMpWUw=","processedHistoryMessages":[],"nextPreKeyId":31,"firstUnuploadedPreKeyId":31,"accountSyncCounter":0,"accountSettings":{"unarchiveChats":false},"deviceId":"ZC5T5uFCRHi71C0XdM_rqA","phoneId":"e7ba7094-fcbb-4548-a5c6-50677b366e6b","identityId":{"type":"Buffer","data":"QPWk73pWJ67D8JLxa0cbPK6sm+s="},"registered":true,"backupToken":{"type":"Buffer","data":"tpeVtmzxI2y075KXaIssWgNuSXs="},"registration":{},"pairingCode":"GGE5BFFY","me":{"id":"94725023946:1@s.whatsapp.net","lid":"165034688811135:1@lid","name":"마두ㅗㅣ"},"account":{"details":"CK3FjF4QpuzHwwYYASAAKAA=","accountSignatureKey":"oSaC3IsC6+KsbU9dIn0bOPeUZ+LRgbp3FK0vvm5KsD4=","accountSignature":"KGP1oj4J+X7/Cmk3t+RGjo5q+CWHNAPZ81TK4n7wFVgpFq0D4lX0epG2Zp23s28ACE1zPWXgLfA15/H8jA4wDA==","deviceSignature":"CqMR78xqech474huaPKibgJ4J5AKtAx4mJSRvHphztoVE3luLk0elKL1Gfarmxu0/h4RJPBdpD9PILTJiCF0gw=="},"signalIdentities":[{"identifier":{"name":"94725023946:1@s.whatsapp.net","deviceId":0},"identifierKey":{"type":"Buffer","data":"BaEmgtyLAuvirG1PXSJ9Gzj3lGfi0YG6dxStL75uSrA+"}}],"platform":"android","routingInfo":{"type":"Buffer","data":"CAUIDQ=="},"lastAccountSyncTimestamp":1752299059,"lastPropHash":"2V77qU","myAppStateKeyId":"AAAAAFjU"}