{"noiseKey":{"private":{"type":"Buffer","data":"CFe152FqU7/6urYQRHcPeaqHcc+MNXsPWiVDkH2Vl0E="},"public":{"type":"Buffer","data":"eHMkBaOFnso+6p6m9zfR+oHGVPGAlvi+vyCRmbFiGQI="}},"pairingEphemeralKeyPair":{"private":{"type":"Buffer","data":"4JvH+ckkaVJeKGwx9mbKS6OndjXl5NDQUe9uiTf2ynU="},"public":{"type":"Buffer","data":"vv5JnvgwPblcHEAAES/yt0hYSpRCT1NEXYLdYj1Pckc="}},"signedIdentityKey":{"private":{"type":"Buffer","data":"oDNB7cFtC+etCM3CEbQix96vDdZW50+PddGSlqBdJks="},"public":{"type":"Buffer","data":"scZNXeL8NN4UPk5PKuwTChwAY2s9Q9kOwQyywH2jqD4="}},"signedPreKey":{"keyPair":{"private":{"type":"Buffer","data":"yM9rA/x0jDKF5vuJKDFwxVlTeGSlL3xLnGrpfNdF8GE="},"public":{"type":"Buffer","data":"H0wuDjn+skBLNCCCuloWizGmizFitHkByIAUQNNyp2w="}},"signature":{"type":"Buffer","data":"OQ7DV4wz3QvbUEHaZ0argi/Ds9X69vXORJTqSTjXJyOyVZeSXc5f3SXq/liWf0j81JcO2rO48iOso4LRtlCtAw=="},"keyId":1},"registrationId":119,"advSecretKey":"KQ5lf52pXKL+Dfg8F8JOV5YoJ2sX8pR//72tgqSys1Y=","processedHistoryMessages":[{"key":{"remoteJid":"94726448628@s.whatsapp.net","fromMe":true,"id":"7E692F7A3FA3FDF4B9FAE12C16E5E855"},"messageTimestamp":1752369756},{"key":{"remoteJid":"94726448628@s.whatsapp.net","fromMe":true,"id":"4E3932DCA0DBD5EB01D7E70AAAA36A7B"},"messageTimestamp":1752369829},{"key":{"remoteJid":"94726448628@s.whatsapp.net","fromMe":true,"id":"58869F8D3A8A79C295979D78DB7663D4"},"messageTimestamp":1752369877},{"key":{"remoteJid":"94726448628@s.whatsapp.net","fromMe":true,"id":"01A6B1F3918FC1C7DB1E29B42873DE6A"},"messageTimestamp":1752369900},{"key":{"remoteJid":"94726448628@s.whatsapp.net","fromMe":true,"id":"DA58FEAE91177C2C58D7C263002C35FA"},"messageTimestamp":1752369935},{"key":{"remoteJid":"94726448628@s.whatsapp.net","fromMe":true,"id":"07A44138D7EAA2EE829EE63ABADD7ED1"},"messageTimestamp":1752369955},{"key":{"remoteJid":"94726448628@s.whatsapp.net","fromMe":true,"id":"7D226F21FDBED56C32D26D7C05EFCF42"},"messageTimestamp":1752369963},{"key":{"remoteJid":"94726448628@s.whatsapp.net","fromMe":true,"id":"796867F65E8C033F5523819E31597E65"},"messageTimestamp":1752369999},{"key":{"remoteJid":"94726448628@s.whatsapp.net","fromMe":true,"id":"248458EEBC1D66D08623F164460544E0"},"messageTimestamp":1752370013},{"key":{"remoteJid":"94726448628@s.whatsapp.net","fromMe":true,"id":"FF2B928E0B8ED15CB4572D5012F24DF9"},"messageTimestamp":1752370086},{"key":{"remoteJid":"94726448628@s.whatsapp.net","fromMe":true,"id":"D47C84FA262F6BAA1FA29AE6D4F91595"},"messageTimestamp":1752370087}],"nextPreKeyId":69,"firstUnuploadedPreKeyId":69,"accountSyncCounter":1,"accountSettings":{"unarchiveChats":false},"deviceId":"jwWKIxiDR42CBJlGmvpOOw","phoneId":"a41765ce-b5cd-4b06-8585-4d432e116e90","identityId":{"type":"Buffer","data":"W2DUde0obV7SnnCsnt+AGnVwj4w="},"registered":true,"backupToken":{"type":"Buffer","data":"9PFE19Cz9GdeSpMZK3EmY/MQ4i0="},"registration":{},"pairingCode":"1E3WKGZ3","me":{"id":"94726448628:12@s.whatsapp.net","name":"O\n\nL\n\nD\n\n\nK\n\nI\n\nN\n\nG\n\n\nT\n\nE\n\nD\n\nD\n\nY","lid":"251784404701372:12@lid"},"account":{"details":"CMPb4oIHELeUzMMGGAcgACgA","accountSignatureKey":"hoLz/P8vP4xK4kJifqN9/PysKwvDYrjXonRXRJtUuAE=","accountSignature":"T71mIDxJG9lGIuVLcPil3BWmMD3YNL0C1ZI1jONWuPmltyGmICCaGBx7t8vumOBlGIDkN3fy3q/fSFmkzQd6Cg==","deviceSignature":"qX3SfbJfQiyZBjDI6viCD/lnECNrdwkc4+uSO6TboHvFHvnJF3cElWGr3cvhLPN2v15rgKAzR4LUBsuS4675BA=="},"signalIdentities":[{"identifier":{"name":"94726448628:12@s.whatsapp.net","deviceId":0},"identifierKey":{"type":"Buffer","data":"BYaC8/z/Lz+MSuJCYn6jffz8rCsLw2K416J0V0SbVLgB"}}],"platform":"smba","routingInfo":{"type":"Buffer","data":"CAkIAg=="},"lastAccountSyncTimestamp":1752455309,"lastPropHash":"3R9Z39","myAppStateKeyId":"AAAAAM79"}