{"noiseKey":{"private":{"type":"Buffer","data":"gPqAYbngHW2ru+rRBU91VH4nrCXUQVGsB3B17uoCyUM="},"public":{"type":"Buffer","data":"XFdkocmw3qIOmWWAoSZKnD895cPwbQDeafATwdOh4gM="}},"pairingEphemeralKeyPair":{"private":{"type":"Buffer","data":"2PkM8aqUVLP1GWlkRm7XMiw6QL91sEh5JCmtkNHkGGA="},"public":{"type":"Buffer","data":"VlueAjkmdVThkwkkvyna34Qp4R24LO4r+WtgGZewkwA="}},"signedIdentityKey":{"private":{"type":"Buffer","data":"aDec4W4Z/rZKM9SkahHV2oYce0Dg4rVh760XXOVd23U="},"public":{"type":"Buffer","data":"f2Gk0v1LpJdgQEGTYC4ck8EcQcphgMOZrRu+bfPNgh4="}},"signedPreKey":{"keyPair":{"private":{"type":"Buffer","data":"GIcJ6dE/ButgnbD5iCm9GUCicaR+OfB2xCD+yR4pbnw="},"public":{"type":"Buffer","data":"x4AwjB73gS6Dlg7SOnelzulrLAdZTawdCndoTQybd0o="}},"signature":{"type":"Buffer","data":"2sMduu7gq3/mDdJJ7M6q1S6mtUN3RD/OeF6DZmDFj/AuJg6fatzE3QDl48vdGGvAILUBZQfX9AxUyTEPwxxkDw=="},"keyId":1},"registrationId":3,"advSecretKey":"dBZICVIFv0O7JxvP0ZsA7GWAaiLCsfj+cX/R5K+rvf0=","processedHistoryMessages":[{"key":{"remoteJid":"916295165321@s.whatsapp.net","fromMe":true,"id":"6792C6C1DCCFFF56CE9B09B7E6E2AB73"},"messageTimestamp":1752401357},{"key":{"remoteJid":"916295165321@s.whatsapp.net","fromMe":true,"id":"3C058170D5E4F8B2BA70C9C3C06B110D"},"messageTimestamp":1752401357}],"nextPreKeyId":130,"firstUnuploadedPreKeyId":130,"accountSyncCounter":1,"accountSettings":{"unarchiveChats":false},"deviceId":"q0M2-3ByS7qemATy15NxAw","phoneId":"bab09ed5-b185-4274-a65f-a3fa8a6ee7ad","identityId":{"type":"Buffer","data":"5uLH+JEuIBgTL9MY9umTG9QEGls="},"registered":true,"backupToken":{"type":"Buffer","data":"rQ7z0rGOksFLpo3OWrxc12zix4E="},"registration":{},"pairingCode":"TXL136W8","me":{"id":"916295165321:7@s.whatsapp.net","lid":"72851268878459:7@lid","name":"ᏞᎧᏒᎠㅤᎮᎡᏆƝᏟᎬ"},"account":{"details":"COW+u1gQnIvOwwYYASAAKAA=","accountSignatureKey":"iJ84lOKP0GzbN/CeBVQI0i//gSaIBME5pjMq7fYUZwE=","accountSignature":"XhU3LA8UBucFV8aFK95zPwCAdEKg8vKY4Lsy3kQSjiQa/LxBZ8NKk4r0xNp7+2ngAAXoy4I2UwdwahvF0ZpWAg==","deviceSignature":"wuPEDt570vX8rLClaCEPVRdk34l/YmqR22o0wBAFoigaI9T1p9g4qUMyDwmuMHtLDcx/Sx4Nzehv1dpXk/TFBQ=="},"signalIdentities":[{"identifier":{"name":"916295165321:7@s.whatsapp.net","deviceId":0},"identifierKey":{"type":"Buffer","data":"BYifOJTij9Bs2zfwngVUCNIv/4EmiATBOaYzKu32FGcB"}}],"platform":"android","routingInfo":{"type":"Buffer","data":"CBIIDQ=="},"lastAccountSyncTimestamp":1752414656,"lastPropHash":"2MFKPQ","myAppStateKeyId":"AAAAAO8c"}