{"noiseKey":{"private":{"type":"Buffer","data":"EAdTnT9rAUrqSreCjm19cT5TQgBE1r/ikXmasN6cKnU="},"public":{"type":"Buffer","data":"SnuXoaspBOMXkXye1ByqVOGMeQWcwRu24i5SHcDzz2E="}},"pairingEphemeralKeyPair":{"private":{"type":"Buffer","data":"aAInQCRv3Dz90hjzhLQZC0NdUeX1mLD1QvPEJT9Iam8="},"public":{"type":"Buffer","data":"A5FRk03d3xiqsK1Ic9mZAyWSSSKwEMIWgogux8IIbFw="}},"signedIdentityKey":{"private":{"type":"Buffer","data":"2B7rnIn3N5UBy68ulaDcOv8TbOJ3otjgQniHSiTnNWk="},"public":{"type":"Buffer","data":"5n/JFFBEd9PfegDPoEuyRuS2hRzX6t9UAXes58Z50gA="}},"signedPreKey":{"keyPair":{"private":{"type":"Buffer","data":"QInh27j79XJP7j8uMkIXxNo6vyAIFEJCcnZFmcTT5F0="},"public":{"type":"Buffer","data":"25EoSoGpa0UNjm6MHgEot0dvbkn4ORW0xwE96jvIlHY="}},"signature":{"type":"Buffer","data":"TopToFNMbzTN9/4I0ItxE1z/y357+CIfScIaOByvTi5In8f71czErtVigIddytlwsn/ez2aMyllGeBrxOY3lgg=="},"keyId":1},"registrationId":192,"advSecretKey":"HcO+AveXN6j9VuKdCdPAI2gBovE6neUq36f+7Dz52u4=","processedHistoryMessages":[{"key":{"remoteJid":"94774727486@s.whatsapp.net","fromMe":true,"id":"41D7CC2CEF795A099397E77C61110AC1"},"messageTimestamp":1751806872},{"key":{"remoteJid":"94774727486@s.whatsapp.net","fromMe":true,"id":"705C08BA2EF9CDD1D3F4D109ED86BE76"},"messageTimestamp":1751806872},{"key":{"remoteJid":"94774727486@s.whatsapp.net","fromMe":true,"id":"D9C4AE79994F980C3899D27C0F138191"},"messageTimestamp":1751806889}],"nextPreKeyId":31,"firstUnuploadedPreKeyId":31,"accountSyncCounter":1,"accountSettings":{"unarchiveChats":false},"deviceId":"ZHyrDm1_TAKBdWT8IOSxWQ","phoneId":"84ffe1a7-2f47-4a38-9601-cb1efc169f51","identityId":{"type":"Buffer","data":"ROq3U90CJIxeZbaOe9MKJFiHMMI="},"registered":true,"backupToken":{"type":"Buffer","data":"Xq5ScwdMK1PP/liN93XrwM5FFDA="},"registration":{},"pairingCode":"S45THZVP","me":{"id":"94774727486:2@s.whatsapp.net","lid":"82867619143813:2@lid","name":"`π~(✓°•°✓)~®™|"},"account":{"details":"COCt25gFEIfnqcMGGAEgACgA","accountSignatureKey":"CnHbNe2NXFA2BcWkeh67Ndo9qEmQeuBZ3g5US9qqAWs=","accountSignature":"EWOV/U8LaEcg4j9h73eIiGC7sk42rNJL+erZ4PMwD83JmLRLSA50XybBEbe4HZLppfFkw5x/t6KdCwHn6BImCg==","deviceSignature":"llU/sR8mF/wz8EjO9uR32MMqTd2jmIBEac4ms8htCWSsl1zdcKzPeqQfQzjzKrbsQw2WjetZprdjvXu2XrKjjg=="},"signalIdentities":[{"identifier":{"name":"94774727486:2@s.whatsapp.net","deviceId":0},"identifierKey":{"type":"Buffer","data":"BQpx2zXtjVxQNgXFpHoeuzXaPahJkHrgWd4OVEvaqgFr"}}],"platform":"android","routingInfo":{"type":"Buffer","data":"CAgIAg=="},"lastAccountSyncTimestamp":1751806868,"lastPropHash":"2V77qU","myAppStateKeyId":"AAAAAMrG"}