{"noiseKey":{"private":{"type":"Buffer","data":"mBR+ck0us6I0aaHiVnWO/ZWK2KkcWmQX04pdfr/a43c="},"public":{"type":"Buffer","data":"HGCfwPLl09lXFE5yiIbRvlcweU8FLEWz5ZeoXPoukB4="}},"pairingEphemeralKeyPair":{"private":{"type":"Buffer","data":"8PfT4kE8SvkbqW+PjFj2/0/dM9/VCWqxrbi/7Vppc0A="},"public":{"type":"Buffer","data":"+cWlFtCOFOdNtOHosI2lAxKNY+F1dkdyrrTQxZMvWHE="}},"signedIdentityKey":{"private":{"type":"Buffer","data":"uFY5RBHgwVFTifszpFiC7idHHxIGprGAS1L0zdhzikA="},"public":{"type":"Buffer","data":"lbiIaBac4HlRzvLNP0QKFOXV0KD+FrNWOW69RzLHTjs="}},"signedPreKey":{"keyPair":{"private":{"type":"Buffer","data":"gGE5g6Tbi/U30eAgOgcii952WeCYemjBNfesX3BLS1w="},"public":{"type":"Buffer","data":"iHxwjmkUpJigPyKvf6QoI4pzJ4vDQYe3F8aokMO6hEs="}},"signature":{"type":"Buffer","data":"MOTqkAgu0oNaDDaUvk6HdDvkO2QWWORyafwW42/zvTriWNDQQSah2By5sPPsk1WcQi6PLkIGsuJpGp8WqyQ0ig=="},"keyId":1},"registrationId":96,"advSecretKey":"5B4CpnqWYfb4wzqZ90qRT3MZGkj2BVQVn4TUSI2FOwY=","processedHistoryMessages":[],"nextPreKeyId":1,"firstUnuploadedPreKeyId":1,"accountSyncCounter":0,"accountSettings":{"unarchiveChats":false},"deviceId":"p_sTsJiMRTKPegTnLRmu8w","phoneId":"b1491d62-29f6-47b4-ba3a-7f2232866382","identityId":{"type":"Buffer","data":"kFdNO6OfTomqOrnyukFI3XnfOiQ="},"registered":true,"backupToken":{"type":"Buffer","data":"7EYJtdTmKzD4XWFQEzYmNwDPfHs="},"registration":{},"pairingCode":"YYFK7BAT","me":{"id":"94761642019@s.whatsapp.net","name":"~"}}