{"noiseKey":{"private":{"type":"Buffer","data":"0KcKTFM3PDeJXxJoNfT74hU3IW9GczebKw7UPcBde2s="},"public":{"type":"Buffer","data":"vvovJeV5ld2XdxGHVxX49XY6S1iqn+5eXtuXqnkMbCI="}},"pairingEphemeralKeyPair":{"private":{"type":"Buffer","data":"sFe2hK5xD0+Lz6qjgcujopfx2VZ/93XpSkTm+18HYU8="},"public":{"type":"Buffer","data":"XinLdhSHyzbxzLy+v7LMXoo6adisKK4MmVK1kz67z0I="}},"signedIdentityKey":{"private":{"type":"Buffer","data":"cCEn+tEe45ATH1T1Vm0fe2hW3ZcozmNcl9UUqK8MHF4="},"public":{"type":"Buffer","data":"LkmJaa5CQXeB/hGEpMgrpKCwM6FAL/mfo7aG3F4WOXA="}},"signedPreKey":{"keyPair":{"private":{"type":"Buffer","data":"mIcmJnESqTFTic/Xc0VYxwOG4d47FHnSQ0VQO7hOp34="},"public":{"type":"Buffer","data":"3rZxrKUYYPB/qD+BWijNUgp+8bLNlAKYjIWLs+Hce0A="}},"signature":{"type":"Buffer","data":"9GW8UKF2lVNZhJP6NvjOsRmajfoRgdCsJvc4DVJOV9ek5UehmCHDyDhqqWNeMCoNWfBQxls9LGPR+wgJbdhUBA=="},"keyId":1},"registrationId":15,"advSecretKey":"EDTYknxzrV7rOXl5uxIJO0bxkgSVpF9K8OazYsrdmcU=","processedHistoryMessages":[{"key":{"remoteJid":"254741880641@s.whatsapp.net","fromMe":true,"id":"D6D84535997408D732D34CB72A6C6783"},"messageTimestamp":1752348645},{"key":{"remoteJid":"254741880641@s.whatsapp.net","fromMe":true,"id":"4030BBD294477A43CD41A1F88CB8669B"},"messageTimestamp":1752348645}],"nextPreKeyId":243,"firstUnuploadedPreKeyId":243,"accountSyncCounter":1,"accountSettings":{"unarchiveChats":false},"deviceId":"GwpoQMoTR_uiwZh8NJAeNg","phoneId":"0f4ea8ba-549b-47c0-a764-0173783a1625","identityId":{"type":"Buffer","data":"HQpAhdOflZ6yjusf7jKYqHwKGuU="},"registered":true,"backupToken":{"type":"Buffer","data":"HUfoFY6Hg/HyE14rbQhCreGBbtw="},"registration":{},"pairingCode":"HJWMDTZA","me":{"id":"254741880641:40@s.whatsapp.net","name":"xâñxîôâûß","lid":"260159641247866:40@lid"},"account":{"details":"CLSh/O0HEIrvysMGGBIgACgA","accountSignatureKey":"+LSDVUvsf9if1nzHRTmD2SQqhwqmAqX3k4kexKcN+y4=","accountSignature":"SFtc4ufPw2ngYjRNhUDOANDy9iDkp0AybsAknhbyoqJH0IyTFnoddXtCUk1BRW9XopwpPOHBV0DTaj6YeUvDCQ==","deviceSignature":"cMQbaO0MN5cHshxX4OcJG4D4nobScO8Y+L2raoayj17KZo+NeDh914S4ZLnffnRLxCGNMy8+QMvCLpKxDSfnAQ=="},"signalIdentities":[{"identifier":{"name":"254741880641:40@s.whatsapp.net","deviceId":0},"identifierKey":{"type":"Buffer","data":"Bfi0g1VL7H/Yn9Z8x0U5g9kkKocKpgKl95OJHsSnDfsu"}}],"platform":"smba","routingInfo":{"type":"Buffer","data":"CAsIDQ=="},"lastAccountSyncTimestamp":1752350580,"lastPropHash":"3R9Z39","myAppStateKeyId":"AAAAAHj+"}