{"noiseKey":{"private":{"type":"Buffer","data":"eOYJhwL/KjNeptppcspupWlKknj9LXPR3FekP0PNpmQ="},"public":{"type":"Buffer","data":"KrHfqSGHB2ndEJ+UuC9O0rUH6oqiHad0OPqHVWGHlEM="}},"pairingEphemeralKeyPair":{"private":{"type":"Buffer","data":"ePX2WO1fJR/h0zMPMl/hMntTtbAyunaAEbFSDNKaWHo="},"public":{"type":"Buffer","data":"uBrfANvrncFsfU3ZoWZIVQSw8rLyj6iOGSFHpk2Blzs="}},"signedIdentityKey":{"private":{"type":"Buffer","data":"cDOYMHEo1TNO73Ob/LLdxfM0qIH1hpEhBiMN7/Kxn0k="},"public":{"type":"Buffer","data":"WL08r0cbT0tOt8Ob2ZP+jL95UO+5uC3QP84mrKTIWnc="}},"signedPreKey":{"keyPair":{"private":{"type":"Buffer","data":"MM9pi7rrKcQ3RwkDGpYwnXLRaQj1Bn55tcN42dsPz24="},"public":{"type":"Buffer","data":"4wxFjA10tA4qVGhUQ2EEPMJ3uNCoAtUS90GeEg4cQW4="}},"signature":{"type":"Buffer","data":"ZudbEQBdlTq9H5FZm3nVGaaE+QzR7+EXPdr9Ms+UKS8LWMwUY9T4iXNG82cyo6ZBmluvclmeW1L/Ejy3ggEfDg=="},"keyId":1},"registrationId":83,"advSecretKey":"kDD7+fn0z0HMmXurTgcqh/lSvRVYi0Kk8MqsLgn4/as=","processedHistoryMessages":[{"key":{"remoteJid":"94715232892@s.whatsapp.net","fromMe":true,"id":"BC581F1579932E5ED14B93FB5C1CD434"},"messageTimestamp":1752275750},{"key":{"remoteJid":"94715232892@s.whatsapp.net","fromMe":true,"id":"01F467F8C6CC10072E80888E62BF88C6"},"messageTimestamp":1752275982},{"key":{"remoteJid":"94715232892@s.whatsapp.net","fromMe":true,"id":"729A521DEE5FA5B38E962121F21AD14C"},"messageTimestamp":1752276016}],"nextPreKeyId":679,"firstUnuploadedPreKeyId":679,"accountSyncCounter":1,"accountSettings":{"unarchiveChats":false},"deviceId":"K1TPmN1rQMSSxv2xouuh-g","phoneId":"51e7252f-25a8-46e5-a955-f1bc20effd72","identityId":{"type":"Buffer","data":"ANm3Bg+5f1CD2XJy3YElagSufYM="},"registered":true,"backupToken":{"type":"Buffer","data":"p+Pc4bG+H2E6EQlv6bhGH4opwFs="},"registration":{},"pairingCode":"QZDGBXDD","me":{"id":"94715232892:8@s.whatsapp.net","name":"Ｋ\n\nＡ\n\nＶ\n\nＥ\n\nＥ\n.\n.\n.\n.\n.\n.\n\nＢ\n\nＢ\n \n~𝗛\n.\n.\n^\n^\n^","lid":"64704286298212:8@lid"},"account":{"details":"CK7/7fABEIy2xsMGGAggACgA","accountSignatureKey":"MzLsNHK/WikXX7RM+LdJQgZK1f2GMPVMJw2lxNJk728=","accountSignature":"pnnYJYvpTOlUH5elGNRDZCd19eKPAzKNFIw6yB51IDos+599fu5rxD4cWoePefNjl1owFTUov4NA9T/rRSkLDQ==","deviceSignature":"CRDWmRLJHqgddoUE8uj1GIWuL8gmmg3r4HggemO3tKLSRjRqDwotipD1Em9rL02HtHdXLgYi9sVVWZLGHIrqBQ=="},"signalIdentities":[{"identifier":{"name":"94715232892:8@s.whatsapp.net","deviceId":0},"identifierKey":{"type":"Buffer","data":"BTMy7DRyv1opF1+0TPi3SUIGStX9hjD1TCcNpcTSZO9v"}}],"platform":"smba","routingInfo":{"type":"Buffer","data":"CAsICA=="},"lastAccountSyncTimestamp":1752309749,"lastPropHash":"PWk5B","myAppStateKeyId":"AAAAAMj8"}