{"noiseKey":{"private":{"type":"Buffer","data":"uPvydogIG6sJFgNtjvt5hjRAWvZg14UIjGhhCnxsTmc="},"public":{"type":"Buffer","data":"xWPYUxfum/aIM/IQrtws5r1Vy1beopQ5++gq9ZrhpDA="}},"pairingEphemeralKeyPair":{"private":{"type":"Buffer","data":"ULL5a6r7ht15yooi675xdRKvcZX3Vrac36YZXItax1E="},"public":{"type":"Buffer","data":"wo9+nBv1b7IeyGx2xDRyluM+eErbjikHyhprxJT9PDE="}},"signedIdentityKey":{"private":{"type":"Buffer","data":"gNz+sU0V37Dz6vLJy2OeGzr4Ahq6/Say07ttbUAiKEU="},"public":{"type":"Buffer","data":"imXjquRjbKhZdb4f7YrX9nDaoGFMjgPI4r4ZNcs7bCM="}},"signedPreKey":{"keyPair":{"private":{"type":"Buffer","data":"+OldhZu5/0lTzCPoSuNaAZlMgBqidlqJpx1iY0fmlkc="},"public":{"type":"Buffer","data":"G+LmMCkiNRloBacrX6mh94h3bZtj0VSLA5Dt222Ofjo="}},"signature":{"type":"Buffer","data":"mq7sXCo1IbR5MfhRgRdl56vmnmN8r/E8TM2rCb2cLIlBrBuboOk6WW0YfWMbYnmTiqCjAhlJlZ9yokdKfb3XjQ=="},"keyId":1},"registrationId":187,"advSecretKey":"1VYYHG9DHkefPVHbuxP083mp6sX+0w59U/hsUt07Z4c=","processedHistoryMessages":[{"key":{"remoteJid":"94770857269@s.whatsapp.net","fromMe":true,"id":"B086D73F89CE7F25AC39C6EEA75109E8"},"messageTimestamp":1751969140},{"key":{"remoteJid":"94770857269@s.whatsapp.net","fromMe":true,"id":"3E219BAC1487448D207BC2E0D0732567"},"messageTimestamp":1751969140},{"key":{"remoteJid":"94770857269@s.whatsapp.net","fromMe":true,"id":"28D8540F9638CDAB4E2E3BFBB6C74C58"},"messageTimestamp":1751969142}],"nextPreKeyId":31,"firstUnuploadedPreKeyId":31,"accountSyncCounter":1,"accountSettings":{"unarchiveChats":false},"deviceId":"jmOJadDIRZOH9iAp82fIGw","phoneId":"95f02127-dbf2-448e-bd07-5d24d2e477fa","identityId":{"type":"Buffer","data":"GV5aGFRmj0xYtOqg+Biq5D/0Gho="},"registered":true,"backupToken":{"type":"Buffer","data":"1JFn5FSqAiN098jpCCWDHkP7nC8="},"registration":{},"pairingCode":"RPEPNKYQ","me":{"id":"94770857269:1@s.whatsapp.net","lid":"70820403626021:1@lid","name":"😩🍃"},"account":{"details":"CPfjpOIBEOXas8MGGAEgACgA","accountSignatureKey":"DLnBYJZ8XmCkaTzAQRqqzHYKvzYc6N0ybOdl9trVT2U=","accountSignature":"MiHNFck3ZPwQcc4vTc5jRqj0VpzNNf9Pir35kYdVRR7CSDopOsMDwbvMLTTZcCB7YImdVWZM/JVXL9HverBlDg==","deviceSignature":"KF+yQkTpzYjfASsx5iZwgyCVbXnWGnmvAFYvCCVWGzPh6ssxelcwyxmuC8kTPl0gwshQGWFjLukXZq4+v+RRjA=="},"signalIdentities":[{"identifier":{"name":"94770857269:1@s.whatsapp.net","deviceId":0},"identifierKey":{"type":"Buffer","data":"BQy5wWCWfF5gpGk8wEEaqsx2Cr82HOjdMmznZfba1U9l"}}],"platform":"android","routingInfo":{"type":"Buffer","data":"CBIICA=="},"lastAccountSyncTimestamp":1751969137,"lastPropHash":"2V77qU","myAppStateKeyId":"AAAAABBP"}