{"noiseKey":{"private":{"type":"Buffer","data":"eB4y0am49IsIOsAlvSNYg/EhuYlotNaD2p2y+Xu11kk="},"public":{"type":"Buffer","data":"CN8zP4YavFGXRDNxaqRgZPXG27D7EVdPSZ3mK47PoDM="}},"pairingEphemeralKeyPair":{"private":{"type":"Buffer","data":"yNQ6Bvmk1PWU/5gVeQTnbLKfoseDN/ympKJ1gPfd3XY="},"public":{"type":"Buffer","data":"R7dVrn055NZN8q/AicBXeLn98Os0Bf/GoQqSVjsmDgI="}},"signedIdentityKey":{"private":{"type":"Buffer","data":"YHu0ZxvBau8jsv08o/nrPYhMtylZJg2dRkfrTSJoT1s="},"public":{"type":"Buffer","data":"JUKnSlwze5BnWilvyaA+HmHOQrhJpjSY0IbEcIdh6Qo="}},"signedPreKey":{"keyPair":{"private":{"type":"Buffer","data":"AIOkITrmh7bXOitrTJXSmnb8ksfoEjQJuHdrgQABSmo="},"public":{"type":"Buffer","data":"vTaZPbLWaD8TxWmes5f6pakeeL/qsFcCgIy6JC7p/Wo="}},"signature":{"type":"Buffer","data":"ByMlTvUMKbH8fNuKSOI0fFr/6j8v5F+dt0YrE3nlLMTNrxswUBLkMrSLcOm3uLbgHl/LgqKRMDqSqdJBNar+Ag=="},"keyId":1},"registrationId":181,"advSecretKey":"AdEJOw2q+vK59T6/esTjtoqdYLJum9Y5wosWcUwIGGM=","processedHistoryMessages":[{"key":{"remoteJid":"255616304037@s.whatsapp.net","fromMe":true,"id":"DDE20A539A38F3B7183129A1028A22B5"},"messageTimestamp":1752382006},{"key":{"remoteJid":"255616304037@s.whatsapp.net","fromMe":true,"id":"58E68D5B3D54629926C3711A2D274E4B"},"messageTimestamp":1752382025}],"nextPreKeyId":67,"firstUnuploadedPreKeyId":67,"accountSyncCounter":1,"accountSettings":{"unarchiveChats":false},"deviceId":"Cj2Vk2PsS8eRlKUr74KIDg","phoneId":"cd65678c-2b55-4d05-8f67-b1bc5ad957c5","identityId":{"type":"Buffer","data":"kPwKJVqbnZjsMSfsnSCUlI2/OnM="},"registered":true,"backupToken":{"type":"Buffer","data":"r3CO6jirAvee3qYr0XjTI1AQ2ms="},"registration":{},"pairingCode":"YVP74TGL","me":{"id":"255616304037:10@s.whatsapp.net","lid":"121904660762874:10@lid","name":"Frostybite"},"account":{"details":"CKS27P8DEJL0zMMGGAEgACgA","accountSignatureKey":"52D2lg3QcJ/q29PWAvBQQRHGPH/cTjyFWsgi/uwe9n4=","accountSignature":"QzdFB1lLjJLRh0nKGUIRFMMbqqS/DypupmEl9d79rK5V+JBjhWhk6qvTT2QGvNAQnM1Uf3C0tlA3JRG+U54qDQ==","deviceSignature":"y2CdjLgeIbz7Sc96379Oy3i/2OeRQpEVwvnlloh8ayjASStF6bLPvL9Cgn7PlVfEwbVAEShTws77EJazBb2xCA=="},"signalIdentities":[{"identifier":{"name":"255616304037:10@s.whatsapp.net","deviceId":0},"identifierKey":{"type":"Buffer","data":"Bedg9pYN0HCf6tvT1gLwUEERxjx/3E48hVrIIv7sHvZ+"}}],"platform":"android","routingInfo":{"type":"Buffer","data":"CAsIEg=="},"lastAccountSyncTimestamp":1752385036,"lastPropHash":"2P1Yhf","myAppStateKeyId":"AAAAAIct"}