{"noiseKey":{"private":{"type":"Buffer","data":"+GUAER4JEOP717Zoja4bR+SDN6FWPLL7JIrvU5UqNV8="},"public":{"type":"Buffer","data":"f9kuLxcu7ZB8xmgO2xd0bbB1fVX6iYlqHQ4ID+Qs8Vs="}},"pairingEphemeralKeyPair":{"private":{"type":"Buffer","data":"SBwK6syBXovZ9aOn1HSrNgCOgVEy2qZI1HD49JmpBXw="},"public":{"type":"Buffer","data":"EnNKd3NQ5H5IPpc/ftvYuUB8LhunCB64Dc0KLk/KnAw="}},"signedIdentityKey":{"private":{"type":"Buffer","data":"kDL/hYO86AwvIErbRt6Q8pQEOFaxg1WwuTQTshXoL2M="},"public":{"type":"Buffer","data":"USn3qi1MNz6v1bNowvG9epZqjtGC+ppbYMKtLL+EMVk="}},"signedPreKey":{"keyPair":{"private":{"type":"Buffer","data":"0BJBS4DpOHxllXB+s8f3uuTlCASEbMUSO5lMmYLIaG0="},"public":{"type":"Buffer","data":"UDSIBO1JqXMSQO6sXZ0wbOqi3sKE1/7Zczo2NBoDVVA="}},"signature":{"type":"Buffer","data":"vQybXKevHlMS/5LyAyfViibpmt5/zlmBgn+4YMxqJMnNr4h4FMN+LPdAIT9H2SY4of4UkO23Ug72HtCeA4R+AA=="},"keyId":1},"registrationId":184,"advSecretKey":"elhiR0etcB9Twqf8tb5eafddD2utfpkPl4tE+Ihlndk=","processedHistoryMessages":[{"key":{"remoteJid":"94768038005@s.whatsapp.net","fromMe":true,"id":"01A5A1B3D3375A05402541B8B78FE18B"},"messageTimestamp":1751805285},{"key":{"remoteJid":"94768038005@s.whatsapp.net","fromMe":true,"id":"B27C3B243EFA83EE7EB943F51CCA1E79"},"messageTimestamp":1751805286},{"key":{"remoteJid":"94768038005@s.whatsapp.net","fromMe":true,"id":"24D5F15C125061AE25091680A47D86E1"},"messageTimestamp":1751805294},{"key":{"remoteJid":"94768038005@s.whatsapp.net","fromMe":true,"id":"A507B09A4E6E6A04E605723B7E754C3C"},"messageTimestamp":1751805295}],"nextPreKeyId":343,"firstUnuploadedPreKeyId":343,"accountSyncCounter":1,"accountSettings":{"unarchiveChats":false},"deviceId":"WbYLhnulTlm7sfWLwCuMaQ","phoneId":"a55d61e7-c9fa-4dbe-8337-eccb8fcd37b5","identityId":{"type":"Buffer","data":"Neresjywt1QjOXeHXtBEEXxrI0A="},"registered":true,"backupToken":{"type":"Buffer","data":"Nb1fbAVrnIoX/jtm/H3x/rW38g8="},"registration":{},"pairingCode":"AEJW9CS6","me":{"id":"94768038005:14@s.whatsapp.net","name":"nima","lid":"276355946131568:14@lid"},"account":{"details":"CNf3rtkGENXaqcMGGAEgACgA","accountSignatureKey":"qqGrFiWnrQpDlLaQOt8Ob447BVAFN1QF4Wpvfro1ZBY=","accountSignature":"BFLZ55VHPrIJDdOHhrLnxpKROxM2GWvvNeZSrUAbA48ohjxnmXHeHdJOp8cvqq5f78zM93iQB9w01h3N28SgDw==","deviceSignature":"P4uGyURuiYFC+20dCcyiStAxOvTHvLsehRYegAZ6jOC258n6wfJ6/n2/O54rK79ddtaPVkdZWMtHe+gVStdpBA=="},"signalIdentities":[{"identifier":{"name":"94768038005:14@s.whatsapp.net","deviceId":0},"identifierKey":{"type":"Buffer","data":"BaqhqxYlp60KQ5S2kDrfDm+OOwVQBTdUBeFqb366NWQW"}}],"platform":"smba","routingInfo":{"type":"Buffer","data":"CA0IBQ=="},"lastAccountSyncTimestamp":1751808582,"lastPropHash":"1K4hH4","myAppStateKeyId":"AAAAAKiP"}