{"noiseKey":{"private":{"type":"Buffer","data":"8Dz9ylt9LwKHalFasUy30gz/Ch4PJS1UEsPMDzLBYEw="},"public":{"type":"Buffer","data":"/R7bJy6ERBxHy4OPRsOsHNZHx3dN8KuPnsxqcVdY01Y="}},"pairingEphemeralKeyPair":{"private":{"type":"Buffer","data":"2Ni1dzbhxZmot0j84HecQ6fCYotFXLbvv/HVd+lnv20="},"public":{"type":"Buffer","data":"2vUvHpUnTqvU3FnIvo2WjKs3DkNc0+l7mc5lo14VjwA="}},"signedIdentityKey":{"private":{"type":"Buffer","data":"ICWEOCyDbsSFqtB/w379qG0ia51UxjifEzeMQ+zwFlU="},"public":{"type":"Buffer","data":"7lpSvdlnB81lOku0UvNjexbxIlYCS8O8LO+WkNc5dzI="}},"signedPreKey":{"keyPair":{"private":{"type":"Buffer","data":"yN0+h7AnKuibmMHFRtWMfK3bpkmimfwfF0JdMV62A1M="},"public":{"type":"Buffer","data":"YWupQfKzkrWvq7/2wypi147b+9HA12xzsFLTVfKsQA0="}},"signature":{"type":"Buffer","data":"ZmwD7y1c4tvHn9rYEjU++uvdRPg8AFi2RSkP5ODiJlwEiaXTL9bPw+2Ab2s9lygmY74QGx08O1CgfcUQc30ECQ=="},"keyId":1},"registrationId":179,"advSecretKey":"E44BFWLB8OPTHfgj8pdQ2fO/e/0992Q0VrgPZPNASDU=","processedHistoryMessages":[{"key":{"remoteJid":"967711806774@s.whatsapp.net","fromMe":true,"id":"5EF9019CBF1649C4F64B81A3CF3726A1"},"messageTimestamp":1752035425},{"key":{"remoteJid":"967711806774@s.whatsapp.net","fromMe":true,"id":"A3CCAFB531FD4389857489DDDC13F9AD"},"messageTimestamp":1752035425},{"key":{"remoteJid":"967711806774@s.whatsapp.net","fromMe":true,"id":"3317082B92476811453243D7580CF16E"},"messageTimestamp":1752035440}],"nextPreKeyId":277,"firstUnuploadedPreKeyId":277,"accountSyncCounter":1,"accountSettings":{"unarchiveChats":false},"deviceId":"ThRc7jDBSOKMsFQTN1gN9A","phoneId":"dc0cfe20-dc38-4fdc-b8ef-9ceb7ccf3945","identityId":{"type":"Buffer","data":"19bm/H4E7jXwA2fjxTw/dtngE1E="},"registered":true,"backupToken":{"type":"Buffer","data":"2sWoL8PZyRnbY71+MXYYBBgGo2M="},"registration":{},"pairingCode":"G4ESLG2Y","me":{"id":"967711806774:6@s.whatsapp.net","name":"𓆩‌‍‌‍𝐄𝐚𝐛𝐝𝐚𝐥𝐦𝐚𝐣𝐢𝐝𓆪","lid":"6494594560209:6@lid"},"account":{"details":"COvqkLcBEMfgt8MGGAMgACgA","accountSignatureKey":"OooULISR7iczIRSvG1bKjwiLWE8N4X5iM7PcF42dBz0=","accountSignature":"k/BENUvyEcZY4C+QR/V4fNhuFHhPkLFBiUNz30ggVgGnXPoKWtOnartBgvltkrHZRPFDrPr+KMxjBWOEnERoCA==","deviceSignature":"h1lvpI5Iu7BseQWXLpE5DeilT5F2h5XnF4FtAm4DgkiAubgND3q04sizibwDSeT3AtM2fosi89O1XJcywPcKAA=="},"signalIdentities":[{"identifier":{"name":"967711806774:6@s.whatsapp.net","deviceId":0},"identifierKey":{"type":"Buffer","data":"BTqKFCyEke4nMyEUrxtWyo8Ii1hPDeF+YjOz3BeNnQc9"}}],"platform":"smba","routingInfo":{"type":"Buffer","data":"CAIIDQ=="},"lastAccountSyncTimestamp":1752067929,"lastPropHash":"2P1Yhf","myAppStateKeyId":"AAAAADZ2"}