{"noiseKey":{"private":{"type":"Buffer","data":"2PxnADCTtpckBp8KWlU8z/PBebjZ6zjLLG2B5EUNT18="},"public":{"type":"Buffer","data":"tk8KEECFGU0n8NYLjpP/LXHwrZxF0SRmZALchfXNcl8="}},"pairingEphemeralKeyPair":{"private":{"type":"Buffer","data":"qHBANDlJ273kjAfAroNDddQH/L95AfOelqP1Hr2tLXg="},"public":{"type":"Buffer","data":"OQ89PQ/IKXnGVLkJkRSdFtPHWwjIN2dYbK1Irmn7y10="}},"signedIdentityKey":{"private":{"type":"Buffer","data":"2EbMobFxO3VNyy2itZtQLMwhlbYnnRpux4tn219iqFk="},"public":{"type":"Buffer","data":"X3qVQiDulQirlGt5oxXj0v3moM+nYznCf2wIXdid+Wk="}},"signedPreKey":{"keyPair":{"private":{"type":"Buffer","data":"cCMrIh42CEjX/o8rMu1tpw9EztBYtD1eI6WbZn6WY1g="},"public":{"type":"Buffer","data":"Yh7umAjtN6jcJebrnJI4x82k/99YWWcZFpLslaJ00XQ="}},"signature":{"type":"Buffer","data":"2tE3VgwaT1nCkFojtGZtYEFBinBjsziOZ/w7vAy9/LW/oawcDCxy7uTfb5cUM67ZF+BiwjyqL44tnfdyDcFcjw=="},"keyId":1},"registrationId":84,"advSecretKey":"IuKxN//XLCuqIqlageEtBB5Ep5cA1NcXd5sFSoN997E=","processedHistoryMessages":[{"key":{"remoteJid":"923069558757@s.whatsapp.net","fromMe":true,"id":"E5B9E2A869C87CCA3F561A4D5B7E61C2"},"messageTimestamp":1752357702},{"key":{"remoteJid":"923069558757@s.whatsapp.net","fromMe":true,"id":"6DA66D1CBDDBB84257B1F98DAE1C8E30"},"messageTimestamp":1752357702},{"key":{"remoteJid":"923069558757@s.whatsapp.net","fromMe":true,"id":"8539BB914BCEE49291F2BF35B9CCFB6A"},"messageTimestamp":1752357796},{"key":{"remoteJid":"923069558757@s.whatsapp.net","fromMe":true,"id":"8539BB914BCEE49291F2BF35B9CCFB6A"},"messageTimestamp":1752357850},{"key":{"remoteJid":"923069558757@s.whatsapp.net","fromMe":true,"id":"1C83AF8BE0437B1E4060949640B6DA2D"},"messageTimestamp":1752357960}],"nextPreKeyId":62,"firstUnuploadedPreKeyId":62,"accountSyncCounter":1,"accountSettings":{"unarchiveChats":false},"deviceId":"xDCMvIuNR_SAFIcW5nUDeA","phoneId":"e099462a-b929-4623-bcef-2e7ab41d1a27","identityId":{"type":"Buffer","data":"78oqi2JrpZewyDcvBCp6NVjqXrg="},"registered":true,"backupToken":{"type":"Buffer","data":"duO4MwGtADuUecV65FbNJylVqWA="},"registration":{},"pairingCode":"2HKC2NM9","me":{"id":"923069558757:21@s.whatsapp.net","name":"arhambacha275","lid":"184971893416149:21@lid"},"account":{"details":"CPLUw5sBELW2y8MGGAMgACgA","accountSignatureKey":"XMJy5xSbv7DKWB9qsJoZbTdgW4pyzXgI2tBKnrgMyWs=","accountSignature":"qtY5li4lBLqjcJuWTWDRX1ftE0c32GkvkIEgXHEVdOVSzKXfcQPcGBvo8rpNL3xnzQoabvGbd4LnlP/L9tcpBA==","deviceSignature":"OJWPNGP9ExIxrj7om/qXGATt51eSSggdovEUJLaCf9LAcvmJU5nYnPPf/VWb/k7rw6dFXYbYWfzRrJ8hqindgw=="},"signalIdentities":[{"identifier":{"name":"923069558757:21@s.whatsapp.net","deviceId":0},"identifierKey":{"type":"Buffer","data":"BVzCcucUm7+wylgfarCaGW03YFuKcs14CNrQSp64DMlr"}}],"platform":"smba","routingInfo":{"type":"Buffer","data":"CAMICA=="},"lastAccountSyncTimestamp":1752357699,"lastPropHash":"3R9Z39","myAppStateKeyId":"AAAAAI2V"}