{"noiseKey":{"private":{"type":"Buffer","data":"ENb/1glfY0KZhYCszwHapJgqQUMXttK+RAhgMc7X1Ws="},"public":{"type":"Buffer","data":"xhVIuiJsVBnfweopLUs6SW7l5xrjAyneQmCuMMdZKUM="}},"pairingEphemeralKeyPair":{"private":{"type":"Buffer","data":"yEZfIiaT/j+hUWTVP/izdbatpA7J2IA7fpZ+YL7kOko="},"public":{"type":"Buffer","data":"JaR6IqXb5QjtYMJXCTOysfxXYj4Hz3/xSjDHv+bXLFc="}},"signedIdentityKey":{"private":{"type":"Buffer","data":"aDgoby0hMpmQ9MSamW2KP3E9UebNW521APUKgCtA7UE="},"public":{"type":"Buffer","data":"PYhc+iL21bFnKq25MgW72aV5V3Is6De9QVs9au2gsy8="}},"signedPreKey":{"keyPair":{"private":{"type":"Buffer","data":"8DlTKGEy8EY+rq4ZlV8PQj8RwqGlfrKYJ1X3a/RTIGM="},"public":{"type":"Buffer","data":"U4UhcB7ENE7At/bkUbD6y72Xe93237sfD3Fb9LBjHWE="}},"signature":{"type":"Buffer","data":"/EMAB9lwEX2ls+UfYlLUbaZPtNuYgY/3GxGYaRBj6clTcBZ0/bT4bq03FNyLRmyhOfiWmmebzFBgLSEVW7xpgw=="},"keyId":1},"registrationId":103,"advSecretKey":"chrO7SjfkZArdoglL5JxuY9h4Nv7PsVTCoi/jZhEiN4=","processedHistoryMessages":[],"nextPreKeyId":1,"firstUnuploadedPreKeyId":1,"accountSyncCounter":0,"accountSettings":{"unarchiveChats":false},"deviceId":"nQFdVaDFQFm3ukN9hdvDXA","phoneId":"f88e23c5-9d7b-4ebf-9e13-78e54ea430fa","identityId":{"type":"Buffer","data":"a5erV6Eb1cznS4sx5pLIPRt/mRc="},"registered":true,"backupToken":{"type":"Buffer","data":"Wqkbb1abYnaND3JIkHiIZdTDySk="},"registration":{},"pairingCode":"SZ5KW54C","me":{"id":"940742562652@s.whatsapp.net","name":"~"}}