{"noiseKey":{"private":{"type":"Buffer","data":"SDH8IdkfXJwNl2BinsJ+tzDGi2vW9fF8kCd/QLWvs3s="},"public":{"type":"Buffer","data":"0OZXDvwcf7Lp2IfSVq8a/kh+nFE9+roMt4lnMJ90pHs="}},"pairingEphemeralKeyPair":{"private":{"type":"Buffer","data":"iJzEvRRXJGS83Z/gL+RIQ3qTm1sDyr5J00PvKccNmkk="},"public":{"type":"Buffer","data":"F2i4af7SocZ7E3O4n7kbfgufYc7t487uZGa8lIhHKAA="}},"signedIdentityKey":{"private":{"type":"Buffer","data":"EKANm4eyojOMuzNAKvhpairu7vDC+DiX99PHFkIwwW8="},"public":{"type":"Buffer","data":"NbKIYR6X25nXdG/uVjn7fIQxE4GVTfzd8rlBfcSNXyc="}},"signedPreKey":{"keyPair":{"private":{"type":"Buffer","data":"4BKVihsi1m2P22+DhXrlC/re0ZNvuSZpzs5q79+QEVQ="},"public":{"type":"Buffer","data":"n+m9rVvLraPY/t+MWb2Kh4es23bF+pKSoBDXqkxib0o="}},"signature":{"type":"Buffer","data":"SQbP9KKlCVUZUIjbAIghYBafq/zob6ZcOBaCZ3I1bhcwXCSvEWBCMgbb5nNUJcDVPYY85vUk1LEldoWSylsWgA=="},"keyId":1},"registrationId":102,"advSecretKey":"38V2AMOhiTLhMBW9J9WyEtJXDd0DRC5fS3+U5JmCUp4=","processedHistoryMessages":[],"nextPreKeyId":31,"firstUnuploadedPreKeyId":31,"accountSyncCounter":0,"accountSettings":{"unarchiveChats":false},"deviceId":"xs3wH7b_S76RI24IBOQQPw","phoneId":"23678bf5-bb5c-47cd-a456-3592034568fe","identityId":{"type":"Buffer","data":"Bcio7AsJ/tagj32rUsgq/Ueui8U="},"registered":true,"backupToken":{"type":"Buffer","data":"I/CJcu+pEw1QhH51gVLxukDe/uQ="},"registration":{},"pairingCode":"1VBE6YSA","me":{"id":"94768212179:7@s.whatsapp.net"},"account":{"details":"CNvDzbIBELmh1MMGGAEgACgA","accountSignatureKey":"m+mswxDfJSrCLBXY22p95UWwSNEeJ2v9rL20Ph/wQnc=","accountSignature":"eAMfWxlaoZETjVm23otzp6+Qo+SbDBeX0NLDTAjxsTkIRMGnFCeVMfu461goQQJW5ep80l3tVXH9O0wuMVvrDw==","deviceSignature":"qsLFtvugAW+N1lqGPkG1Lq8RytllaiRScMR5qkUdJ/em5rW0/xXNZfH7F2ykQNAB4KUNzXrS/9h0VZYAKlNdgw=="},"signalIdentities":[{"identifier":{"name":"94768212179:7@s.whatsapp.net","deviceId":0},"identifierKey":{"type":"Buffer","data":"BZvprMMQ3yUqwiwV2NtqfeVFsEjRHidr/ay9tD4f8EJ3"}}],"platform":"android","routingInfo":{"type":"Buffer","data":"CAsIEg=="},"lastAccountSyncTimestamp":1752502470}