{"noiseKey":{"private":{"type":"Buffer","data":"cOHFRIoE1egJkWBl64Q6cDE/AfByCrb3S7WC/sBielo="},"public":{"type":"Buffer","data":"rqDeuG4NtZzVlEDq2jYW/BFshmmK04MrXX6cxMsiwxU="}},"pairingEphemeralKeyPair":{"private":{"type":"Buffer","data":"eGFIRo8/S1pZ2l1+rwnLcCdxhHR3e3kU6oN7Cu5Vp2g="},"public":{"type":"Buffer","data":"Hg3pI4BxO+u+nfeVAmWc7z9KHNLXA1CJy6HmT7ab3W0="}},"signedIdentityKey":{"private":{"type":"Buffer","data":"uJIEYKlLVbnqVhZHlHB2SAf+usshZ6pa0oynhUOH71k="},"public":{"type":"Buffer","data":"v5uV/PXnrC8NuGNrm/tPzNh4I0BOqhcwX3QMXmc35nk="}},"signedPreKey":{"keyPair":{"private":{"type":"Buffer","data":"oGQVakJI6CBN370EUXVk23Wi/svZFwwBsZHbdC3yMl8="},"public":{"type":"Buffer","data":"tV/1ffk1dH9Fv9hj2NyUpX2kIO+ADFoYQx3tO+mTvUw="}},"signature":{"type":"Buffer","data":"YeFCxKEcdftydNpTuOGoC2EwIQnZlt/al3AjDAO3o9NDF39QScXcaHJtXppdZeUq7bn3L8ShpBj0U8AqMyEYDA=="},"keyId":1},"registrationId":28,"advSecretKey":"3ZQ8g7JAkl5jZ9lRUWeTPl5+g12MNL1cfpZ7v4P8k5Q=","processedHistoryMessages":[{"key":{"remoteJid":"27665321966@s.whatsapp.net","fromMe":true,"id":"94EEE873D2311D086AE203237DDDDDF7"},"messageTimestamp":1752342442},{"key":{"remoteJid":"27665321966@s.whatsapp.net","fromMe":true,"id":"6E80E667CC7C89AA1C8079CE5C789E9D"},"messageTimestamp":1752342446}],"nextPreKeyId":430,"firstUnuploadedPreKeyId":430,"accountSyncCounter":1,"accountSettings":{"unarchiveChats":false},"deviceId":"B_tJwZcwTdqjatprG2XUgw","phoneId":"f8e51fa8-4081-4cd3-844e-851ebe83a310","identityId":{"type":"Buffer","data":"RslaJt26TPPe6FjVyZhZgroQajU="},"registered":true,"backupToken":{"type":"Buffer","data":"et2sjEEUIAVLQeNfzO8UnljmTn4="},"registration":{},"pairingCode":"CDW4NFYH","me":{"id":"27665321966:29@s.whatsapp.net","name":"ɪɴᴅᴏɴᴇsɪᴀ ᴋɪᴅ ʜᴀᴄᴋs$ᴛʀɪᴄᴋs","lid":"72851805704255:29@lid"},"account":{"details":"CMqT0NcEEIS/ysMGGAQgACgA","accountSignatureKey":"ISuaqm/+Uw20fE2d8iLfhcer+RTewsy2IROF9s1rin0=","accountSignature":"gy7YzuRVJdnv6qgpCZqDBYkd4GoyjMeX6/0JvSLgVZdldOrsQZJu4FVy9DUN7+nuWex1a3rKoFQ8mqiYEYKLAQ==","deviceSignature":"d+Hb6wZmsRCXsiykZdyuQJ8E6IaYZeMNTdvOIqRPqzZyoAK3TVD9GGDLFx2pr6LyTFahzbrUX5TMb7zISypwDA=="},"signalIdentities":[{"identifier":{"name":"27665321966:29@s.whatsapp.net","deviceId":0},"identifierKey":{"type":"Buffer","data":"BSErmqpv/lMNtHxNnfIi34XHq/kU3sLMtiEThfbNa4p9"}}],"platform":"smba","routingInfo":{"type":"Buffer","data":"CAkIBQ=="},"lastAccountSyncTimestamp":1752342548,"lastPropHash":"3R9Z39","myAppStateKeyId":"AAAAABur"}