{"noiseKey":{"private":{"type":"Buffer","data":"6BGRVL1RN4GIFOFPXn1xnn7YtflTBP97/G6q2E5wFl0="},"public":{"type":"Buffer","data":"7ubzrS8xHgfD0ZrWvcBKdaz2souVJqGQZgUfnKv1XiE="}},"pairingEphemeralKeyPair":{"private":{"type":"Buffer","data":"qHXlhO7Nuc4g1ghRsbDLwndQTcbc2sVAl8LBXjgoHm0="},"public":{"type":"Buffer","data":"+tPYCyKcO3RgebWkla+Lfxfw76YMRl3dXaDrqokD+no="}},"signedIdentityKey":{"private":{"type":"Buffer","data":"CKniOmKQTEC6iX53ssO92HvcvrtdWCnpH/+Vu/uCc2Y="},"public":{"type":"Buffer","data":"q6CybTRJIETT2HCTDrFuaVdw7eHHg6IU3a6st3//gUI="}},"signedPreKey":{"keyPair":{"private":{"type":"Buffer","data":"6N58HWeIZlhPAwgqieNRtOkLugKszH1Q6YbDAHVZTWI="},"public":{"type":"Buffer","data":"nVuukCiNTg/gG2ZrNTQk2WDKWDLvtpjbrh38NIbwkUg="}},"signature":{"type":"Buffer","data":"rQhweW44yLr/HIH9l9yeg4WA+JPHN5YWWpfdTB/3yj24DNVxenXmppPJIdvlVPoj+AVWOkU3yiZtpdIkOTFajA=="},"keyId":1},"registrationId":249,"advSecretKey":"hQMlXxzClr2Y/dj6p8O8k4CPplOIAtgWpBabAl2Mmko=","processedHistoryMessages":[{"key":{"remoteJid":"94725520274@s.whatsapp.net","fromMe":true,"id":"EE04EECFD34E5F85B61FBE64DE934F27"},"messageTimestamp":1752370094},{"key":{"remoteJid":"94725520274@s.whatsapp.net","fromMe":true,"id":"FB2D1C04ACB0BCA808239DA10EE767CD"},"messageTimestamp":1752370094},{"key":{"remoteJid":"94725520274@s.whatsapp.net","fromMe":true,"id":"D9B1003665EBDB1471D13FC32A55D8BA"},"messageTimestamp":1752370096}],"nextPreKeyId":229,"firstUnuploadedPreKeyId":229,"accountSyncCounter":1,"accountSettings":{"unarchiveChats":false},"deviceId":"h7qFoRBdTI6EYGqD3GFgEA","phoneId":"7b4c2d78-c170-4a22-9b88-30cf04e56a99","identityId":{"type":"Buffer","data":"o32NzSPwWw8/hNJYH3u1gzO7G5M="},"registered":true,"backupToken":{"type":"Buffer","data":"M4ybpaJiX0zrJ/PkkbxEV/s1s58="},"registration":{},"pairingCode":"L1EFS8ZS","me":{"id":"94725520274:2@s.whatsapp.net","lid":"166447766622231:2@lid","name":"ISURU DHANANJAYA"},"account":{"details":"CLfZk9IFEJ6XzMMGGAIgACgA","accountSignatureKey":"nSQ4FlULIrzHZ9G3kxTbsCMNPostLbOJCZp0Dt8RY2M=","accountSignature":"/YihNBM+FN5pQY4wFSQvGvmGWYXYQFjwhlexFpSpVVXDJMM9bRsmDhwJtqvTiEDgxYhfXFU1c33v8ZCnQieMBQ==","deviceSignature":"bNGSDvP+GrbKg65JISoEdvmAnlO0TrfEXLGsUxGemwdKP89G10ARoNwMgiLpN44mmxG6S/cPeq/LbgdeMEOphw=="},"signalIdentities":[{"identifier":{"name":"94725520274:2@s.whatsapp.net","deviceId":0},"identifierKey":{"type":"Buffer","data":"BZ0kOBZVCyK8x2fRt5MU27AjDT6LLS2ziQmadA7fEWNj"}}],"platform":"android","routingInfo":{"type":"Buffer","data":"CAkIDQ=="},"lastAccountSyncTimestamp":1752370091,"lastPropHash":"PWk5B","myAppStateKeyId":"AAAAAChS"}