{"noiseKey":{"private":{"type":"Buffer","data":"WD+mkc11Iox7gOGgdU9Wo0cxnpCLx1r5AYeP8jszI18="},"public":{"type":"Buffer","data":"e8mHA66NXWg6bwbC1inztJOg1iQdp6vMj2cbyKqr+nk="}},"pairingEphemeralKeyPair":{"private":{"type":"Buffer","data":"kNP7VtYjSo3iCUTv9nLnHVRoMADCpwhVRyhqSMST6lU="},"public":{"type":"Buffer","data":"YdMXfNKe3Khoiz6vlX57SAZLiDzDxIuNuVdQIq6sKlA="}},"signedIdentityKey":{"private":{"type":"Buffer","data":"SBPK7Rab+sDADBhvgFnecqXttb70UYFb2jsjgUG48G8="},"public":{"type":"Buffer","data":"ofWwoLhMM50joWMkpVm43xmOhxW5l9jsYaN04X/m5hM="}},"signedPreKey":{"keyPair":{"private":{"type":"Buffer","data":"uOvPbEIxnypm55AFISOuE6na07uZw5EYSf0bKSs163E="},"public":{"type":"Buffer","data":"8YL5DxdidnLs+Dd1TNRMN6Ql40rnueLVBOh6/B17iFY="}},"signature":{"type":"Buffer","data":"rFAmGlS6YArBa/NEygAQYxLlMSIE0JDU8gXbUGN8Y/0zV/ofgEIhiH5WIQ5bIXgm4pH3HLLnD2wL1+tW0FKwBg=="},"keyId":1},"registrationId":252,"advSecretKey":"8cPgGYQkwo2UQqKk9K5Z95QczSmxrxn2D0kNEd7EdN8=","processedHistoryMessages":[{"key":{"remoteJid":"94773992240@s.whatsapp.net","fromMe":true,"id":"3ACC1798C1D2DC574778"},"messageTimestamp":1752583901},{"key":{"remoteJid":"94773992240@s.whatsapp.net","fromMe":true,"id":"3AD99257A3E95A057A19"},"messageTimestamp":1752583907},{"key":{"remoteJid":"94773992240@s.whatsapp.net","fromMe":true,"id":"3A96E4F0BF9EB9254D12"},"messageTimestamp":1752583921}],"nextPreKeyId":39,"firstUnuploadedPreKeyId":39,"accountSyncCounter":1,"accountSettings":{"unarchiveChats":false},"deviceId":"DnF5XsFYT36cEvEcjL2RnQ","phoneId":"e4907fbf-dae0-4ea7-8627-23cce1277909","identityId":{"type":"Buffer","data":"6+Oq0/p7Oevbewja9aVK1myghf0="},"registered":true,"backupToken":{"type":"Buffer","data":"+hwLCpkrpB6re6fol/mjrWaPDpc="},"registration":{},"pairingCode":"RSR9SXAY","me":{"id":"94773992240:76@s.whatsapp.net","name":"ρ\n\nя\n\nι\n\nη\n\nɕ\n\nє\n\n.\n\nт\n\nυ\n\nт\n\nυ","lid":"78190131286193:76@lid"},"account":{"details":"CLSH35kKEMid2cMGGAQgACgA","accountSignatureKey":"OAITk3IAOSfoP82fqnq4FlXJMTsfnpMEcxsf6mGApxo=","accountSignature":"Gr7tT/q4ec1B+713fciGNL5NTtGh/PN0DAbI45xtwwgBqYjwVfErDdpjaRsb+ULTJoJoSUqz/qQQPh12nNgJCA==","deviceSignature":"eB2zswjH1dwIJlKnztR2nLHKkBEthqzIvGfMdk/U33UmlOCA5uPiOQK/Az72+OSAyBtkj+3jl6HtKxQ+H69eCw=="},"signalIdentities":[{"identifier":{"name":"94773992240:76@s.whatsapp.net","deviceId":0},"identifierKey":{"type":"Buffer","data":"BTgCE5NyADkn6D/Nn6p6uBZVyTE7H56TBHMbH+phgKca"}}],"platform":"smbi","routingInfo":{"type":"Buffer","data":"CAsIAg=="},"lastAccountSyncTimestamp":1752583893,"lastPropHash":"1K4hH4","myAppStateKeyId":"AAAAAF0R"}