{"noiseKey":{"private":{"type":"Buffer","data":"wBXPKCgvRSyyeeKkZMTAx2dKMBj0u+Vvbvqs+KqnTl8="},"public":{"type":"Buffer","data":"AWsbBPbeMRcWsaV1oRYcV5h4yLQbCA9qvPSU1BY0uh0="}},"pairingEphemeralKeyPair":{"private":{"type":"Buffer","data":"WOcXQsFkDFFUWmPaKspb6gcp0GyoheHF/p8GM3pTsFc="},"public":{"type":"Buffer","data":"DMsKMgAXNfOvf0LgUjk7ILjRzMwrYBaiQm5NwOJz6Tw="}},"signedIdentityKey":{"private":{"type":"Buffer","data":"6N2MZO4YlpfxdGz7G7g050a4ri0rVYU5FQ5ppymkzG8="},"public":{"type":"Buffer","data":"vgkVDQyOW3QK3RaNenOdSnEly/c8v41i2tzokPvENQU="}},"signedPreKey":{"keyPair":{"private":{"type":"Buffer","data":"GHDKBasMWrCdocGRwTe39mYbWC/qY9Rpvi6rI9SM7HQ="},"public":{"type":"Buffer","data":"GMOZaw9oz73K2ABMN+takD7u9gdpok6S8IGPn0OIdWQ="}},"signature":{"type":"Buffer","data":"OdgK5t1sr86KqlT1d3VEktwS6XiCXfXKefu0Wt61cIhEK9dZAOMB/gt9CaQO4bzQRURVWSWUoGHksSmcxq27Ag=="},"keyId":1},"registrationId":155,"advSecretKey":"1v64lWE85pKfBbREvaM1Twu4va1h3uA8v9DBcds6Ev0=","processedHistoryMessages":[],"nextPreKeyId":1,"firstUnuploadedPreKeyId":1,"accountSyncCounter":0,"accountSettings":{"unarchiveChats":false},"deviceId":"BajsdaJwSEOUybuY96xFcA","phoneId":"e34d5241-73b2-45fd-8d77-52724af3df13","identityId":{"type":"Buffer","data":"rNDomOUNOxspJxfGpLVRROuzm3A="},"registered":true,"backupToken":{"type":"Buffer","data":"VB//ggaxH0rYUXor6KbI1lC1cbk="},"registration":{},"pairingCode":"7QW2FR4A","me":{"id":"94741703548@s.whatsapp.net","name":"~"}}