{"noiseKey":{"private":{"type":"Buffer","data":"MKPrKGkoGpehtobzYYnI8Vmt2Qp39g3QrnUlUNolQ2k="},"public":{"type":"Buffer","data":"8CLixc5VJgl3nLW6rwkwgvdAO/PG5gLnszupNO/C8C8="}},"pairingEphemeralKeyPair":{"private":{"type":"Buffer","data":"MNDMDenyEZ0Jgs9NNcsDGCmrAuCKnHZiMV3vZ4L6wH4="},"public":{"type":"Buffer","data":"yLIDI3UzPCjz6lNQLGtRK8OhYHbyroDJf6x1pBA0eFQ="}},"signedIdentityKey":{"private":{"type":"Buffer","data":"YIsEfZKHWI61nlLo0krGA2Y+M2JY/RYuzDEoSKkKVVg="},"public":{"type":"Buffer","data":"RyxJYvMHBRK7gUr4GNzeVjzc4koY6H5E/xqi+jUt418="}},"signedPreKey":{"keyPair":{"private":{"type":"Buffer","data":"QDuT5Iw8GhZIjmEt+E8YhgZbLbAW8Feqcf7VHpK0V1Y="},"public":{"type":"Buffer","data":"jGFdobpJdagEDHmR77txcnbuLKReuX1HoicqdLyduzU="}},"signature":{"type":"Buffer","data":"g3kjGoBahCk2q2PgcTrG9jxdW/To1+fpXOK+trfWtqHVhkItDhQklURx5ujWSEwcmsZx6ePf1+7Gom1DUZTfDw=="},"keyId":1},"registrationId":144,"advSecretKey":"Y+UHGm3IwCIEEbFXQOhK9NoCpUEb1NkOFHt8jBGpARA=","processedHistoryMessages":[{"key":{"remoteJid":"94726203465@s.whatsapp.net","fromMe":true,"id":"4E0B46C73DBCC8EA92A536CFC024CF0D"},"messageTimestamp":1752198986},{"key":{"remoteJid":"94726203465@s.whatsapp.net","fromMe":true,"id":"AADD8CB96B0414072932792D29B8A16D"},"messageTimestamp":1752198987},{"key":{"remoteJid":"94726203465@s.whatsapp.net","fromMe":true,"id":"8802454270CFDCCF452B68D4B3C886C4"},"messageTimestamp":1752199010}],"nextPreKeyId":31,"firstUnuploadedPreKeyId":31,"accountSyncCounter":1,"accountSettings":{"unarchiveChats":false},"deviceId":"XYZMZKpcQ126mRuhPB7Kjg","phoneId":"4fe3f5f5-9385-447b-ae8d-f8a10179a719","identityId":{"type":"Buffer","data":"1YU9QepmN0th0JjMGgbfTQgwLhY="},"registered":true,"backupToken":{"type":"Buffer","data":"vSU+YWDLDwi1dm+W6b6PLttaSrU="},"registration":{},"pairingCode":"FWAN49SF","me":{"id":"94726203465:1@s.whatsapp.net","name":"එයාගෙහ් දෝනි","lid":"230197999726745:1@lid"},"account":{"details":"CN2AGxC63sHDBhgBIAAoAA==","accountSignatureKey":"Gkyq6Y12GSR8r/5n/eKrapGoJ+F871747qOqst/8F38=","accountSignature":"hNyzBblG3bU8+Aaqmu7MVce/80ujD2tFO1hR0i9VjZgAXrDBs22Zk1eLMdb+IM1KFVat6WIOErWMYeFywLCYCw==","deviceSignature":"ZG2+5GmDSxZrSNsQmSahfJeWQLaOcl6I1EGN11QoZGQ4L+4HRLRpHXcJvzx2X0G7uAbAFTkzAcRZ7e3hbdGuAQ=="},"signalIdentities":[{"identifier":{"name":"94726203465:1@s.whatsapp.net","deviceId":0},"identifierKey":{"type":"Buffer","data":"BRpMqumNdhkkfK/+Z/3iq2qRqCfhfO9e+O6jqrLf/Bd/"}}],"platform":"smba","routingInfo":{"type":"Buffer","data":"CA0IAg=="},"lastAccountSyncTimestamp":1752198984,"lastPropHash":"1K4hH4","myAppStateKeyId":"AAAAAOYV"}