{"noiseKey":{"private":{"type":"Buffer","data":"MA3u/k6pYUU5ORq0bhkULR5/VwYlzwgQuT7dWc0dW1o="},"public":{"type":"Buffer","data":"vAWcdUT88PgURoOJeFtOk3F7ZRQomkE/dI7z6y48Byg="}},"pairingEphemeralKeyPair":{"private":{"type":"Buffer","data":"SGD3Mmen8+rRECymjuFiMx4BjcAVLpDVF42pWUT1lGs="},"public":{"type":"Buffer","data":"H2CTcjZld9V2AXBiR1L+ukSMVvVaOMXs7dXIRg57BFU="}},"signedIdentityKey":{"private":{"type":"Buffer","data":"0BffSnnYLJ9nq63b8CFv96aMQO8asrq5KKY0/oO6kH4="},"public":{"type":"Buffer","data":"NLNT+7rVP4ASp8SZwIajjcBnR/6DqPoWUns50dLa6VM="}},"signedPreKey":{"keyPair":{"private":{"type":"Buffer","data":"eGWLg5A/joGwrXIx2f7Gb+fMmlI+oy8pqzSSjEHSWWw="},"public":{"type":"Buffer","data":"kKLDOf86k5QPYKsubncyjiL/9S8ldFegvyFf1DD0Jk4="}},"signature":{"type":"Buffer","data":"/P8QU+PZzPdkzFC0En8pirZBdRpsMZHm6m3/ES9/MC0tAzy+mLKk9vezWrgAgFBLy595kKvuS7s/5E1qxGdkiA=="},"keyId":1},"registrationId":212,"advSecretKey":"kIxuaNmrFTO4o8J6KJJy/cVjlSagv6P/HoGIzsb3QVo=","processedHistoryMessages":[{"key":{"remoteJid":"94740783979@s.whatsapp.net","fromMe":true,"id":"FEB4798F9EFD5C7896253F790440C090"},"messageTimestamp":1752392061},{"key":{"remoteJid":"94740783979@s.whatsapp.net","fromMe":true,"id":"C2B81B57D3D82458ABACDC8177DBB494"},"messageTimestamp":1752392072},{"key":{"remoteJid":"94740783979@s.whatsapp.net","fromMe":true,"id":"1F5A89CB6AAE92C4E6784006A763ADA5"},"messageTimestamp":1752392104},{"key":{"remoteJid":"94740783979@s.whatsapp.net","fromMe":true,"id":"40C4994345A74A828B84D88C3CED94A9"},"messageTimestamp":1752392131},{"key":{"remoteJid":"94740783979@s.whatsapp.net","fromMe":true,"id":"749E50C308BEC023BBC0CCC4DE569CD2"},"messageTimestamp":1752392154},{"key":{"remoteJid":"94740783979@s.whatsapp.net","fromMe":true,"id":"201C9BCB9EDC8A7838CB3F34488E81BD"},"messageTimestamp":1752392177},{"key":{"remoteJid":"94740783979@s.whatsapp.net","fromMe":true,"id":"FF9C9AA66CCE34BB6D3B043AB900EEAD"},"messageTimestamp":1752392201},{"key":{"remoteJid":"94740783979@s.whatsapp.net","fromMe":true,"id":"DB88B56539BF24205B2D9FBCA366CAA6"},"messageTimestamp":1752392224},{"key":{"remoteJid":"94740783979@s.whatsapp.net","fromMe":true,"id":"F821962E107742E4D73E4D0706753557"},"messageTimestamp":1752392243},{"key":{"remoteJid":"94740783979@s.whatsapp.net","fromMe":true,"id":"F112C23143967D541BBC76E48CBB0F37"},"messageTimestamp":1752392270},{"key":{"remoteJid":"94740783979@s.whatsapp.net","fromMe":true,"id":"99D795DED484C2CE1594641350D44BC8"},"messageTimestamp":1752392303},{"key":{"remoteJid":"94740783979@s.whatsapp.net","fromMe":true,"id":"C8AB12120EB33BA0AF6B0ECB6443CEAE"},"messageTimestamp":1752392329},{"key":{"remoteJid":"94740783979@s.whatsapp.net","fromMe":true,"id":"16DCD9C22AAA9C34D52A89BF562E2CBE"},"messageTimestamp":1752392388},{"key":{"remoteJid":"94740783979@s.whatsapp.net","fromMe":true,"id":"00450B1CFA9721F87BB64956521C5647"},"messageTimestamp":1752392389},{"key":{"remoteJid":"94740783979@s.whatsapp.net","fromMe":true,"id":"E181FC2B8A3B38347BEDDDFB3EC1C815"},"messageTimestamp":1752392423}],"nextPreKeyId":1022,"firstUnuploadedPreKeyId":1022,"accountSyncCounter":1,"accountSettings":{"unarchiveChats":false},"deviceId":"4RN5sn9GQtCkySKiJndWZA","phoneId":"1192ef98-e488-4729-ba7c-1d5dd76b57ed","identityId":{"type":"Buffer","data":"we2/QvaKJ3iIHSoL2ehx3y/jD0M="},"registered":true,"backupToken":{"type":"Buffer","data":"7SzLdRmmK27eSAyGf9BJCRIXW0s="},"registration":{},"pairingCode":"7FAPMF7S","me":{"id":"94740783979:4@s.whatsapp.net","lid":"210818570391572:4@lid","name":"❤️Noti Boy❤️"},"account":{"details":"CITywhsQ48LNwwYYASAAKAA=","accountSignatureKey":"8HQ7qaaXI8T0NdEVkY6nIGbL5ThKCVBclFDTnlyXgF0=","accountSignature":"KWmYPy7nvkSJbrubrUesfTASvMJvmDuioUVwTeR6WKyWD3o2PorKA+SulcMeNbYh3KBVyJ7c6h80+m+pQX4VAQ==","deviceSignature":"xxMkk1mvS7QmYSZNFccAPHxg9xchsD79BLzx40YCVddtQ9uNAqC8QXUNw8D238cObJlVjLipk6+eKh18tx37gg=="},"signalIdentities":[{"identifier":{"name":"94740783979:4@s.whatsapp.net","deviceId":0},"identifierKey":{"type":"Buffer","data":"BfB0O6mmlyPE9DXRFZGOpyBmy+U4SglQXJRQ055cl4Bd"}}],"platform":"android","routingInfo":{"type":"Buffer","data":"CAkIEg=="},"lastAccountSyncTimestamp":1752392049,"lastPropHash":"1K4hH4","myAppStateKeyId":"AAAAAPBA"}