{"noiseKey":{"private":{"type":"Buffer","data":"iGwBA0o6AsE7eEwy0VMLYBW9Tj2e/HXUAe4LETzcMHk="},"public":{"type":"Buffer","data":"fohYpsRzEjDmiTGit0Llnwhh+zPLboStaoeQ5U4zdCc="}},"pairingEphemeralKeyPair":{"private":{"type":"Buffer","data":"QJwobCP4CfDDkg2Ctm06zl2i54b46S4PrmM4/ZTFGX0="},"public":{"type":"Buffer","data":"QVCj2ESR+5ab11zvqkBMZwehGm4V6SQ/bR4SsgDKtGM="}},"signedIdentityKey":{"private":{"type":"Buffer","data":"SKSHzK5Y4NyWyqYJXC8zL2y3bfbr3+AVVbzM7vXILW4="},"public":{"type":"Buffer","data":"FMvJlvWp2Lip3caWqS04u0sbRXgVK1tZeIb+PZ+91D4="}},"signedPreKey":{"keyPair":{"private":{"type":"Buffer","data":"kNTrwxMnvtgbOMUFmj/ZA895m2nLfP8HR1Vp2UE5xk8="},"public":{"type":"Buffer","data":"Vop7vgWe9+yNEetkW46rHSEd124nPLUVAjxb6DYo2H4="}},"signature":{"type":"Buffer","data":"lEuDEhVGEGWgvGJuQAGYGdD1WGu/N0Z7i+TF9VLtV7p4r+/o69/xCdAjfPo2dReJJna5EZsXkS6WqF69Rjz5CA=="},"keyId":1},"registrationId":133,"advSecretKey":"mdKrKImELztUDdgaOsfHScy4sP+O+N0lKvvd2rYXdCo=","processedHistoryMessages":[{"key":{"remoteJid":"917601945891@s.whatsapp.net","fromMe":true,"id":"0E745A7F00D7B4FB62E8BD9AA8EB2CE8"},"messageTimestamp":1752424331},{"key":{"remoteJid":"917601945891@s.whatsapp.net","fromMe":true,"id":"01CA2ABCDD424C6B17FA078466773DC5"},"messageTimestamp":1752424331},{"key":{"remoteJid":"917601945891@s.whatsapp.net","fromMe":true,"id":"CE839FEE90285454660E4B4E91FDBBC5"},"messageTimestamp":1752424335}],"nextPreKeyId":64,"firstUnuploadedPreKeyId":64,"accountSyncCounter":1,"accountSettings":{"unarchiveChats":false},"deviceId":"z58zIj5TSWGPiAeWQ6QHeQ","phoneId":"9e069e1a-e777-4b41-b64d-f521c13e9c59","identityId":{"type":"Buffer","data":"hVxhWIrNuc/T8Roor7yIMoavsj8="},"registered":true,"backupToken":{"type":"Buffer","data":"LPo+cue2bYKKFh9dDFZDmatRThw="},"registration":{},"pairingCode":"2B4QXL3J","me":{"id":"917601945891:3@s.whatsapp.net","name":"`𝗵𝘆𝗶𝘁𝘀 𝗺𝗲 𝗯𝗶𝗸𝗿𝗮𝗺","lid":"22355925549152:3@lid"},"account":{"details":"CNvxmZ4GEPu+z8MGGAEgACgA","accountSignatureKey":"ytCKBN1yLcEEHTKksmbU2yjWrLxyXozg9P3M2npXaHc=","accountSignature":"ndlzFefgrZzS5uKW4oOIXVmi7jtfhBoWHbYiDMICITow/OXjAmHKL+aZiyJEsb53C2juwMZd2mpFBKcy41qHCg==","deviceSignature":"Vz+C937n03Ucrt8Fe5aDqjxTGI561i1In/yJ2QavZIHea0//cTwRwmYiRpm7XyKWNv7GeKGH7l0Ko6Plsx9jDw=="},"signalIdentities":[{"identifier":{"name":"917601945891:3@s.whatsapp.net","deviceId":0},"identifierKey":{"type":"Buffer","data":"BcrQigTdci3BBB0ypLJm1Nso1qy8cl6M4PT9zNp6V2h3"}}],"platform":"smba","routingInfo":{"type":"Buffer","data":"CAsIEg=="},"lastAccountSyncTimestamp":1752424434,"lastPropHash":"3fYwCK","myAppStateKeyId":"AAAAAMfk"}