{"noiseKey":{"private":{"type":"Buffer","data":"8BNltR12mEgZl9G3r8YgEdtPx7Lrp+lgu/mz5NMigmo="},"public":{"type":"Buffer","data":"LnPp4LbmSu0/ds19PTqupDKLYg3/QzO30PCPuMqcvVE="}},"pairingEphemeralKeyPair":{"private":{"type":"Buffer","data":"SMp5OSHHPhfR9UDa8nhhmM+RpR5LPptuYLb1871uVnk="},"public":{"type":"Buffer","data":"1LQn6pWfjm/WVJ5fmWO06DkB1re4CWDvSXQtf3orHk8="}},"signedIdentityKey":{"private":{"type":"Buffer","data":"EDz4iCKA51DVS/utbtyen0EKB1ft3J+bBn+lngpPzXA="},"public":{"type":"Buffer","data":"cq6QcciWr7iInhxVywE5XVHfLr+RYyJjG/HuTfp1ZU4="}},"signedPreKey":{"keyPair":{"private":{"type":"Buffer","data":"8KFJRrFBGhXGqKwDaFY+lvyEsm8Vtufjk4dZReQpiX8="},"public":{"type":"Buffer","data":"GWSY44Tmg6VS1UsVxHbhY7eq1ijSYct0RVkckQDzZ0I="}},"signature":{"type":"Buffer","data":"gyjXcYVGZNrN3Y2llRXZo4BSFyk+owKVr9CBUZlwJJnmO6qdZPfbT6z+GLEUXAjq99zUePJ4xjhGXB+iQVnmAg=="},"keyId":1},"registrationId":116,"advSecretKey":"mhNPlabtaojdR7bT8++ZLGq8kQgoH3QZlwitgI4iLHw=","processedHistoryMessages":[{"key":{"remoteJid":"94714321711@s.whatsapp.net","fromMe":true,"id":"9AEBA1312DCA71B64FAB32421F852E43"},"messageTimestamp":1751873937},{"key":{"remoteJid":"94714321711@s.whatsapp.net","fromMe":true,"id":"A6D3C25DD253F7CB85B4FDD325826913"},"messageTimestamp":1751873939},{"key":{"remoteJid":"94714321711@s.whatsapp.net","fromMe":true,"id":"DD7EB0BAD20DECF3612212800CE47EB0"},"messageTimestamp":1751892207}],"nextPreKeyId":1003,"firstUnuploadedPreKeyId":1003,"accountSyncCounter":1,"accountSettings":{"unarchiveChats":false},"deviceId":"xypAlXsLRR2u2vdyovxIww","phoneId":"0e84f5b0-77e8-4938-88ba-268358785b53","identityId":{"type":"Buffer","data":"NPsWt/XElDlGWlZ+ZHO80XsqXfw="},"registered":true,"backupToken":{"type":"Buffer","data":"DPg5sN76Yp1G42fyMDQbsxsXVCU="},"registration":{},"pairingCode":"ZBVQCARF","me":{"id":"94714321711:17@s.whatsapp.net","name":"hasi","lid":"3870386319506:17@lid"},"account":{"details":"CO628v0HEP3yrcMGGAIgACgA","accountSignatureKey":"3sXvflOuO4k6BOuysX03o2QuNHxneMJGwoT4P6npcQI=","accountSignature":"6Zc+K7u9t8Q3O/cxijJjB0VQIkpJg8g7VFNa4+rfmntu5PeQNzPPnBzonVj5Ejy8dBpPcoTnJEojn541SSxxBA==","deviceSignature":"k2XLPkvG59AiwlqwUyj3JkcM2MKbnuvZxK/sG9HATb+IVsi814GnyYHyiCT7XGvYX+t4RTcqjABc9uw6ppZfDQ=="},"signalIdentities":[{"identifier":{"name":"94714321711:17@s.whatsapp.net","deviceId":0},"identifierKey":{"type":"Buffer","data":"Bd7F735TrjuJOgTrsrF9N6NkLjR8Z3jCRsKE+D+p6XEC"}}],"platform":"smba","routingInfo":{"type":"Buffer","data":"CAIICA=="},"lastAccountSyncTimestamp":1751905195,"lastPropHash":"2V77qU","myAppStateKeyId":"AAAAAA68"}