{"noiseKey":{"private":{"type":"Buffer","data":"ABVjPSQBX12eQsOB9jAsiAIJBnbnsUTI8DcCclc+jU8="},"public":{"type":"Buffer","data":"qT87ASd8cet581kr+jZk0LPmFgMrnaxnUBi2iE1xKFk="}},"pairingEphemeralKeyPair":{"private":{"type":"Buffer","data":"yAnr37iDG2NGO+ZcbEOOjAdD9JoPlwQOoLNZKnyMclo="},"public":{"type":"Buffer","data":"/jBMhfZBTZ2ufohGCzlJwsD/PngfXNGPNofTfM3sdDA="}},"signedIdentityKey":{"private":{"type":"Buffer","data":"2FkNaOjVemGx6/WdbtDa/7yxnRCpD59AByZS3zkyx0s="},"public":{"type":"Buffer","data":"FRo82/mhK43mJ0YL8Ha8ZVYwPVT40cp8tSqrOVSmGjk="}},"signedPreKey":{"keyPair":{"private":{"type":"Buffer","data":"eKEyI0xdbrI/oTA7azsI5diacNrYYoWt+SzdAwHSdVU="},"public":{"type":"Buffer","data":"tfkQi+5ie6bPOsqw1ZAo+P8/JsC5ixjFEJ9A/UqGW3s="}},"signature":{"type":"Buffer","data":"Y8UMaclFkQPs3dM4KmTRlPl2hdVh1x4181raSuRRh1mIWuT1pbS0fTsQ3arqtk+p62lF6bnyr5qpUibQ73LZgQ=="},"keyId":1},"registrationId":6,"advSecretKey":"TTpromBZaukZLh3Vi5vv/vIEQQ13L7Aekq3FXT6s4Aw=","processedHistoryMessages":[{"key":{"remoteJid":"94701423070@s.whatsapp.net","fromMe":true,"id":"DC171E18E1BF9C11A84E7B621DD571DB"},"messageTimestamp":1751786187},{"key":{"remoteJid":"94701423070@s.whatsapp.net","fromMe":true,"id":"77249F03FE6ACA17BB7253123573D2EC"},"messageTimestamp":1751786190},{"key":{"remoteJid":"94701423070@s.whatsapp.net","fromMe":true,"id":"8C6314665EB35794360805EF53BDCEAA"},"messageTimestamp":1751786260},{"key":{"remoteJid":"94701423070@s.whatsapp.net","fromMe":true,"id":"72A91BEF5519584C7858D77FE98115F9"},"messageTimestamp":1751786294},{"key":{"remoteJid":"94701423070@s.whatsapp.net","fromMe":true,"id":"8260572FFCD306729F9D6EFDA559A5AC"},"messageTimestamp":1751786296}],"nextPreKeyId":45,"firstUnuploadedPreKeyId":45,"accountSyncCounter":1,"accountSettings":{"unarchiveChats":false},"deviceId":"sRNiYghrRF2J0_nOKmAGVw","phoneId":"f86c465f-4ae7-402e-8f4e-d9535e22e18b","identityId":{"type":"Buffer","data":"KcNEzdeYu0px3FooHt7bK5U0T3w="},"registered":true,"backupToken":{"type":"Buffer","data":"lBAigsPrqy8YbtJWl+yN0IF9I80="},"registration":{},"pairingCode":"45G5FEZP","me":{"id":"94701423070:48@s.whatsapp.net","lid":"16798204354622:48@lid","name":"𝓙𝔢𝔰𝔱𝔢𝔯🥷🔥"},"account":{"details":"CPKj6MkCEKbFqMMGGAEgACgA","accountSignatureKey":"xT5eLPU4EGq/lu5PSMF+7TdIQfHsGQ29P9/LY4KR7lA=","accountSignature":"D3NJs/8zG5m+XJlXjjx73x56uBzQPclQ74fjcg9g3GF5AKDi7JYYCoeJhNRcQbPi9Aw8nB/P8EhAQlc4V9q7BA==","deviceSignature":"GTFnWXwT3/q3+nbYCUfBbHVD/n9f/7VFIrRuPU7XZNXKlwJpQRMi38MBkbmS9QS+KCdDh9fBaISMD+tcVzKhiA=="},"signalIdentities":[{"identifier":{"name":"94701423070:48@s.whatsapp.net","deviceId":0},"identifierKey":{"type":"Buffer","data":"BcU+Xiz1OBBqv5buT0jBfu03SEHx7BkNvT/fy2OCke5Q"}}],"platform":"android","routingInfo":{"type":"Buffer","data":"CBIICA=="},"lastAccountSyncTimestamp":1751786167,"lastPropHash":"3R9Z39","myAppStateKeyId":"AAAAAF2o"}