{"noiseKey":{"private":{"type":"Buffer","data":"UKUMclvM29UNoegvgLO1VYPswAksj8xtDCfwl2xMol8="},"public":{"type":"Buffer","data":"OCs2zD7E4635Ltm3GXICKV2U0DxxjgiSt70s7sQXV20="}},"pairingEphemeralKeyPair":{"private":{"type":"Buffer","data":"0JF7faLdTUDXqK+idGPR7/dae9Kd07i2ySLBh+0HS2k="},"public":{"type":"Buffer","data":"KNWUFcFBweMZvdCtk0qO+qQdOxIdVOmstlaFGjXtcmU="}},"signedIdentityKey":{"private":{"type":"Buffer","data":"ePXaRP0kqe2+43xz6KLFYGLIIRYljg1xH7rOe9wyMWg="},"public":{"type":"Buffer","data":"0ows8LtbGKSeLVK4CKpcox3rOHkLCrHCJTX+Lny1dWc="}},"signedPreKey":{"keyPair":{"private":{"type":"Buffer","data":"CEGVgoRUcO1dnLSU7gmGbA+V7GbdWPbOFXvKbdrcwFg="},"public":{"type":"Buffer","data":"ul5m5GyK3ldkpgS0gWUWA4FYJ/BAQPeRWmP/aoNZ+Tk="}},"signature":{"type":"Buffer","data":"R8OQ3kiMrhf7w9PuKn1mPtkuFfs9CMiyae5EJb4PlbNB3i46q0pTasDiu3LRf3//js6Nbp8tpR+HH3yt9IgngA=="},"keyId":1},"registrationId":79,"advSecretKey":"W0bYuI4W0QXQ2uLQPUpkTSXpsBMQr7xvPLqUA1xMDF8=","processedHistoryMessages":[{"key":{"remoteJid":"94766563394@s.whatsapp.net","fromMe":true,"id":"C23CBB61728402EDF473EE73DB8687CB"},"messageTimestamp":1751787221},{"key":{"remoteJid":"94766563394@s.whatsapp.net","fromMe":true,"id":"B7825CB2F9214F29421392A3043DE8DD"},"messageTimestamp":1751787223},{"key":{"remoteJid":"94766563394@s.whatsapp.net","fromMe":true,"id":"BB887042A407AD7C1D7DC5D0582AD1E4"},"messageTimestamp":1751787233},{"key":{"remoteJid":"94766563394@s.whatsapp.net","fromMe":true,"id":"90E9DCF82977DDA3170DEACE292FB9B1"},"messageTimestamp":1751787242},{"key":{"remoteJid":"94766563394@s.whatsapp.net","fromMe":true,"id":"517DB0190E78CE188981A051D1A93D1F"},"messageTimestamp":1751787250},{"key":{"remoteJid":"94766563394@s.whatsapp.net","fromMe":true,"id":"067909188949A5F8CE2E4C3CFDDDEB6D"},"messageTimestamp":1751787260},{"key":{"remoteJid":"94766563394@s.whatsapp.net","fromMe":true,"id":"B15CEB3690687DBFDEC3BAC1DD444B29"},"messageTimestamp":1751787271},{"key":{"remoteJid":"94766563394@s.whatsapp.net","fromMe":true,"id":"9AED76FC8D661B9F3848BB8106B3A4EE"},"messageTimestamp":1751787277}],"nextPreKeyId":3693,"firstUnuploadedPreKeyId":3693,"accountSyncCounter":1,"accountSettings":{"unarchiveChats":false},"deviceId":"mI89Lj8QQXOvuGo4Oigouw","phoneId":"a5280873-e561-42f1-b083-f85576f99d29","identityId":{"type":"Buffer","data":"/q0Av3YP6ZwfKTRQIQUwWj+tqfo="},"registered":true,"backupToken":{"type":"Buffer","data":"tFaYwIcQ5B45NcDm6+1F1aGoyEE="},"registration":{},"pairingCode":"M2LC52BM","me":{"id":"94766563394:41@s.whatsapp.net","lid":"45815036903525:41@lid","name":"이두와라 다누자 락말"},"account":{"details":"CMuzkT0Qw82owwYYAiAAKAA=","accountSignatureKey":"z2La0D9e24im3bhU82Av6x9N+aYJHiz2Exl9Egj3BBk=","accountSignature":"92sxafyChcX36zSn/ioKFPOpRIXV1+ptAcFizbq4HMNwZeL2UHbWKu08+MaYDB4MGPDWpAxMf9UqmFb6aXvZBw==","deviceSignature":"wl/dOaNpYzBxQpNqbDXDa/IDa0sao037bnZS1z7/aLFJAe/2yctahIkAFGnodxn86kj1NCFHqSv1lwp7XCmkiw=="},"signalIdentities":[{"identifier":{"name":"94766563394:41@s.whatsapp.net","deviceId":0},"identifierKey":{"type":"Buffer","data":"Bc9i2tA/XtuIpt24VPNgL+sfTfmmCR4s9hMZfRII9wQZ"}}],"platform":"android","routingInfo":{"type":"Buffer","data":"CAgIAg=="},"lastAccountSyncTimestamp":1752067846,"lastPropHash":"PWk5B","myAppStateKeyId":"AAAAADGJ"}