{"noiseKey":{"private":{"type":"Buffer","data":"uPoX97h0wgQEYDoWJULyMPBqX+PqGB0PGmSujmzCrEw="},"public":{"type":"Buffer","data":"DQJWB91IyMQUC2GPRULszALs4+rQ7cAP/KLAy0P1jVI="}},"pairingEphemeralKeyPair":{"private":{"type":"Buffer","data":"WPGX7kRpp3EeI4cmCa77wFXWzhqvALJSBKIO8VjnfEc="},"public":{"type":"Buffer","data":"mUyJDtjmtx/gzU5Y+AnQBAfvH5I/wZmRjZ5sHNruBVs="}},"signedIdentityKey":{"private":{"type":"Buffer","data":"yGSqIQGmZPqCKm9J9bcAyPQTr0LRfNY/NKPje0BdaFA="},"public":{"type":"Buffer","data":"2QQUru3HusrTokd8cewM++NkIJi45XgSic6N6uJWUCM="}},"signedPreKey":{"keyPair":{"private":{"type":"Buffer","data":"kGRVQ4A4IfHuZQYQxlR0+IQDaZP2EECE6DrkQXnuV2k="},"public":{"type":"Buffer","data":"iTnfCBdfuBCqyCuU5UdHdhuV1n0IwqWdklsciLedqm0="}},"signature":{"type":"Buffer","data":"zaLgqDgIQyn0VKzv0v01h0JmAC7YqUNSY2Yae8478J13wzZeVKRFQ5UX1ymp50YDKY5Ij3qO8t5+dunKnW0Sgw=="},"keyId":1},"registrationId":166,"advSecretKey":"UoylZ/kgm1HeG0yzuGyW6NZy9EUpc3Hvcg6KzOYs5oQ=","processedHistoryMessages":[{"key":{"remoteJid":"94721207559@s.whatsapp.net","fromMe":true,"id":"4E3B2D7C798F65A1662530C162D7C599"},"messageTimestamp":1752466915},{"key":{"remoteJid":"94721207559@s.whatsapp.net","fromMe":true,"id":"6C077F13700D305A4D1F3E8C788BF00D"},"messageTimestamp":1752466921},{"key":{"remoteJid":"94721207559@s.whatsapp.net","fromMe":true,"id":"23191A4ABFF2D7706D3D35207342FE3E"},"messageTimestamp":1752466977}],"nextPreKeyId":64,"firstUnuploadedPreKeyId":64,"accountSyncCounter":1,"accountSettings":{"unarchiveChats":false},"deviceId":"txFJguWeTMiSXukMPakGDg","phoneId":"74c7d940-b244-45f3-ba45-f5c647c9af87","identityId":{"type":"Buffer","data":"4DbDV6bDQzNn/sJMnVcrAaTL2w8="},"registered":true,"backupToken":{"type":"Buffer","data":"fXp0WSprbPp3GKBxZgFJYmGl5Pw="},"registration":{},"pairingCode":"CHX49TVF","me":{"id":"94721207559:16@s.whatsapp.net","name":"本\n\n当\n\nに\n\n\n\n\n\n\n\n\n赤\n\n\n\n\n\n\n\nい\n\nサ\n\nム\n\nラ\n\nイ\n\n\n\n\n\n\n\n\n\n\n\n\n\n所\n\n有\n\n者\n\n\n\n\n\n\n\n\n\nルクシャン","lid":"266516125712490:16@lid"},"account":{"details":"COOg1oUDEM+L0sMGGAQgACgA","accountSignatureKey":"j06T84y5chTpUr+0NRE74Ys+o92qUjiFQDgpE4NFbxU=","accountSignature":"ofSksrWaA8MY4rA2BG4mVu36I9cGn9yAUZI1LQ00SKoiYJQ+lnm6hEdc7c6OW1pglktL+82YhNrzopNse14WCQ==","deviceSignature":"8Wff1Jwqwd7aTYhkIaPVrJ8R4eJx5ntKT0wD2H82XVIiljmCRGkMkAgPL0XzzNwdcMpXl7tCkITV+7FX1NHBhQ=="},"signalIdentities":[{"identifier":{"name":"94721207559:16@s.whatsapp.net","deviceId":0},"identifierKey":{"type":"Buffer","data":"BY9Ok/OMuXIU6VK/tDURO+GLPqPdqlI4hUA4KRODRW8V"}}],"platform":"smba","routingInfo":{"type":"Buffer","data":"CAsIAw=="},"lastAccountSyncTimestamp":1752466970,"lastPropHash":"PWk5B","myAppStateKeyId":"AAAAAOaC"}