{"noiseKey":{"private":{"type":"Buffer","data":"oOZTrMg/nWDyxA7tV4jNahbRoJXrLcm025IBqhaYc2Y="},"public":{"type":"Buffer","data":"/m6B8am8HPqky5YbehWMIWvf6p6fN0A4XPC0S3gUtmY="}},"pairingEphemeralKeyPair":{"private":{"type":"Buffer","data":"2MdeYIG54C3wBXIRF2Z/t1hWU3Fu7nMA0o9Mi+XQ8Xw="},"public":{"type":"Buffer","data":"i+3+zHMGIlvTVQK1mA7SGhTK6GLiqu6YTeAm2x6e8n0="}},"signedIdentityKey":{"private":{"type":"Buffer","data":"aDKzHiizM35dp2gXIEVclWgaL7HWU0DTYp9S9ZIEHUc="},"public":{"type":"Buffer","data":"/NSDM+jDXeVnTMn9RHIR+Oy3hJbJcEd5e9R6MCtvzic="}},"signedPreKey":{"keyPair":{"private":{"type":"Buffer","data":"KCLFycOhxHALhKAS7wnGYaA1wWBpBEZglLfnn1tHv0U="},"public":{"type":"Buffer","data":"CF86sfRhTS7kxlwgUNkXdJkNEFy4kztEMvCh+FKK/HI="}},"signature":{"type":"Buffer","data":"2FLZ/Tn4ESgtCt2ARziyfKEbemXxYxE/ytM7s9D2y5NjJE5s3ewF4OU+wfC4/US37xPYaX5MACRcweJ9kB4Dig=="},"keyId":1},"registrationId":225,"advSecretKey":"54QcGnPPDJu/CyNJoLPExD7aheIp7QPWf5fVt3YYm8M=","processedHistoryMessages":[{"key":{"remoteJid":"94763865416@s.whatsapp.net","fromMe":true,"id":"94FC7C32D01224017A1AF9E24263DF31"},"messageTimestamp":1751740659},{"key":{"remoteJid":"94763865416@s.whatsapp.net","fromMe":true,"id":"0F03567DB340B728EF562359E38F9D26"},"messageTimestamp":1751740674},{"key":{"remoteJid":"94763865416@s.whatsapp.net","fromMe":true,"id":"1390C8E26B80BD2ACA2B72AE4B01E323"},"messageTimestamp":1751740708},{"key":{"remoteJid":"94763865416@s.whatsapp.net","fromMe":true,"id":"4FF50A767C1CE17D6E2BEA24F1ADA137"},"messageTimestamp":1751740764},{"key":{"remoteJid":"94763865416@s.whatsapp.net","fromMe":true,"id":"5F720A3C159DAE9999E8054D3D997032"},"messageTimestamp":1751740765},{"key":{"remoteJid":"94763865416@s.whatsapp.net","fromMe":true,"id":"CA71EBB0C1C704F467D43C181F5BD649"},"messageTimestamp":1751740810},{"key":{"remoteJid":"94763865416@s.whatsapp.net","fromMe":true,"id":"BB44A5F80D1698A0618D41B0ECFC38D2"},"messageTimestamp":1751740871},{"key":{"remoteJid":"94763865416@s.whatsapp.net","fromMe":true,"id":"EA93EFCD9A85A2DEEDE626BDE666F664"},"messageTimestamp":1751740877},{"key":{"remoteJid":"94763865416@s.whatsapp.net","fromMe":true,"id":"1123F353F2E372475F99929934C433E7"},"messageTimestamp":1751740881},{"key":{"remoteJid":"94763865416@s.whatsapp.net","fromMe":true,"id":"1B674FD65811A4FB2BC71A894D576BA4"},"messageTimestamp":1751740918},{"key":{"remoteJid":"94763865416@s.whatsapp.net","fromMe":true,"id":"42D1D6C42274885EF26EFFB534C702A5"},"messageTimestamp":1751740944}],"nextPreKeyId":59,"firstUnuploadedPreKeyId":59,"accountSyncCounter":1,"accountSettings":{"unarchiveChats":false},"deviceId":"bsJPY9jnT5GLqRndCDg_Vw","phoneId":"5af3bec1-1d5e-437e-b12c-91be328d1b33","identityId":{"type":"Buffer","data":"kwwioXqoYq2Pt73Bl9bsetNkHWU="},"registered":true,"backupToken":{"type":"Buffer","data":"g2vok4217TN12K4zhh8SztwWczU="},"registration":{},"pairingCode":"CEDW6SLW","me":{"id":"94763865416:25@s.whatsapp.net","name":"𝙽\n\n𝙸\n\n𝙼\n\n𝚂\n\n𝙰\n\n𝚁\n\n𝙰","lid":"65812354359402:25@lid"},"account":{"details":"CJqRy+0HEOHhpcMGGAIgACgA","accountSignatureKey":"tqIGfs6jQriy58Od0F4EQfG2/nTnqNh+ZftmeA9dSH8=","accountSignature":"C9oAcmnDh6Hs0NZ4vAxYGz1mkydr4MvOpbRbPeRKBbyCZlqKhgzzyycpQUSZgMCuCTk4uMPy16ZOwR2QdCJ1Dg==","deviceSignature":"SWTUSQ0Qs7ounXUiUl2N2ekUv2jEVKWEdtbsxuScceJEV8fAXkrKslkYKOhg2gwz48cBuNTCPn0x0OeW8KpEgA=="},"signalIdentities":[{"identifier":{"name":"94763865416:25@s.whatsapp.net","deviceId":0},"identifierKey":{"type":"Buffer","data":"BbaiBn7Oo0K4sufDndBeBEHxtv5056jYfmX7ZngPXUh/"}}],"platform":"smba","routingInfo":{"type":"Buffer","data":"CA0IBQ=="},"lastAccountSyncTimestamp":1751740655,"lastPropHash":"2V77qU","myAppStateKeyId":"AAAAAIv8"}