{"noiseKey":{"private":{"type":"Buffer","data":"uPyGKcUBR9YFoiGOKmUNbwmuF88QEIRuqZ59GoBk52k="},"public":{"type":"Buffer","data":"9LmE8Z8W+hlLtGZRXupW04SQb+952JYVJqwg6w6JFHQ="}},"pairingEphemeralKeyPair":{"private":{"type":"Buffer","data":"WCgtcUWxoXtwBv4/Svl2cfk0jgfpVRCeKLM5yDJRaVo="},"public":{"type":"Buffer","data":"+Vr7XbJIBYN9XFSwvxftRxcF84etA6OZgZfaiLRBqnY="}},"signedIdentityKey":{"private":{"type":"Buffer","data":"IJfCJalofwz9BBkeIw6trMHT7AlDQKdniPUUHY9V/0I="},"public":{"type":"Buffer","data":"UcPFYu/DNWlf5ZvaaW86bVgzhgV57QJxLTx1yBZIVmw="}},"signedPreKey":{"keyPair":{"private":{"type":"Buffer","data":"APYBGoyr/2FSlMajedwKCs4+/xfVd0YhLOW9z3oX+Fs="},"public":{"type":"Buffer","data":"I9DgpeBlw2k+T8UwCezhmZUOqRuIIgvSeZEqhNXVgh8="}},"signature":{"type":"Buffer","data":"lG7Ksrpd5Yf2RX7eKDpnmemnzAVHK19oiwwnI4HWySTXrSmsGYutbMXrHoMuStpUBBxjbaO0HxNsj3UgWktvgQ=="},"keyId":1},"registrationId":78,"advSecretKey":"JxHnKIvZ5QIE4zHsnCaeUM9+cXI7folBJnJ+Qb2yl/I=","processedHistoryMessages":[{"key":{"remoteJid":"94740391168@s.whatsapp.net","fromMe":true,"id":"36878D2D9C81DD99E26191BDFFD2E6C7"},"messageTimestamp":1752298386},{"key":{"remoteJid":"94740391168@s.whatsapp.net","fromMe":true,"id":"DB3141AF2857B98FC55D2396A5AA94FB"},"messageTimestamp":1752298386},{"key":{"remoteJid":"94740391168@s.whatsapp.net","fromMe":true,"id":"23ED2310DAA80B62648693DA9D2CA302"},"messageTimestamp":1752298388}],"nextPreKeyId":164,"firstUnuploadedPreKeyId":164,"accountSyncCounter":1,"accountSettings":{"unarchiveChats":false},"deviceId":"D3vXC3RLQsWBpW0UkKgKzA","phoneId":"36efb2dd-c2d7-408c-b9c7-1ce35817f373","identityId":{"type":"Buffer","data":"yQDho+w2MEoOpjSo4zZPNP5R+Vk="},"registered":true,"backupToken":{"type":"Buffer","data":"L/QGuACPEBwIKRxVzbdEK8a/3Ww="},"registration":{},"pairingCode":"82NT7JFE","me":{"id":"94740391168:4@s.whatsapp.net","name":"Sad","lid":"77889852682340:4@lid"},"account":{"details":"CPCe0/oEEILnx8MGGAEgACgA","accountSignatureKey":"64LVnNyUNT1KP3Hy3g25izmK8AB3pJvji+IkmCTUlAU=","accountSignature":"IvVXP9ioFx4l6/7/P1pgY6mLZtVjPVDI41W7BUmBQVKDSplMvmL3DB4LKcb5K2/NCCYeUN7EgM6vVCgsLzEeCw==","deviceSignature":"VEq1QIxW+4i7LeZsuXKSkR2lZK94Tx4+Mdv4aHhcjGVjpr3Kl5NAj7rftY+1kOeQtPjPNsPjDm3LSLg5haVciQ=="},"signalIdentities":[{"identifier":{"name":"94740391168:4@s.whatsapp.net","deviceId":0},"identifierKey":{"type":"Buffer","data":"BeuC1ZzclDU9Sj9x8t4NuYs5ivAAd6Sb44viJJgk1JQF"}}],"platform":"smba","routingInfo":{"type":"Buffer","data":"CAUIAg=="},"lastAccountSyncTimestamp":1752305574,"lastPropHash":"PWk5B","myAppStateKeyId":"AAAAALZj"}