{"noiseKey":{"private":{"type":"Buffer","data":"gAGIYu1W/9sLrMxBBYfhPTaxeiervLdA9cxhTvUTaGk="},"public":{"type":"Buffer","data":"cLuUX00zR79n6Oe3n2jgxCe8VjA1X23xdlUDfM3o1iE="}},"pairingEphemeralKeyPair":{"private":{"type":"Buffer","data":"wPfsOs6PRNc8qsshIy9xNyhZo5yW0InTrgidxsX4C2c="},"public":{"type":"Buffer","data":"YI1RHmEi/O0hdtVs35q9wvWCEmgFZ85lgQ+KK1VLmGA="}},"signedIdentityKey":{"private":{"type":"Buffer","data":"QH5Dn7OBhkLE7TR+IeeS2cznXtEwuC+qXw3kvGvcRU8="},"public":{"type":"Buffer","data":"RL5bsvQL57y0SbjhscQ4E3PjafURzDlW5bggsXwt0W8="}},"signedPreKey":{"keyPair":{"private":{"type":"Buffer","data":"eDRn08XnLyhLyH1OVvdlZR1faTK0CDxiypNrRMWuSn8="},"public":{"type":"Buffer","data":"q4L15rVa2/tZOscGxDhweVR/LxHWwMyRfcRh0O1V2GE="}},"signature":{"type":"Buffer","data":"bgIBZUyAU01aERzZ8kKAjf/gTrJ2sJnRx4dUxvC05oWrugoP8YykxAUrXuumm3n+78hayB/NVKmKWLxSsbeKBQ=="},"keyId":1},"registrationId":4,"advSecretKey":"/SgQtNYtecMSmF5SQoxPzu5RikuAc5cwntnaBwaCukQ=","processedHistoryMessages":[{"key":{"remoteJid":"923103253019@s.whatsapp.net","fromMe":true,"id":"ECD28A3E3769762FC3040408F444D60A"},"messageTimestamp":1752563648},{"key":{"remoteJid":"923103253019@s.whatsapp.net","fromMe":true,"id":"6EF99FB041A9ABD5BC2EA51F4D2BD6A0"},"messageTimestamp":1752563648}],"nextPreKeyId":31,"firstUnuploadedPreKeyId":31,"accountSyncCounter":1,"accountSettings":{"unarchiveChats":false},"deviceId":"nXzNLoKSSKW4IUHuJCRFrA","phoneId":"4c5a7fe2-9511-4cd6-8144-f89e6b2bb51d","identityId":{"type":"Buffer","data":"xSDyNvNR0hd9+zsIo1NgfkMIe54="},"registered":true,"backupToken":{"type":"Buffer","data":"cJ1WPTg51f1/9nQKROp80BA/IQQ="},"registration":{},"pairingCode":"M38BPSN2","me":{"id":"923103253019:3@s.whatsapp.net","lid":"84946517512339:3@lid","name":"."},"account":{"details":"CJXsz4MBELD/18MGGAEgACgA","accountSignatureKey":"YgjsF3D+MXyT4A+P8q+8OQdXGdseb+F6FIB5Sxf/Kng=","accountSignature":"ZcaOQ3YlVi+MWZlGCwyEPKMJJwZcuAbg6cKwepgTTuENxXwtAvLiz/lG8Qn8r5nri9Rypef1Cuf7BzBGq/kZAQ==","deviceSignature":"/86C+/fdCoxRv23rsXiNvo+kcG2El5E56EDtFj5bUmiNTAJJOvzrSPIuZJLFe1fWC6IydRAD34vU//CEDTOIAQ=="},"signalIdentities":[{"identifier":{"name":"923103253019:3@s.whatsapp.net","deviceId":0},"identifierKey":{"type":"Buffer","data":"BWII7Bdw/jF8k+APj/KvvDkHVxnbHm/hehSAeUsX/yp4"}}],"platform":"android","routingInfo":{"type":"Buffer","data":"CAMICA=="},"lastAccountSyncTimestamp":1752563645,"lastPropHash":"3R9Z39","myAppStateKeyId":"AAAAAFAW"}