{"noiseKey":{"private":{"type":"Buffer","data":"CHJ8Myh33fzTN4IPopvDB3UIi8txGaMfYSeECJTDC2Q="},"public":{"type":"Buffer","data":"znRHiRNElNhdpKgM7W2uXGLC0sZdNwV+LD3vCdSHxUE="}},"pairingEphemeralKeyPair":{"private":{"type":"Buffer","data":"uAjw3UAYTgL3j1QLL8Cm/17MfxA9DiN7+0rpYIQAW3M="},"public":{"type":"Buffer","data":"0EBrGjjn7pCyK5pgWZa/X3A107zv2g/Wd8NpV7kv/GU="}},"signedIdentityKey":{"private":{"type":"Buffer","data":"YDUid4kiA8gMIsQgX5mDwj9a6uunHBhw6e/uqbvxBGQ="},"public":{"type":"Buffer","data":"tCoopT27anKVLA9UCIn+yiPGeN3gc0LQtXVePEbHl3g="}},"signedPreKey":{"keyPair":{"private":{"type":"Buffer","data":"sEO0HE5uRg60JHoc8CjjS8EQ6tHMG/2xxw3+p/bzllM="},"public":{"type":"Buffer","data":"yE7qxlAA5y4WTn2KPro+/S1cYkjY1fibjR+Mz3QMHBA="}},"signature":{"type":"Buffer","data":"fjbvvDdiC81FuL0+LT6RqLzHB5Otz4NmYdUpA0je26ruuw1s9HZJU/R656cVlEzK3R7Xa3jGwaQgqNnHqOh/hA=="},"keyId":1},"registrationId":174,"advSecretKey":"JqK1CWqz2hj/4yRB7mpz2UG2ABy+Su5VHmxL/XIL4Oc=","processedHistoryMessages":[{"key":{"remoteJid":"94769759862@s.whatsapp.net","fromMe":true,"id":"C6663ADCA3298DB709A1BAA60A38D247"},"messageTimestamp":1752383646},{"key":{"remoteJid":"94769759862@s.whatsapp.net","fromMe":true,"id":"8AB54485EA1A4ADFCC98321BE2C7BA52"},"messageTimestamp":1752383700},{"key":{"remoteJid":"94769759862@s.whatsapp.net","fromMe":true,"id":"7FFEC927306DD39E65475274EA43CF1F"},"messageTimestamp":1752383737},{"key":{"remoteJid":"94769759862@s.whatsapp.net","fromMe":true,"id":"EE68367A4CACFA059138466C181BF11E"},"messageTimestamp":1752383750}],"nextPreKeyId":1145,"firstUnuploadedPreKeyId":1145,"accountSyncCounter":1,"accountSettings":{"unarchiveChats":false},"deviceId":"PcCLOoJESQGMdisVmpnOhw","phoneId":"a100eadd-7b5b-423f-853f-5c66bc371b76","identityId":{"type":"Buffer","data":"vY45lmNuGu7FOUiy9kNbpF5BdcY="},"registered":true,"backupToken":{"type":"Buffer","data":"D79zvd4wnxFuLrfvFRQ7hjeegCg="},"registration":{},"pairingCode":"DSQ9WDTS","me":{"id":"94769759862:16@s.whatsapp.net","name":"수담   라시드  붓브  구마르","lid":"115625267617859:16@lid"},"account":{"details":"CK+x4c4HEIiBzcMGGAIgACgA","accountSignatureKey":"j8klHNy18i2a93Q8zATfN1Pm7bqZIF6O6wF67yBkXUo=","accountSignature":"oICtS9KOtuiDOmmmzTQBA9yVoAl3hFTzIGRsPbZ+Zlpd7u7w3wzt+CjnFe1GhM9TsygUjYGuRcEVIIoUExRzBA==","deviceSignature":"/WWGO26DP81UTbmsK5l3EGcr3AYSQcRCd04itFlu1ImfO5p+HqOTOEZLG1bj6yvHlhiztzRokWAJxOUUJGuXiQ=="},"signalIdentities":[{"identifier":{"name":"94769759862:16@s.whatsapp.net","deviceId":0},"identifierKey":{"type":"Buffer","data":"BY/JJRzctfItmvd0PMwE3zdT5u26mSBejusBeu8gZF1K"}}],"platform":"smba","routingInfo":{"type":"Buffer","data":"CAUIDQ=="},"lastAccountSyncTimestamp":1752414602,"lastPropHash":"PWk5B","myAppStateKeyId":"AAAAAIcZ"}