{"noiseKey":{"private":{"type":"Buffer","data":"2JITWdw4wuUmPfj8mr/HK8P/J7i28OVsjPm4YHDk+2k="},"public":{"type":"Buffer","data":"gxA9Ijm9G1Hwhyi6O+u3XnFZx5/ez0qZ6ZyrO4kPPWg="}},"pairingEphemeralKeyPair":{"private":{"type":"Buffer","data":"GEFeYKm6ZTcZaLcKtLNF7W793d/rYxXPSr8tYUj6lH8="},"public":{"type":"Buffer","data":"PNHmDtP79HjdQzvxipot5PCDNZBpJ9rYZeOnwOTgY2Y="}},"signedIdentityKey":{"private":{"type":"Buffer","data":"OJpqzgnjqFkhPsilurRg9YUDkZi1oUh2XTXmSEugm2Y="},"public":{"type":"Buffer","data":"Uueqb5DgNS4kNYALtK98BR2dtPYGrkeOl3/+KzoD2n8="}},"signedPreKey":{"keyPair":{"private":{"type":"Buffer","data":"+Juk03cM6DX0v9Qxolp2qLtolZ36bN8GvUfbWmSOI0A="},"public":{"type":"Buffer","data":"W8RRinY1ubB+q8FhmxKsIeYQ2safnLGwchYTtZdpJwU="}},"signature":{"type":"Buffer","data":"WHx30qVHApYu/JdBNnCd/QlxUHUYoD3XdN93ZgYns+N3ak3laD43i5WhflgvsUt18wH475ttRpGdCAiZX/6xDA=="},"keyId":1},"registrationId":195,"advSecretKey":"6LhsqPRcPD7o8oSUgyzU5hs4mkNCj3P78m56bmf68ig=","processedHistoryMessages":[{"key":{"remoteJid":"94762518759@s.whatsapp.net","fromMe":true,"id":"C29BD26E92294016A0B9376D5E67540F"},"messageTimestamp":1752383540},{"key":{"remoteJid":"94762518759@s.whatsapp.net","fromMe":true,"id":"1F61ECFC59DC49D1E87AB9D3DBCFDC0B"},"messageTimestamp":1752383540},{"key":{"remoteJid":"94762518759@s.whatsapp.net","fromMe":true,"id":"F0826258C670146104D32469246C41C2"},"messageTimestamp":1752384445},{"key":{"remoteJid":"94762518759@s.whatsapp.net","fromMe":true,"id":"276011B367FA6587A34B6B4210AAF8EA"},"messageTimestamp":1752384487}],"nextPreKeyId":646,"firstUnuploadedPreKeyId":646,"accountSyncCounter":1,"accountSettings":{"unarchiveChats":false},"deviceId":"YDmq1IauRceawS6KveOalQ","phoneId":"7d6549af-415b-414b-a346-160e5bfd0d03","identityId":{"type":"Buffer","data":"XLXraNWH0IUhJKqL4XqLnh8qrmo="},"registered":true,"backupToken":{"type":"Buffer","data":"ukBwCLQ8jFKCpT6IN0GSjEkT8lY="},"registration":{},"pairingCode":"1CFZ29DL","me":{"id":"94762518759:5@s.whatsapp.net","name":"ᴅᴄ ʟᴏᴋᴋᴀ","lid":"140257072816381:5@lid"},"account":{"details":"CKyAyK0HEO3/zMMGGAMgACgA","accountSignatureKey":"XRW3gC7V+3RJzeF10Y1F7Fc6Ts9Ctxt8NovA7kBmJGo=","accountSignature":"vS8Eth7nYs8Pgn9irOOvAq2AYkffrNz0trmAxNt4Ph9WI7SbpybPRBwQrb/vAcCUV5G6wE1A7IU+fhELGv9VBA==","deviceSignature":"QMi3EtJEOSbD2Ik7XeTghR2YvOAbpWrb3kQ5yYuajT2ByXjsLEEIYBwYzD+vEGu6PVdQltZCHhWl9yr4KQapBQ=="},"signalIdentities":[{"identifier":{"name":"94762518759:5@s.whatsapp.net","deviceId":0},"identifierKey":{"type":"Buffer","data":"BV0Vt4Au1ft0Sc3hddGNRexXOk7PQrcbfDaLwO5AZiRq"}}],"platform":"smba","routingInfo":{"type":"Buffer","data":"CAMICA=="},"lastAccountSyncTimestamp":1752412705,"lastPropHash":"3R9Z39","myAppStateKeyId":"AAAAANKI"}