{"noiseKey":{"private":{"type":"Buffer","data":"KCswkfOIG5S33ptuCqRwA2AcYGK5Eo+edJ0ua4kWonY="},"public":{"type":"Buffer","data":"N8kmfLBRgt8wqSNNVRANBoHVlCXTxQpcSWJmzgiaNFY="}},"pairingEphemeralKeyPair":{"private":{"type":"Buffer","data":"kIu32VoNERKueJ37JHlMztRfWk0RieZjJ7BYxFlOAVg="},"public":{"type":"Buffer","data":"mCcnKT7fjTRVb66sJ1grSjqNabhMAG530rrwhLuSL1Q="}},"signedIdentityKey":{"private":{"type":"Buffer","data":"kJHzqtFGJM+2yvrDaJxnI4o816OzRtDPPt5YxfDBVnY="},"public":{"type":"Buffer","data":"klqyswrIfxOmKxLFv1IczwI8kgi2V8/aaPyFtx2IEFY="}},"signedPreKey":{"keyPair":{"private":{"type":"Buffer","data":"OL+9xoxfP/TCCO7IOpklLNmS8cvR4zZxdz7rcfLC0l8="},"public":{"type":"Buffer","data":"6TUOZkWPAbIag2MY/Wx1QtPRLF2T02mVpsc5GohQjU4="}},"signature":{"type":"Buffer","data":"On0XjY03vhBRtzjz3PqmDP8/HFrruySHMKwtBLIgsOGOXWRv2MBoKZ1KeHiRoQWKvUjfdX3LM9wmWYCgFBY6jA=="},"keyId":1},"registrationId":22,"advSecretKey":"Mtf6y8vH3i4HCbcWSP5DWoXAI1KN5v2U2DGoop30zlM=","processedHistoryMessages":[{"key":{"remoteJid":"94742562652@s.whatsapp.net","fromMe":true,"id":"68357CBDA29CF7AB7A6693D5D3900607"},"messageTimestamp":1751779167},{"key":{"remoteJid":"94742562652@s.whatsapp.net","fromMe":true,"id":"8E7F250B1A60FF43315EAA390F4794C9"},"messageTimestamp":1751779168},{"key":{"remoteJid":"94742562652@s.whatsapp.net","fromMe":true,"id":"3F47A163FB02D1812FF1465E9E2D6C06"},"messageTimestamp":1751784512}],"nextPreKeyId":197,"firstUnuploadedPreKeyId":197,"accountSyncCounter":1,"accountSettings":{"unarchiveChats":false},"deviceId":"OjIr0gsfSqKsSrDGMz063Q","phoneId":"06b26003-f335-4cb8-9c47-b17de024a7dd","identityId":{"type":"Buffer","data":"TZRuNm0I7kgxOub17xzjhbOmaRY="},"registered":true,"backupToken":{"type":"Buffer","data":"xbTE9wp6GZSLL3PJFAGb35/Q+98="},"registration":{},"pairingCode":"Q94FJNCF","me":{"id":"94742562652:44@s.whatsapp.net","name":"පැන්ච","lid":"182618318458882:44@lid"},"account":{"details":"CIGIn9kBENCOqMMGGAkgACgA","accountSignatureKey":"FU6IBFJnHQoZCAgjzm7pBj3aLESjUztPWTrq6JqiQAE=","accountSignature":"EkxP+LQhbFL/J0nCMtgq6PVrp5x8rCkvzdDTqhL77Gi3IfMiS//UPNH/sd2tdRWNuwIRW41KTJ/4dd7FDfsZDw==","deviceSignature":"uEvGyR2Prdtvlwuo9b+Ji3zotsyLfCMi+LJnn+sRV6U6zMtPM9g7Mc4BSrP3eGzvb1lpwf747p4Se/y8bLsUgg=="},"signalIdentities":[{"identifier":{"name":"94742562652:44@s.whatsapp.net","deviceId":0},"identifierKey":{"type":"Buffer","data":"BRVOiARSZx0KGQgII85u6QY92ixEo1M7T1k66uiaokAB"}}],"platform":"smba","routingInfo":{"type":"Buffer","data":"CAUICA=="},"lastAccountSyncTimestamp":1751787468,"lastPropHash":"2V77qU","myAppStateKeyId":"AAAAAAYO"}