{"noiseKey":{"private":{"type":"Buffer","data":"CFOo/s2NTlHYhEJSG9ZHt+/ZqvLmIr3YLsrBnQcDcnE="},"public":{"type":"Buffer","data":"2UTVla7lSzoKtp8zDMUxWDLS7l8iC8zR+jR5SqWiFgc="}},"pairingEphemeralKeyPair":{"private":{"type":"Buffer","data":"+G1lL7beW6pmhDsyMJ77WEE8XqAMrgDlkk1m97+B+lY="},"public":{"type":"Buffer","data":"2lbBW87ucsyy2SDQQ3oQtj9Yy319FjNx3RI9sf5oR3U="}},"signedIdentityKey":{"private":{"type":"Buffer","data":"gJkkyfPJz1BICYDLf2T5UxbXvslm+AKp3LGFSIchiVs="},"public":{"type":"Buffer","data":"sDcx8ChqCrhUFHwIYnWpXjegcPoQAu/LjanZe0kgrnQ="}},"signedPreKey":{"keyPair":{"private":{"type":"Buffer","data":"0Hvmi4NhFT3qjnIeR3isTZNkVoNLkG7qsZJXRVc42Fw="},"public":{"type":"Buffer","data":"hHv3hXjwtG9D1iDb9Q4fjSNh5Fb9lgUFaO8CFDFHTSo="}},"signature":{"type":"Buffer","data":"5Mk0/MSCG7CcgNNpm/GVcsf8RtlpjmPguYUZEpvj/Z/3tMnj08tVIiYgTGUKBdAneZQSat5xhrqF75I7C/Huiw=="},"keyId":1},"registrationId":31,"advSecretKey":"U8Lnk6DwKe27cGbrayKRnM0IbLD90ceikBaU1fLBqwI=","processedHistoryMessages":[],"nextPreKeyId":1,"firstUnuploadedPreKeyId":1,"accountSyncCounter":0,"accountSettings":{"unarchiveChats":false},"deviceId":"6H0qRsAQTouV2aT1X5B35g","phoneId":"1bc09766-68f6-4b66-8eb5-55b6978c5237","identityId":{"type":"Buffer","data":"T4wfYiwPnODakLThL/tfD1JwuSY="},"registered":true,"backupToken":{"type":"Buffer","data":"nfGdVMZT5mlJgoPKFeJZtUu8en4="},"registration":{},"pairingCode":"KEX1PPHF","me":{"id":"94779208701@s.whatsapp.net","name":"~"}}