{"noiseKey":{"private":{"type":"Buffer","data":"gHg916vWfcNR8CRCmSwQT+t/2+3Cz5vOdmwwtHCao0c="},"public":{"type":"Buffer","data":"8gyFTmc8wGsAKVIzI1j5+4TIn6eXL8dZy253rpWx/Sw="}},"pairingEphemeralKeyPair":{"private":{"type":"Buffer","data":"oEz1z4V/CH1n1S7+0dsDo6GQzgKmclSLIdkdlKjemHc="},"public":{"type":"Buffer","data":"bu7AE8hlhWG49wydDWgDkgSHL7siHnGg8m8R+MYGIXg="}},"signedIdentityKey":{"private":{"type":"Buffer","data":"OD2KmUaHIReFTzEKrc62p01nUx76ASOl1+qn+B/wgkM="},"public":{"type":"Buffer","data":"nrd1m9ehc302sTGHWFPMJxK4DCBBYtvk2YpmMmVENkI="}},"signedPreKey":{"keyPair":{"private":{"type":"Buffer","data":"gKDSUXiZuM3OpCFr7XK1sTiheYfbo6QDZPMwV0FOzng="},"public":{"type":"Buffer","data":"m6K02Rc7nh5/5v7dnSVaQOkndu9lqAnZ5Z1cnNa6/y4="}},"signature":{"type":"Buffer","data":"163ZKiif5YL5lPh6YE7zT1z6iho/dHLlB5NulB1N6i/iMiCM/gc9iKrg2OWSPzypTueZh82bbW6QoL4wY59GiA=="},"keyId":1},"registrationId":184,"advSecretKey":"4bbzRXgTN5aEAKzw0tDGrBZyJJQQC0krDwdXBUqCLyo=","processedHistoryMessages":[{"key":{"remoteJid":"94713787951@s.whatsapp.net","fromMe":true,"id":"8BDAA399918A8A99BDDD0DA8ADC71355"},"messageTimestamp":1751973720},{"key":{"remoteJid":"94713787951@s.whatsapp.net","fromMe":true,"id":"338E90610E4B63B72A54C8E243055964"},"messageTimestamp":1751973827},{"key":{"remoteJid":"94713787951@s.whatsapp.net","fromMe":true,"id":"DA7C44FD96424402FACF71AF9FC1FB1F"},"messageTimestamp":1751974322}],"nextPreKeyId":216,"firstUnuploadedPreKeyId":216,"accountSyncCounter":1,"accountSettings":{"unarchiveChats":false},"deviceId":"8NdaT6BTTxK0j0Ju4tWqAw","phoneId":"ef4befb1-df8a-43c4-b02f-01693831fcd8","identityId":{"type":"Buffer","data":"lQokrsTYaDhaciD5yf/mok4lLjI="},"registered":true,"backupToken":{"type":"Buffer","data":"lJ96+w7lhrcYq+mDlpQmOPTRcUw="},"registration":{},"pairingCode":"V77CL3MP","me":{"id":"94713787951:45@s.whatsapp.net","lid":"43606870093883:45@lid","name":"Thihan Dewanmina🫟"},"account":{"details":"COuTv4MHEJX+s8MGGAEgACgA","accountSignatureKey":"ift/bZ3w7T+Z3JNxZsHbspAoZzXJWuoe72WHOwFFSF4=","accountSignature":"EYIExWVRdxmkRa5CkRX0qxvEgcQfOTnrgBgBOgfhGdyvXjOUEVVxT1bJbIQwGEFXRCxygtMoTZPzkf/4ZMhrDQ==","deviceSignature":"kc8THbGl4BXuXYu+rLM1iAhY/lTManv5eGtjxzbIhfwht1JjQCe4Z/zTKLIZwm38/C2vCIvyCrQLPpDtQmzIjQ=="},"signalIdentities":[{"identifier":{"name":"94713787951:45@s.whatsapp.net","deviceId":0},"identifierKey":{"type":"Buffer","data":"BYn7f22d8O0/mdyTcWbB27KQKGc1yVrqHu9lhzsBRUhe"}}],"platform":"android","routingInfo":{"type":"Buffer","data":"CAIICA=="},"lastAccountSyncTimestamp":1751973665,"lastPropHash":"1K4hH4","myAppStateKeyId":"AAAAAK4v"}