{"noiseKey":{"private":{"type":"Buffer","data":"eK1sQUfp5hoC62A0pnHjg4dKsc7BTNnw+3Xvqp5taWE="},"public":{"type":"Buffer","data":"8Zo8XGaUERrBz25W/MhaD4ESEvAwg3MCymtCRum4E08="}},"pairingEphemeralKeyPair":{"private":{"type":"Buffer","data":"iBM1p+pkb6IeOCk5/z6Oj18Z8nbyzhGtkC4tML2GsUM="},"public":{"type":"Buffer","data":"sP0sXrZ7W8+R0b9dwVDwcSzSWMlTIZb/saQRIwak8Hk="}},"signedIdentityKey":{"private":{"type":"Buffer","data":"cI1rd2H/G0BocJzOKdKotRqhVQKzfSBG/DRGDtB+uWM="},"public":{"type":"Buffer","data":"POfpkuzwZp1Sfe589Lg2zVhG1+HxwAi7W6iGi0AZyjc="}},"signedPreKey":{"keyPair":{"private":{"type":"Buffer","data":"+I6BSOzG/SOCNrBfS05o04rZH2EHWHTI+U6jOoOJQmU="},"public":{"type":"Buffer","data":"ojU/X4QiA2imsx6jUFUdCrqwtspwi+xDYv8ULyRdCxI="}},"signature":{"type":"Buffer","data":"flUlVYc7D6/8C7YH/J/51AObzQ02cvshlMcfzY3Mn/0b8LVj0AovVALL6yRVrIAbQWtqs8bcoQ7Lb+5dUS8Ygg=="},"keyId":1},"registrationId":122,"advSecretKey":"pTvLg0DaiZhLO/goGJDR0xhY6FqRMtwUx8w89wVCK1Q=","processedHistoryMessages":[{"key":{"remoteJid":"94756070462@s.whatsapp.net","fromMe":true,"id":"AED036B4E825E57413E065A6A9505AA6"},"messageTimestamp":1752343078},{"key":{"remoteJid":"94756070462@s.whatsapp.net","fromMe":true,"id":"A3414221B0E78BF293A292E873038CAC"},"messageTimestamp":1752343099},{"key":{"remoteJid":"94756070462@s.whatsapp.net","fromMe":true,"id":"DA039610D7AB7622DC385FD95A1CF6CB"},"messageTimestamp":1752343181},{"key":{"remoteJid":"94756070462@s.whatsapp.net","fromMe":true,"id":"C2A6BE2E1CC50381C4E9B4301CD0E06C"},"messageTimestamp":1752343245},{"key":{"remoteJid":"94756070462@s.whatsapp.net","fromMe":true,"id":"1EE499F8D8556340D078406DC8F865B9"},"messageTimestamp":1752343341},{"key":{"remoteJid":"94756070462@s.whatsapp.net","fromMe":true,"id":"6D97725029154C9E9F46BC16FCA3E63E"},"messageTimestamp":1752343406},{"key":{"remoteJid":"94756070462@s.whatsapp.net","fromMe":true,"id":"0225C376C76E747D48AE4617F0B5EB6C"},"messageTimestamp":1752343510},{"key":{"remoteJid":"94756070462@s.whatsapp.net","fromMe":true,"id":"A0D161819E00FF0EDC99CFA1C364E734"},"messageTimestamp":1752343627},{"key":{"remoteJid":"94756070462@s.whatsapp.net","fromMe":true,"id":"BA60DB61BA2B16728A2B529A5E7DE8FA"},"messageTimestamp":1752343689},{"key":{"remoteJid":"94756070462@s.whatsapp.net","fromMe":true,"id":"6A340A28F634C0B85B3EF677DF2861A9"},"messageTimestamp":1752343807},{"key":{"remoteJid":"94756070462@s.whatsapp.net","fromMe":true,"id":"4C211A2C67C1C2FEE0B5507BDBCEA391"},"messageTimestamp":1752343891},{"key":{"remoteJid":"94756070462@s.whatsapp.net","fromMe":true,"id":"9193999CEC7E964EFE1AA6E3C880BA09"},"messageTimestamp":1752343936}],"nextPreKeyId":663,"firstUnuploadedPreKeyId":663,"accountSyncCounter":1,"accountSettings":{"unarchiveChats":false},"deviceId":"GCsf0wgdScOVgO2AWcZ_TA","phoneId":"824faaa0-61a9-4ae2-99fe-e27e7f87aa2b","identityId":{"type":"Buffer","data":"Ag1IsBFJK8UVLsqLRgolUtiijf4="},"registered":true,"backupToken":{"type":"Buffer","data":"i8k10bcUGS1U+atss7dUpdDvTpY="},"registration":{},"pairingCode":"M786WZW7","me":{"id":"94756070462:18@s.whatsapp.net","name":"Noxie 404","lid":"149242110849271:18@lid"},"account":{"details":"CPzkjL4FEPjDysMGGAQgACgA","accountSignatureKey":"wW8qjm2/qShq8Q5Yce9I7M0i6Vusr68NZ7WJ0JhHFys=","accountSignature":"IrVfn+Ztf00nfHHiqdcegohmayeRenNkIoESkM1CXFTH8MBSY4U/m8lWvfeTSzFLmDkoS0d0wTldpkN2coapBQ==","deviceSignature":"xa0sPd+NPXa9GS3j3gpp6sV5LSwSrVyfzfpjfLJEJJs8qX1HjtKQc2tZRDC0KatfDKunr/6nLxjJf/cs7nBIgQ=="},"signalIdentities":[{"identifier":{"name":"94756070462:18@s.whatsapp.net","deviceId":0},"identifierKey":{"type":"Buffer","data":"BcFvKo5tv6koavEOWHHvSOzNIulbrK+vDWe1idCYRxcr"}}],"platform":"smba","routingInfo":{"type":"Buffer","data":"CAMIAg=="},"lastAccountSyncTimestamp":1752350577,"lastPropHash":"3R9Z39","myAppStateKeyId":"AAAAAF5W"}