{"noiseKey":{"private":{"type":"Buffer","data":"wEwP18DzvkYS8kdU40EXaYqepA1amgadNMr+nqBCM0Y="},"public":{"type":"Buffer","data":"MmhGmHPCjhH5JgrEb5MfVRetGFGnkLTI+tLUg22IHBw="}},"pairingEphemeralKeyPair":{"private":{"type":"Buffer","data":"UIFOdb0I7/2B/4wJUCpXb/jUxMAUJcUn+ibzPo0pL2I="},"public":{"type":"Buffer","data":"CKmOnTH7tdDh0WADJZvJXcWJ+br1SoJc+tcd0YdCJ24="}},"signedIdentityKey":{"private":{"type":"Buffer","data":"eMPZAvF5UNbfa7v1I2R32vlWrSI7Rxf5A22ifQsOwEE="},"public":{"type":"Buffer","data":"VxQNW8oliltpkgBMJbKPq/sdPw3QktDpILbZ0P08ZDA="}},"signedPreKey":{"keyPair":{"private":{"type":"Buffer","data":"YJp7j/Ul+SdpPoLzIFRuHkdaoJtMmlILD3/o48SoOn0="},"public":{"type":"Buffer","data":"L3zh9IRBz3Qj+iDBozbpA2jUYh6Mo6eu0mypATSE3lw="}},"signature":{"type":"Buffer","data":"Gwt2LT7Qvmvy1mC9n8qg9An06DuEao4I6kLzWRV1KrMv+G8Pad66CcClgosbT+A5MPJ+X7yynmWyCQfveNSEDA=="},"keyId":1},"registrationId":196,"advSecretKey":"oInHYNbNJL80ddsvI9Ej5mh29NMZVNPWbaxME/L+Wgs=","processedHistoryMessages":[{"key":{"remoteJid":"923357010910@s.whatsapp.net","fromMe":true,"id":"6A651FC2997466306C9CFFFEA3F65052"},"messageTimestamp":1752376461},{"key":{"remoteJid":"923357010910@s.whatsapp.net","fromMe":true,"id":"96EEE5030AD9179B63E8B96B47206742"},"messageTimestamp":1752376461},{"key":{"remoteJid":"923357010910@s.whatsapp.net","fromMe":true,"id":"DA3DFECA4485A2CDBB5BE39EDD659E51"},"messageTimestamp":1752376490},{"key":{"remoteJid":"923357010910@s.whatsapp.net","fromMe":true,"id":"56E619751B0CB86C4AE0937EC2863513"},"messageTimestamp":1752376508}],"nextPreKeyId":1213,"firstUnuploadedPreKeyId":1213,"accountSyncCounter":1,"accountSettings":{"unarchiveChats":false},"deviceId":"jKC_0WUnQpW8wWRgapok7A","phoneId":"f9d6fc44-8e27-47ac-be17-ba5df03532a5","identityId":{"type":"Buffer","data":"OhpZFt2uR1vjfEKH0TfgHHxevO0="},"registered":true,"backupToken":{"type":"Buffer","data":"MM+Px4d40qTxl+K6B/4IKbDM0ig="},"registration":{},"pairingCode":"P3XYCQYM","me":{"id":"923357010910:12@s.whatsapp.net","name":"Zain khan","lid":"37997810585647:12@lid"},"account":{"details":"CJy+ov0HEO3IzMMGGAQgACgA","accountSignatureKey":"ABb/Jcda0RF3OK/sGeuvh6a+Rh9WbTCEnaAmev8Jeyw=","accountSignature":"r6vR1fNv+CxpqqaqLux9ENbfVolUBAHOk14ty2NhKQ17Ox2T5R0hWAa0DkH+RGyzi/8jZsRrysdPq9NdmqObAA==","deviceSignature":"P7Z4r0W1PjaqgmQg1ZUoF7PDXZCNjurgk26w1M8xrUJZ1poGK1QhawQ/p4QIfstjKbP8jJKnJmupS45DaDnjBw=="},"signalIdentities":[{"identifier":{"name":"923357010910:12@s.whatsapp.net","deviceId":0},"identifierKey":{"type":"Buffer","data":"BQAW/yXHWtERdziv7Bnrr4emvkYfVm0whJ2gJnr/CXss"}}],"platform":"smba","routingInfo":{"type":"Buffer","data":"CBIIDQ=="},"lastAccountSyncTimestamp":1752376526,"lastPropHash":"1K4hH4","myAppStateKeyId":"AAAAACs7"}