{"noiseKey":{"private":{"type":"Buffer","data":"iNFE0nRKksPy0EqE3UXccq+r57RZbQ1anCizVw6BsV8="},"public":{"type":"Buffer","data":"ENMBiZRpp8BRn7fzimLB4SYL9dbqWjqCoa7Z0X/LLzk="}},"pairingEphemeralKeyPair":{"private":{"type":"Buffer","data":"uBz+sY+IzQrdZTIr5Cu7VJGM1HE+IfgFLQlDU3mMAVc="},"public":{"type":"Buffer","data":"McqK7cmsrVA/5li2QQcsTU85XFKmO/VNb/o/lB4CDzw="}},"signedIdentityKey":{"private":{"type":"Buffer","data":"KM/Tlb7QlJv0wAnotLd/f5qO5bRAeznnj+PmNhdbe18="},"public":{"type":"Buffer","data":"JucbU86LsSeCF7QFKueOfu0zPGSO92bI7xv2AaFmWR4="}},"signedPreKey":{"keyPair":{"private":{"type":"Buffer","data":"4BluTYAF9ykuFrVAUWL+FcxkOv04PAUyvHohnlzIo2o="},"public":{"type":"Buffer","data":"Nkrm94XAjZwtk4IQwngxta7l9bAn+3a+CmmXip2HPhU="}},"signature":{"type":"Buffer","data":"S/RA7WETJF1/e4QeapyHrIYE+7NrlbTSmag9Uf0+tckMmNuPzBFt4xvg/IxjwjbxGekyDIH985dJv+Msg6HLCQ=="},"keyId":1},"registrationId":207,"advSecretKey":"RYKgItRWT4M+WMDDxshe1IJ1HqR8CxUn4oRWwEvVHik=","processedHistoryMessages":[{"key":{"remoteJid":"94772498693@s.whatsapp.net","fromMe":true,"id":"9CB63AA8879F9FD3F1001AD0CCA90C0D"},"messageTimestamp":1751789257},{"key":{"remoteJid":"94772498693@s.whatsapp.net","fromMe":true,"id":"A6927ED32DDD7EC3DBD3AA0E3EE3CB09"},"messageTimestamp":1751789281}],"nextPreKeyId":243,"firstUnuploadedPreKeyId":243,"accountSyncCounter":1,"accountSettings":{"unarchiveChats":true},"deviceId":"2KDB4M2TQYqu1xS5rKNohg","phoneId":"74e1f4e5-794c-495b-941a-ee81840a9bf3","identityId":{"type":"Buffer","data":"mpcOTdjmz9waTUFwW5oKDcFXr6g="},"registered":true,"backupToken":{"type":"Buffer","data":"Fui/UEWTZS5V15gbfbN1TrObXR0="},"registration":{},"pairingCode":"DZZE59R9","me":{"id":"94772498693:7@s.whatsapp.net","lid":"263122967392422:7@lid","name":"ɢᴏᴅ᭄ㅤᴄᴏʙʀᴀ"},"account":{"details":"CK7u0e0HEKzdqMMGGAMgACgA","accountSignatureKey":"1RENfiAysbOYk64vMTVacTAfgLdFNHq6H3QAm8+OTzg=","accountSignature":"5qVU0TYb0kMmQOvuId90bM0FKw2XMkeiS9Cl7y8CpXBjwOd+LYgr56m63uIALwCK1A+cznKIMVD+jvggBy1gDA==","deviceSignature":"VhGnIa3gBNgbfbnXYYS1hwrCytt6gD/m9FZCVNjji/7q9fgZtqjzlB62goctRxqga6ueXemC6uQEyIMXxHmXAQ=="},"signalIdentities":[{"identifier":{"name":"94772498693:7@s.whatsapp.net","deviceId":0},"identifierKey":{"type":"Buffer","data":"BdURDX4gMrGzmJOuLzE1WnEwH4C3RTR6uh90AJvPjk84"}}],"platform":"android","routingInfo":{"type":"Buffer","data":"CBIICA=="},"lastAccountSyncTimestamp":1752126769,"lastPropHash":"1K4hH4","myAppStateKeyId":"AAAAAAf0"}