{"noiseKey":{"private":{"type":"Buffer","data":"CNz63BWfwTkUB+Poql6LjJVKHqsE3eqonzUBE/DGilg="},"public":{"type":"Buffer","data":"vbwN08L3lj1+75CwJ2JxcLk220cF7C2jajP28ZCv+ik="}},"pairingEphemeralKeyPair":{"private":{"type":"Buffer","data":"gAt/g5jAQ795mrTFO3Eu0m0CTb5jIYDIN5Jp/sjGMm4="},"public":{"type":"Buffer","data":"ILqRi8G1fbmUoAq8QiWSLdhLEQDkK7g9ZGeDecuHEFE="}},"signedIdentityKey":{"private":{"type":"Buffer","data":"KM9L5k20ULxRlOQ9bxGJUZQEEAdsZ4Q46Ds/6Ka/82Y="},"public":{"type":"Buffer","data":"QoqQhOjjVe9/Xh2pn1Xmex95mwk9NxU2iNIuVH1mMG8="}},"signedPreKey":{"keyPair":{"private":{"type":"Buffer","data":"KMzy70v2lyEg27sq9Bw03dDJtlnNaTKpzQtNrfh9oms="},"public":{"type":"Buffer","data":"HKrs0FfIcjU5Q+dswTSudHtndGR2OmTU8aFGr/y9aXo="}},"signature":{"type":"Buffer","data":"vsWEXrzdbGro/v1vM/0RRxsWrEc7LitGoRHDahDhlKtrawDzq5erPfOTA8KWNzjwSQx4sX/aNKOnlqWX4bmVCg=="},"keyId":1},"registrationId":15,"advSecretKey":"yUDTMHzejDcyJ/kMa0oKiVS8OtZUjYL5RvCzIYMvu4c=","processedHistoryMessages":[{"key":{"remoteJid":"923161913254@s.whatsapp.net","fromMe":true,"id":"DA8B2CF93FD68063B5AF97DC9808BD6D"},"messageTimestamp":1751905186},{"key":{"remoteJid":"923161913254@s.whatsapp.net","fromMe":true,"id":"FFF313E7C8B1B04E024AF5A1EB48EDDE"},"messageTimestamp":1751905192},{"key":{"remoteJid":"923161913254@s.whatsapp.net","fromMe":true,"id":"D5A62CDBC01C8D7B1C60C46A5D64765F"},"messageTimestamp":1751905276},{"key":{"remoteJid":"923161913254@s.whatsapp.net","fromMe":true,"id":"7CED8A7A4CA3980B8E10363FF35474EF"},"messageTimestamp":1751905387},{"key":{"remoteJid":"923161913254@s.whatsapp.net","fromMe":true,"id":"2B16D4A145FB36E336F9D44ED9AEED3D"},"messageTimestamp":1751905427},{"key":{"remoteJid":"923161913254@s.whatsapp.net","fromMe":true,"id":"D5318017A28A565B3A07A4C58684A02B"},"messageTimestamp":1751905497}],"nextPreKeyId":94,"firstUnuploadedPreKeyId":94,"accountSyncCounter":1,"accountSettings":{"unarchiveChats":false},"deviceId":"oOQQ6RP2RWCIjdu5CXZ0Ng","phoneId":"38646d23-8551-4d72-8cf6-38b067924406","identityId":{"type":"Buffer","data":"1bNtq1yY7Vw2Rdy8M9lIqTtJIUo="},"registered":true,"backupToken":{"type":"Buffer","data":"nm+D4NenKH7JKyQOz4+p3rn9v0o="},"registration":{},"pairingCode":"W7Y7ZHSZ","me":{"id":"923161913254:2@s.whatsapp.net","name":"srif tum","lid":"25327824859238:2@lid"},"account":{"details":"CKD0wo4BEJTnr8MGGAIgACgA","accountSignatureKey":"l5RgKgLDCk5oJQkxgjanyoTXijXOZnyhTWt4886OCSA=","accountSignature":"dI2EMnI8CC5DzxfjnTTSZYZCM1ToOmaRC4z7g+cczJ8lnqdDE5I6r8vnLrndmzK+Yo8QW8AxNS10VzW3GvemBQ==","deviceSignature":"hRigrJiqf7oC5jb8EVZ2u/zlT61QWn2VkFZt9hgySDOKQcWLjPqw7/L3jqZ06RDESm2Iv+V2lZ4zs9bGo+0cBw=="},"signalIdentities":[{"identifier":{"name":"923161913254:2@s.whatsapp.net","deviceId":0},"identifierKey":{"type":"Buffer","data":"BZeUYCoCwwpOaCUJMYI2p8qE14o1zmZ8oU1rePPOjgkg"}}],"platform":"smba","routingInfo":{"type":"Buffer","data":"CAgIBQ=="},"lastAccountSyncTimestamp":1751905185,"lastPropHash":"PWk5B","myAppStateKeyId":"AAAAAEJ9"}