{"noiseKey":{"private":{"type":"Buffer","data":"6I3bllMTEpwUS15bofBV34ddCopVMkQHfsbR7vK7U1Y="},"public":{"type":"Buffer","data":"j+r1qzI0bpSzd8TCxxzu2PmSecQyzNl3eDTtHJ00hRA="}},"pairingEphemeralKeyPair":{"private":{"type":"Buffer","data":"OGVxwKrKVYAxdu+l4r9euqv3lbRw4G8ynkloRnLsqlc="},"public":{"type":"Buffer","data":"AGJRkBItLbap+wotj97iJFrYUAtY3bxzC4aoAFGvMWE="}},"signedIdentityKey":{"private":{"type":"Buffer","data":"GDwj/D/Bn0lJ/P++ILLxYDCbGa2YRp+S/OsGjE1Z2Uc="},"public":{"type":"Buffer","data":"08yfXubRDtChNluH0pVSdyaiw2QxsIxMSBmgTxPacA0="}},"signedPreKey":{"keyPair":{"private":{"type":"Buffer","data":"wFoWduIgn8+zBgLaJM2SUklQ6kc9fS6e1LlkyRnJfHM="},"public":{"type":"Buffer","data":"No20lNBIkSAM6DMdz33SAk5QZz08HxM9ehmZBqWFqHw="}},"signature":{"type":"Buffer","data":"1dgwuihul5aC6ZzLSZTSca0izRdnw1002i7QAecMRxuHlYcMl1I6c9NGx4LcC21Z4KlThPW6ilkrhdGRBsxNig=="},"keyId":1},"registrationId":221,"advSecretKey":"CzWY/t33BByyd54x9ErsIbBWjb4or08XRfiWMZ3YBmY=","processedHistoryMessages":[{"key":{"remoteJid":"923193796049@s.whatsapp.net","fromMe":true,"id":"1ECE7E02638F8D174D7DCF73447E6681"},"messageTimestamp":1751862921},{"key":{"remoteJid":"923193796049@s.whatsapp.net","fromMe":true,"id":"34DF5590972A718B6D9CF9352630113C"},"messageTimestamp":1751862921},{"key":{"remoteJid":"923193796049@s.whatsapp.net","fromMe":true,"id":"EB5F7DB7F9C21AE4D8BC9A2F14BDE7E9"},"messageTimestamp":1751862922}],"nextPreKeyId":61,"firstUnuploadedPreKeyId":61,"accountSyncCounter":1,"accountSettings":{"unarchiveChats":false},"deviceId":"A6RH9vVCQvSo_oUB_5h1Jw","phoneId":"75a55982-1e7a-454b-99f2-93e23a572269","identityId":{"type":"Buffer","data":"7HlyoEq5upa9qfnkYSZUovSqvz4="},"registered":true,"backupToken":{"type":"Buffer","data":"aJ/l3U+gy1WpJbSvkVW/WSm5PN0="},"registration":{},"pairingCode":"P1FXNZDX","me":{"id":"923193796049:5@s.whatsapp.net","lid":"241841639280788:5@lid","name":"RAJPOOT 🍷 ZADA"},"account":{"details":"CJmmhWYQ+5ytwwYYASAAKAA=","accountSignatureKey":"DxPmB5MqH6KbzhFB6PTiWYQsZChDye8iWcYkVQaOERA=","accountSignature":"3B7lv897AGd+kvEof3wJLdocGlmGlcDr5Ey36WwD/3yS2l7P3xfg+JAq8LPSfV86FEtHTaHAQ3MFyfxSjX0gBA==","deviceSignature":"0GGE+/6eDongdVbVMdDhS76khJ+K8o/LL9KsLCJZRcmRbZC1rWGklJPUYiHWDQJLTVebrEooSRuZyYWijtqwjA=="},"signalIdentities":[{"identifier":{"name":"923193796049:5@s.whatsapp.net","deviceId":0},"identifierKey":{"type":"Buffer","data":"BQ8T5geTKh+im84RQej04lmELGQoQ8nvIlnGJFUGjhEQ"}}],"platform":"android","routingInfo":{"type":"Buffer","data":"CAUICA=="},"lastAccountSyncTimestamp":1751870204,"lastPropHash":"1K4hH4","myAppStateKeyId":"AAAAAB+K"}