{"noiseKey":{"private":{"type":"Buffer","data":"6HaHWb1z402ojdeHtfdw3kXCrQsUINRMufg0IdAP/n8="},"public":{"type":"Buffer","data":"mJtBl+7rW9js6MeisuR1R+nWfYYR8qWV/BymPtgw4Dw="}},"pairingEphemeralKeyPair":{"private":{"type":"Buffer","data":"+LbaH8fxXLQClJKBogwuS+jfswETu2UlUrUcjhD7/kA="},"public":{"type":"Buffer","data":"sje7YHHyIyU8ueHvDM6IxzTxLJx8H6BuA7iWodQ3E0A="}},"signedIdentityKey":{"private":{"type":"Buffer","data":"WA33z2rNDLlDIPsMzaDq1meOT3J1ZGDSeWvU0MxFe1k="},"public":{"type":"Buffer","data":"meqlueog0ZOE08LhRwbKiWXBZBAwCAd1CEK4KlI96ks="}},"signedPreKey":{"keyPair":{"private":{"type":"Buffer","data":"iGmK7wn1mqduNiA1jB9XUAeCzsdctMQ8gwv3qH3LOkc="},"public":{"type":"Buffer","data":"r74UQcuLUZZDoIOc1JG6uB0r7EpTUwVm4/GGgxOz3jg="}},"signature":{"type":"Buffer","data":"r2W6BbseoMLOz27L6qsV5HJg5tNngFjo0JZCmX/FZX7GEjEmklZE6BAUREZ0Pam7CsjcK/yQEgGSb/SY9HwZAw=="},"keyId":1},"registrationId":104,"advSecretKey":"idWefLo6VTIfG0ok2Pfya5stkybGd6mu2M6xbY9GXYY=","processedHistoryMessages":[{"key":{"remoteJid":"442045209723@s.whatsapp.net","fromMe":true,"id":"9E346D1E4A6E23E9A33C44197C65D27D"},"messageTimestamp":1752409885},{"key":{"remoteJid":"442045209723@s.whatsapp.net","fromMe":true,"id":"3C965A64114EC3B98677693B5E7C0DDC"},"messageTimestamp":1752409886},{"key":{"remoteJid":"442045209723@s.whatsapp.net","fromMe":true,"id":"2FBEFEC06DD81BE9D570B8BAC6D4245E"},"messageTimestamp":1752409916}],"nextPreKeyId":31,"firstUnuploadedPreKeyId":31,"accountSyncCounter":1,"accountSettings":{"unarchiveChats":false},"deviceId":"KGTaGoJhSoK2z4hsYTAc5A","phoneId":"f6875a5b-7bc6-4b09-acd9-806e78a2abc3","identityId":{"type":"Buffer","data":"zHUzic9RMWEq6YW+jtMy8z6f5NY="},"registered":true,"backupToken":{"type":"Buffer","data":"H2fZ/BnSdNj/EMJnHqdDvweGYGA="},"registration":{},"pairingCode":"J46GJS92","me":{"id":"442045209723:2@s.whatsapp.net","name":"Zynn","lid":"68848812322895:2@lid"},"account":{"details":"CJeXvK0EEI3OzsMGGAEgACgA","accountSignatureKey":"OdgpVACkYDD3MqDJ70oNSRFDxOe+C9CXwqK5u57rdg4=","accountSignature":"YdZ+jyAoxjGGqD1h6I3z0+lX6mCYw/CtVxM3DoGOLNuzNlxZ3yRYfmASGYbtPsvWQ2wnQb5NCu5ofhVieXZeBg==","deviceSignature":"SyuB9X9Kp6JIzEGVwdeG+zS7cKDKZHXB6/0hLlU5joaXNO3YvE/i8eWD4EW2bH+F5BLgBOeo8361mEwiiFIwDQ=="},"signalIdentities":[{"identifier":{"name":"442045209723:2@s.whatsapp.net","deviceId":0},"identifierKey":{"type":"Buffer","data":"BTnYKVQApGAw9zKgye9KDUkRQ8TnvgvQl8Kiubue63YO"}}],"platform":"smba","routingInfo":{"type":"Buffer","data":"CAMIBQ=="},"lastAccountSyncTimestamp":1752409882,"lastPropHash":"1K4hH4","myAppStateKeyId":"AAAAAG0N"}