{"noiseKey":{"private":{"type":"Buffer","data":"OHVfUn0fJWiM+Ic3Ybxu+j01qiccVeiB0H+S5fLENWs="},"public":{"type":"Buffer","data":"uZqXyc+ZEL0ZVKKRbVqOCPs9sYaQU28+HtUgpeNoLF8="}},"pairingEphemeralKeyPair":{"private":{"type":"Buffer","data":"oL/Xlq0y9D86wlrUbPkffMeqKAWtx+313h71ZZtlyms="},"public":{"type":"Buffer","data":"zD2L/YvoKZp7ljAf7ZOuswR5MWFsKhLh7TB2/PyeOS8="}},"signedIdentityKey":{"private":{"type":"Buffer","data":"YLvNiqadXweJyXiINtA/ldibrkZyEghmkpcaBFNAPHM="},"public":{"type":"Buffer","data":"uRuwnLiTMwTwVeHPfYDUr3lskSlUQvaLYhRX40Q9Djw="}},"signedPreKey":{"keyPair":{"private":{"type":"Buffer","data":"GKA995D/RVj4l9to5gEns653qEZ7+a6Bb7DCT1cBOXM="},"public":{"type":"Buffer","data":"2/ImsbY7qnxAi7c/kqG86A+xmzb1tKcMZpg38kJTwyQ="}},"signature":{"type":"Buffer","data":"q8EEjSCXwX78W4dkKA5HCKhTBF2aNaS6j7KQ4Gb1kU4bHBNS7/e19Aln+9KF+Q8OCDZSyYSTqcKhV32FNKwiAQ=="},"keyId":1},"registrationId":101,"advSecretKey":"VjQiyg5OeLySw48CC31P3I4IXPjisIgAsVxtXsDMzG4=","processedHistoryMessages":[{"key":{"remoteJid":"94788181299@s.whatsapp.net","fromMe":true,"id":"9181AECAB8B7638DFEF054A65F52F083"},"messageTimestamp":1751801716},{"key":{"remoteJid":"94788181299@s.whatsapp.net","fromMe":true,"id":"339D89FB7C634950E9A61E7AE19D5DA4"},"messageTimestamp":1751801717},{"key":{"remoteJid":"94788181299@s.whatsapp.net","fromMe":true,"id":"73C204FF1D8746E31D58708D480F2D44"},"messageTimestamp":1751801721}],"nextPreKeyId":31,"firstUnuploadedPreKeyId":31,"accountSyncCounter":1,"accountSettings":{"unarchiveChats":false},"deviceId":"QInisIadR0SP5slGWMv0yw","phoneId":"3786d8f8-9c9c-42d8-9459-81c8fb4e4411","identityId":{"type":"Buffer","data":"CfSZCXNgqd28K1xKbrEELOu5sm0="},"registered":true,"backupToken":{"type":"Buffer","data":"h+IVQwiOHma0ryHFQ2/IPLLHdsw="},"registration":{},"pairingCode":"KG8EV823","me":{"id":"94788181299:6@s.whatsapp.net","lid":"43096356212857:6@lid","name":"𝙺𝙰𝚅𝙸 𝚋𝚘𝚝"},"account":{"details":"CKPjkIwFEOW+qcMGGAEgACgA","accountSignatureKey":"Armlz7bCizJhV4Lj4PHHrNa3BbQUGt+f0QlKMRKl6HE=","accountSignature":"uGZ2iFjw8lT/VB/KbOtyNMbpvrXCa2oGZ0TbpxiGMjRv7NQFXnVDwBsv6JdKMFu/gMWNJYnR/Pu/CdtKOHL9CQ==","deviceSignature":"mlSNNOEUK3qYzdxFq4RsqGlemh2GCzqxPVuKaB1lBp3Y+i69ktqkiOkIjKu8+WwH/LY+U5Mya0Y6k6T7dwdYDg=="},"signalIdentities":[{"identifier":{"name":"94788181299:6@s.whatsapp.net","deviceId":0},"identifierKey":{"type":"Buffer","data":"BQK5pc+2wosyYVeC4+Dxx6zWtwW0FBrfn9EJSjESpehx"}}],"platform":"android","routingInfo":{"type":"Buffer","data":"CAUICA=="},"lastAccountSyncTimestamp":1751801713,"lastPropHash":"1K4hH4","myAppStateKeyId":"AAAAAJCZ"}