{"noiseKey":{"private":{"type":"Buffer","data":"QJ1JBXDGKAWW2fdXhq7IK81s7iteVt+W/4PeHtM40no="},"public":{"type":"Buffer","data":"FjF6jfD58kVhiDF7K1WXydGCLmE27avFOH+a9qyNjGg="}},"pairingEphemeralKeyPair":{"private":{"type":"Buffer","data":"+A+lL1GDttH7l2H2HWQQecqnB8Qiocwk3dYJ+TwmUWI="},"public":{"type":"Buffer","data":"/DFSHxMKQQgN5oww7bo5M7TvsGWp8pxLZC9YE5D3wnk="}},"signedIdentityKey":{"private":{"type":"Buffer","data":"ODSdiSU5K3sWymhO8i31S4k0NkEBKbmOMY9tpMHdNkk="},"public":{"type":"Buffer","data":"WECeRTZdXkPlGJnfwVFrvg2um9DBcu8t8qPSAGGu6VE="}},"signedPreKey":{"keyPair":{"private":{"type":"Buffer","data":"MJLWAWkKLgrZguDYyA4ZEe49i/ZE4XSg1Kzlb/0f31o="},"public":{"type":"Buffer","data":"EWBCdTWHwx99ZT8fxaYo3KGcdksR5ICeuyVda8vX2Q0="}},"signature":{"type":"Buffer","data":"S5PnCM2UkEdivesj9g/rfbhpW09gMAF6qGml3RzfIt4LEZN3xosVaZ2sI/oFQphfICD7c2qk0nhgz+giuemXjw=="},"keyId":1},"registrationId":44,"advSecretKey":"80zgQIkMwK28C37nipYiBWF5YbSI5uYpqoc4PnQo4EM=","processedHistoryMessages":[{"key":{"remoteJid":"94752930633@s.whatsapp.net","fromMe":true,"id":"C903D8637EEC9B584D8BBEA177A52C84"},"messageTimestamp":1752411513},{"key":{"remoteJid":"94752930633@s.whatsapp.net","fromMe":true,"id":"ECEBCCD0A5407CC2F304BDEA9E4C05E1"},"messageTimestamp":1752411523},{"key":{"remoteJid":"94752930633@s.whatsapp.net","fromMe":true,"id":"D6AFBD4D6211C1AB196987B293EC6E86"},"messageTimestamp":1752411573},{"key":{"remoteJid":"94752930633@s.whatsapp.net","fromMe":true,"id":"207119EFE2356A9D9010FE4D84B19809"},"messageTimestamp":1752411625},{"key":{"remoteJid":"94752930633@s.whatsapp.net","fromMe":true,"id":"D3FED17207B733E8BC2AC129046B1643"},"messageTimestamp":1752411682},{"key":{"remoteJid":"94752930633@s.whatsapp.net","fromMe":true,"id":"98E2989DA0BD7F2F3D5B6EA68B37C780"},"messageTimestamp":1752411736},{"key":{"remoteJid":"94752930633@s.whatsapp.net","fromMe":true,"id":"0B3760B5052C327F3E38692B235ADB97"},"messageTimestamp":1752411776},{"key":{"remoteJid":"94752930633@s.whatsapp.net","fromMe":true,"id":"693223A260DD7C0AF57A7EB3053D15F3"},"messageTimestamp":1752411837},{"key":{"remoteJid":"94752930633@s.whatsapp.net","fromMe":true,"id":"EBC915D8312489AA4ACABBDBC6E4826D"},"messageTimestamp":1752411859}],"nextPreKeyId":519,"firstUnuploadedPreKeyId":519,"accountSyncCounter":1,"accountSettings":{"unarchiveChats":false},"deviceId":"-uT5bm_0S1aL_MozJaPH7Q","phoneId":"8bc81967-0523-4f5e-89df-3b7b40edabdd","identityId":{"type":"Buffer","data":"v7odZNTPP2kufHlfiF/xZjVMAzo="},"registered":true,"backupToken":{"type":"Buffer","data":"hKzSsXG0UrhLJ6pURd/qSRSWV6A="},"registration":{},"pairingCode":"J9G4KXEJ","me":{"id":"94752930633:2@s.whatsapp.net","name":"No Name","lid":"134905493209299:2@lid"},"account":{"details":"CKySt8gGENzazsMGGAEgACgA","accountSignatureKey":"939bCn7/NY4EFuD3aua2DLKMIF3gUsAjRYbyGO9nD3E=","accountSignature":"EDyRaWE2TAreInvkCIGQR0d1yPWV1UobGHkUF7XxIreB4Max8s427MEUA9l/rJb3EdKDQ2fGQpM3Vv8lQUweCQ==","deviceSignature":"/5uyxm24eCKEjg9yEMmUU3VwTWG65C2fDi2Eu9CVxkji76/uB4gLSxnf7JI+c8wp+HxlJm4wfpZxPrGQ5OICgA=="},"signalIdentities":[{"identifier":{"name":"94752930633:2@s.whatsapp.net","deviceId":0},"identifierKey":{"type":"Buffer","data":"Bfd/Wwp+/zWOBBbg92rmtgyyjCBd4FLAI0WG8hjvZw9x"}}],"platform":"smba","routingInfo":{"type":"Buffer","data":"CAMICQ=="},"lastAccountSyncTimestamp":1752414604,"lastPropHash":"1K4hH4","myAppStateKeyId":"AAAAANpu"}