{"noiseKey":{"private":{"type":"Buffer","data":"YKgzblA9opP2VjkSEYphRDLMyqCZqljriDI6+wRgSlE="},"public":{"type":"Buffer","data":"ajrrV+tjGSkmGbDGi/GaQO6DIdkV3tnvw76rDkZ/R14="}},"pairingEphemeralKeyPair":{"private":{"type":"Buffer","data":"EPczyKYU6Q2kCqJ/QZ9Qnarj0aGLr4o9Gg2FFeHtEXk="},"public":{"type":"Buffer","data":"9xo5bLjz5nC5NXgr1aKvCBR+jZ2CztPnOZ8GJxtCGm0="}},"signedIdentityKey":{"private":{"type":"Buffer","data":"UA41wmQq/bsT6uC955KtfjyAU4qUaDpfSO/6gRRSoWQ="},"public":{"type":"Buffer","data":"SVZtKemvGzaM4eySSw8NTE/SisHZkU8nlw2zXa/wyBc="}},"signedPreKey":{"keyPair":{"private":{"type":"Buffer","data":"yDzCbbR+SIGVo5Un35OTwibG/1Oc2z7hhFG9yyDrqW0="},"public":{"type":"Buffer","data":"dKo4iuILxjZkhDBN96m/pi20+Q7TF0zXgJPLKfc6fwE="}},"signature":{"type":"Buffer","data":"ENcia1q0EQrUJBnwCwru24SIG+dWPbJwVc96OjEXEJIThzSbSYcVpqDpuT+FHvi0q7SIRxfInKs4gH+fu/DOhA=="},"keyId":1},"registrationId":175,"advSecretKey":"ZkISjySVmCDnLsuTfpDwi5G3olDPtHSiJfxhCVnwY3c=","processedHistoryMessages":[{"key":{"remoteJid":"94765864996@s.whatsapp.net","fromMe":true,"id":"FFE6CB9C80B3B9609E0E28B1BB8F7236"},"messageTimestamp":1751859144},{"key":{"remoteJid":"94765864996@s.whatsapp.net","fromMe":true,"id":"4AFF8E510945E75DA23F56C66DF6A781"},"messageTimestamp":1751859146},{"key":{"remoteJid":"94765864996@s.whatsapp.net","fromMe":true,"id":"B3A66C3A236784C4C01B59C939827518"},"messageTimestamp":1751859195},{"key":{"remoteJid":"94765864996@s.whatsapp.net","fromMe":true,"id":"6A7E61CF20654B6A4E348A7539406CFE"},"messageTimestamp":1751859196}],"nextPreKeyId":374,"firstUnuploadedPreKeyId":374,"accountSyncCounter":1,"accountSettings":{"unarchiveChats":false},"deviceId":"faMwztfzQHuEw4PfJqGizg","phoneId":"ea49bdb1-cf23-46c3-8f9b-bd9827f131c6","identityId":{"type":"Buffer","data":"uqq8MHHDI605H81a1c41LYY5ZD0="},"registered":true,"backupToken":{"type":"Buffer","data":"XOKk9dowpXsomjUdJMsraGipF5I="},"registration":{},"pairingCode":"LEK1P9H4","me":{"id":"94765864996:7@s.whatsapp.net","name":"[𝒩𝒶𝓇𝒶𝒹𝒶  𝒩𝒶𝒹𝓊𝓃]","lid":"89305875742890:7@lid"},"account":{"details":"COqv4uMDELb/rMMGGAIgACgA","accountSignatureKey":"+ABFjQqh9lZZm28t3dJkXRHBX9tm80u/B/wcttyCby4=","accountSignature":"As3NiUIiqHy9g7ABMrQEGIhuvMuahv+ygZ+Ai4PwlwqCD2Bj/6EQa2W1jDzj7LDjnl2PrEN/Natx+1myE7UNAg==","deviceSignature":"Gp2Zw0zgBRo8IL7nL1EXZrLRkHpw8vIxREnNpBY2Iru5FplTWaQtgJYjPyCNsLagAauno6q915N/ZQQjhiXKgw=="},"signalIdentities":[{"identifier":{"name":"94765864996:7@s.whatsapp.net","deviceId":0},"identifierKey":{"type":"Buffer","data":"BfgARY0KofZWWZtvLd3SZF0RwV/bZvNLvwf8HLbcgm8u"}}],"platform":"smba","routingInfo":{"type":"Buffer","data":"CAUQAxAA"},"lastAccountSyncTimestamp":1751870202,"lastPropHash":"2V77qU","myAppStateKeyId":"AAAAAM8P"}