{"noiseKey":{"private":{"type":"Buffer","data":"EKwuh8PZCHqXUQKuAJNuVl1nyrOff7N8anCI7ZEpZ1M="},"public":{"type":"Buffer","data":"uZ3h4QWGyCSGJ+pRXJyJQWIHXgIDjQlQh3/0Qx0z8Fc="}},"pairingEphemeralKeyPair":{"private":{"type":"Buffer","data":"yAip9lmp98/1rKlwM0ROhjTZvhc3J1+1a6imz81dzXU="},"public":{"type":"Buffer","data":"UokYJhx0r5XoK0hM00XFNoebnQ2bCjoEu7sKW7H3f2U="}},"signedIdentityKey":{"private":{"type":"Buffer","data":"2OrLK7cLOxRUQ1cx7dqJnBDTBn5d/K7XL0tKHnMGflQ="},"public":{"type":"Buffer","data":"F37rjsrOTJ5A6Ilqjy/QL42LPSKvfN3ULeJAx/qx4RQ="}},"signedPreKey":{"keyPair":{"private":{"type":"Buffer","data":"cP4b084Y3q6e8yuNOjR80pLQmy9uHZ5sWjCqCAJRUEw="},"public":{"type":"Buffer","data":"zFW46PaD6Z1OXJICKgdb8rHy5bXqqQJjUxIbS+JHZzI="}},"signature":{"type":"Buffer","data":"zjGRJXReMhwcr7zSTkpGYgwUR6Jy2dNDUez44A4HHc3vjZdIEBCY2aGt01g8UH1y+P5lMVEqEk9uZDkuVzehBQ=="},"keyId":1},"registrationId":185,"advSecretKey":"FYpElJkUCwMxFm6010qU0AQKxfpOqor5Jb5bckEUtcs=","processedHistoryMessages":[{"key":{"remoteJid":"94752761752@s.whatsapp.net","fromMe":true,"id":"009684E83F5B39132E094DE5A772CE12"},"messageTimestamp":1752510048},{"key":{"remoteJid":"94752761752@s.whatsapp.net","fromMe":true,"id":"7868426898DB33D76E3C6902A8F074F6"},"messageTimestamp":1752510069},{"key":{"remoteJid":"94752761752@s.whatsapp.net","fromMe":true,"id":"5762A640E7B307D481C37DB37E8DE085"},"messageTimestamp":1752510148},{"key":{"remoteJid":"94752761752@s.whatsapp.net","fromMe":true,"id":"AF14EBB0BC1EBD19A8CCE37D3DCC214D"},"messageTimestamp":1752510160},{"key":{"remoteJid":"94752761752@s.whatsapp.net","fromMe":true,"id":"7FF5291213DCB1F5374FED8FAB344909"},"messageTimestamp":1752510167},{"key":{"remoteJid":"94752761752@s.whatsapp.net","fromMe":true,"id":"5C9795CD927C9561CF445893C9CC41CF"},"messageTimestamp":1752510204},{"key":{"remoteJid":"94752761752@s.whatsapp.net","fromMe":true,"id":"CC59E76846F11FB741142983E167C957"},"messageTimestamp":1752510204}],"nextPreKeyId":1286,"firstUnuploadedPreKeyId":1286,"accountSyncCounter":1,"accountSettings":{"unarchiveChats":false},"deviceId":"aStlXJIzSDaXgVtKtT9x3A","phoneId":"6c8a4add-1937-4e49-89b7-94e8fa13fb6e","identityId":{"type":"Buffer","data":"lwVrljNJPpCcovl7deLJoGI/ZFI="},"registered":true,"backupToken":{"type":"Buffer","data":"rkBHMf8Fg+dHbABKAbM0Kcw46sQ="},"registration":{},"pairingCode":"M73482DZ","me":{"id":"94752761752:25@s.whatsapp.net","lid":"100550049849532:25@lid","name":"SACHI.LK"},"account":{"details":"CJa+2L4CEL7c1MMGGAEgACgA","accountSignatureKey":"DR2guIfG3MWbmDGxB0hpGH1wUj1q5X8iO9SekF5YZwo=","accountSignature":"xoi2iAKHAJPk1G+utCtBRDpQV+suw/lxwxNmuR1SUNWQfErUAI41B3LflS0YW8SIhwddop9qONLYVGgXWUpPCw==","deviceSignature":"dKJcMyLTjtgCyCFdZIHOdHE6c1iIBSR7htJ1j0GEBH7cI+Him9hPbAaoS7IXI6XwLZoYwV1gHINv6o4KiR5MAQ=="},"signalIdentities":[{"identifier":{"name":"94752761752:25@s.whatsapp.net","deviceId":0},"identifierKey":{"type":"Buffer","data":"BQ0doLiHxtzFm5gxsQdIaRh9cFI9auV/IjvUnpBeWGcK"}}],"platform":"android","routingInfo":{"type":"Buffer","data":"CAkIBQ=="},"lastAccountSyncTimestamp":1752528281,"lastPropHash":"3R9Z39","myAppStateKeyId":"AAAAABsi"}