{"noiseKey":{"private":{"type":"Buffer","data":"cMQdxBUEJukm1w03Ez6ry6uTaQbwZH7VjiiwPnCLaWY="},"public":{"type":"Buffer","data":"8j3qS3Gyi41qDkVXBYxh6NusclEnbp0XhmpZqO6rwjg="}},"pairingEphemeralKeyPair":{"private":{"type":"Buffer","data":"sHYAWd0xvfHk2gs3Wq675NYUXB+RYI0/hVLNBhaBpnY="},"public":{"type":"Buffer","data":"H9QFkg2zFLentEyvXScTvbxzgAASL6yJzt6Cplexml8="}},"signedIdentityKey":{"private":{"type":"Buffer","data":"SCWUNfvY8r88g9eHKfWTl3tajTKxo3HRR79RXmFH72Q="},"public":{"type":"Buffer","data":"9eFtzZNpEEP4rA7e5T543TZ9MAEaaVHKetPnZ8VDbh0="}},"signedPreKey":{"keyPair":{"private":{"type":"Buffer","data":"CFek33rE5mM74ytUPsWKz4RzMKRjtLbuVZCqPa70ZEQ="},"public":{"type":"Buffer","data":"y75OLUTBZkA5yiottu5MQztDk5hQV8wUuliqxKBqgmo="}},"signature":{"type":"Buffer","data":"nFrb0y/c4k+9M0fvS0XkvtiIc3BFeOnAvOfOnpK+Wf4DdG2LG4uucVQdWaH1HUu5aU1s9h3/4n3KCPCseN5niQ=="},"keyId":1},"registrationId":49,"advSecretKey":"2wIH2ETS/mCG8I/7LGZd0FuYNb+z3okmwo/rh5PDcgc=","processedHistoryMessages":[{"key":{"remoteJid":"94711767300@s.whatsapp.net","fromMe":true,"id":"21A26BF6B0D870BB9B79A08D9FEF4F4F"},"messageTimestamp":1752507911},{"key":{"remoteJid":"94711767300@s.whatsapp.net","fromMe":true,"id":"98C696397D54A5C6D299FB0B49311F8D"},"messageTimestamp":1752507916},{"key":{"remoteJid":"94711767300@s.whatsapp.net","fromMe":true,"id":"AE8803A2ED4FB907760316DAEC87C1EF"},"messageTimestamp":1752508041},{"key":{"remoteJid":"94711767300@s.whatsapp.net","fromMe":true,"id":"3CE359D456EEF2793BEC1371A43EB15A"},"messageTimestamp":1752508142}],"nextPreKeyId":739,"firstUnuploadedPreKeyId":739,"accountSyncCounter":1,"accountSettings":{"unarchiveChats":false},"deviceId":"QTyDyL_kQlu9nOqx9znvLg","phoneId":"37fea08f-733e-4b02-ba7b-8d119d60d7e9","identityId":{"type":"Buffer","data":"6TBVT5is7JHlcw3p6kxOrXCGNgQ="},"registered":true,"backupToken":{"type":"Buffer","data":"cknSCJHVitgfW+I1oLRwH6zTP4s="},"registration":{},"pairingCode":"STWJ47N8","me":{"id":"94711767300:36@s.whatsapp.net","name":"ɪᴛ ᴢ ᴍᴇ ᴋʟᴡ : ꜰɪxᴏ xᴅ.","lid":"175359806976189:36@lid"},"account":{"details":"CM/ulJ8FEN3L1MMGGAEgACgA","accountSignatureKey":"skXBOcwI9wYgaZwuCU2kw3gBUzY3gxyiTyHNR5hn7h8=","accountSignature":"+2WY68bSnafuP+fA/qoUSyW3tY1MwSxhCp/d6NAN3hzIYleqNaaNN2raCkLMD6M+kD/5b10KTgv35cOpI6N5Dw==","deviceSignature":"Z1hdAUQwqOT1qlwT6+Sjx1/ZwfERUpIw0gbUcKo1osuPwVxJfOcLO3Nlaxbq4wvkrd/j66GN9NgcZwVSrWdDgQ=="},"signalIdentities":[{"identifier":{"name":"94711767300:36@s.whatsapp.net","deviceId":0},"identifierKey":{"type":"Buffer","data":"BbJFwTnMCPcGIGmcLglNpMN4AVM2N4Mcok8hzUeYZ+4f"}}],"platform":"smba","routingInfo":{"type":"Buffer","data":"CAkICA=="},"lastAccountSyncTimestamp":1752523533,"lastPropHash":"3R9Z39","myAppStateKeyId":"AAAAAJb+"}