{"noiseKey":{"private":{"type":"Buffer","data":"QAQ9mzlnnkhZ7xHIAdxv93QWJoCcMJBZ9kFm5HyQJ0w="},"public":{"type":"Buffer","data":"mZSWoiUjWnGHZzpBy+futf5CPF+Wr76JwxayQBdqIG4="}},"pairingEphemeralKeyPair":{"private":{"type":"Buffer","data":"kLWzuaoLKspbzuiOgK67Ib2FQyhSylllyps8oozQK00="},"public":{"type":"Buffer","data":"UAmevT7YesixqBp8+SrTQvUY88mCT3tSG4T4FzpzIho="}},"signedIdentityKey":{"private":{"type":"Buffer","data":"sNXY6brzLu0Z9crZ2UWQL/ZBZc9d5ubL4y81WmbrvXk="},"public":{"type":"Buffer","data":"w8i4795hv5ThUg5pT6jU/ElAXrFAM/imgdxijKoS7TQ="}},"signedPreKey":{"keyPair":{"private":{"type":"Buffer","data":"0P4LYuUaCVfWW3jurzrcvzmi103lDc9Ev2jSQtQyF1k="},"public":{"type":"Buffer","data":"Lf4AntXNYzIga3UwP+QlOChs9IKIvf71twhYMFq8mmo="}},"signature":{"type":"Buffer","data":"7xNJSl5ScaZabvWX+M4x1e4bfF6w+Acftb6C379kOG2Wns5wW66rGnOAdk0K/Dqa3bJFTkY+jkKSF3TuK5eLDA=="},"keyId":1},"registrationId":141,"advSecretKey":"v0fDqxPksP+CrEsKiGD5b9FoknNyqnMdDp0woM66DYc=","processedHistoryMessages":[{"key":{"remoteJid":"94783011213@s.whatsapp.net","fromMe":true,"id":"5085034EB7ADA9C954ED3FF4FB486B23"},"messageTimestamp":1752342481},{"key":{"remoteJid":"94783011213@s.whatsapp.net","fromMe":true,"id":"C4F38FAF1162FD381E316CAD6EE101D2"},"messageTimestamp":1752342481},{"key":{"remoteJid":"94783011213@s.whatsapp.net","fromMe":true,"id":"64E98F5ACA21B53140ABE88BA5B77B7E"},"messageTimestamp":1752342486}],"nextPreKeyId":61,"firstUnuploadedPreKeyId":61,"accountSyncCounter":1,"accountSettings":{"unarchiveChats":false},"deviceId":"hcZFtE7JRz23sJ7yAZDotw","phoneId":"b75a970f-db60-41bf-bde0-6f96bee7996f","identityId":{"type":"Buffer","data":"drKeXUe6pWVyF+IVlS/0dcmSUgU="},"registered":true,"backupToken":{"type":"Buffer","data":"WrljC/PprjBKIg1DHDHWReli2MQ="},"registration":{},"pairingCode":"B8H969XA","me":{"id":"94783011213:1@s.whatsapp.net","lid":"280449100296392:1@lid","name":"꧁༺ʍɨȶɦʊʊ༻꧂"},"account":{"details":"CKCf4YwCEMG/ysMGGAEgACgA","accountSignatureKey":"QnQqjd+1xrLRhekQzIGPhW0E4OdtRrY3iEB4CpZGYDw=","accountSignature":"HG6r5fRYvvxIqeRi0+wgCTdqaqyll7msRhLFWUWh5TAxvTbSCXznkxmxaakdJjcXTmSfzeXKU8NSRB/XeQ9iCA==","deviceSignature":"V1vWZmf7Op93dx6RkNY4RIvoPvza2TCiSvk1aF1Ykms7MNu4Sm/hAriIGMHu8iapEaIH2/heGj2ZLOzMl/u5Ag=="},"signalIdentities":[{"identifier":{"name":"94783011213:1@s.whatsapp.net","deviceId":0},"identifierKey":{"type":"Buffer","data":"BUJ0Ko3ftcay0YXpEMyBj4VtBODnbUa2N4hAeAqWRmA8"}}],"platform":"android","routingInfo":{"type":"Buffer","data":"CAMIEg=="},"lastAccountSyncTimestamp":1752350570,"lastPropHash":"2V77qU","myAppStateKeyId":"AAAAAOsO"}