{"noiseKey":{"private":{"type":"Buffer","data":"QLDkpqKMNTDQ2crQyZbgOkbOpK+wi9rmzbCq7aDWV2E="},"public":{"type":"Buffer","data":"AtJLvBmnpZmdwU1kQZsNdB4TSM2P4e0ZoLKA96FHPjc="}},"pairingEphemeralKeyPair":{"private":{"type":"Buffer","data":"ABelOgIsmkWzki4sin2LBV48A78G1XONR3CgFEcZwVQ="},"public":{"type":"Buffer","data":"UraraBoYA1hPHeEH0hDFapsS6+8GiKNFN0x5G1d15kc="}},"signedIdentityKey":{"private":{"type":"Buffer","data":"oP/t2mRmPrsaesOodeAWs+QqtA8aIFBov9Opw4/JKGU="},"public":{"type":"Buffer","data":"NVeYCSTb/rIAee07YQoucgFYwTo+sFnTZLTZ271Uv3U="}},"signedPreKey":{"keyPair":{"private":{"type":"Buffer","data":"CN3bg6fyrNjLsiOuY/a9SE+sKTLTPKDjhDUwTekQ3EY="},"public":{"type":"Buffer","data":"rBQjB6ZLzmYahWuu7nx06Sx3r92emwDjRsEOGXP59iY="}},"signature":{"type":"Buffer","data":"gz0R2nPQi6YSnOy0MA+qMipskrhKg8306rqumvWksfpygwd7uARTBT35QwUYsewl9vTilOSE05UhDLW/6yy3DQ=="},"keyId":1},"registrationId":126,"advSecretKey":"s3J466lq5qOBr744KtOEIG5X7U4kxSn10ysiNIchAso=","processedHistoryMessages":[{"key":{"remoteJid":"94764231184@s.whatsapp.net","fromMe":true,"id":"38B47A94EF96D4C63ED8505914068310"},"messageTimestamp":1751779518},{"key":{"remoteJid":"94764231184@s.whatsapp.net","fromMe":true,"id":"36B0AFF39E65288F1584B5C493B7FBD4"},"messageTimestamp":1751779525},{"key":{"remoteJid":"94764231184@s.whatsapp.net","fromMe":true,"id":"B6D6BC55343C5F15D80FDAF05EEF028C"},"messageTimestamp":1751779562},{"key":{"remoteJid":"94764231184@s.whatsapp.net","fromMe":true,"id":"458AE5C74858E9E57810FFE23C9DAD2B"},"messageTimestamp":1751779607},{"key":{"remoteJid":"94764231184@s.whatsapp.net","fromMe":true,"id":"EC08E3B3F2A23A1AB25A5448251AB167"},"messageTimestamp":1751779641}],"nextPreKeyId":1756,"firstUnuploadedPreKeyId":1756,"accountSyncCounter":1,"accountSettings":{"unarchiveChats":false},"deviceId":"sErVihphTyiGtsVY5BGZPw","phoneId":"c64ad612-9957-48e4-8098-3d5d8c63c838","identityId":{"type":"Buffer","data":"7vwCgmXGvbVDaOrC2lPvupra5os="},"registered":true,"backupToken":{"type":"Buffer","data":"i1kHWEluKzGppOyAnOrbg1ay+bQ="},"registration":{},"pairingCode":"9SGP92R2","me":{"id":"94764231184:43@s.whatsapp.net","lid":"17597085003837:43@lid","name":"ɢᴜᴇꜱꜱ ᴡʜᴏ ? ᴋʟᴡ : ᴅᴏᴢᴢʏ"},"account":{"details":"CNiPkrAHEKWRqMMGGAMgACgA","accountSignatureKey":"kaX29v7X+6bl2fEsY5oFHG7e/uvXBg3PrcFZjk+5oXs=","accountSignature":"chDK3cg3++HPKX+1YYLYFceb9ql4GWXQlbNSZFqrRYzfFVhDzgiwvtXdNB9Mk65mVSt/TXoJbNmV/CLY6N/oDg==","deviceSignature":"G5vKWmljHi+KUX37bmb1Jqb5TuGi4zBNqdn6sD7wjOoJH65ltmolBM3LtSDPQ+blfMOswsZz2CZLmhl3Ra50CQ=="},"signalIdentities":[{"identifier":{"name":"94764231184:43@s.whatsapp.net","deviceId":0},"identifierKey":{"type":"Buffer","data":"BZGl9vb+1/um5dnxLGOaBRxu3v7r1wYNz63BWY5PuaF7"}}],"platform":"android","routingInfo":{"type":"Buffer","data":"CAgIEg=="},"lastAccountSyncTimestamp":1751787469,"lastPropHash":"1K4hH4","myAppStateKeyId":"AAAAALbr"}