{"noiseKey":{"private":{"type":"Buffer","data":"8NPIWcku0RdZTniMt+UV3oLH6cmIYbxvQo1eZKJkUHs="},"public":{"type":"Buffer","data":"0TRpjG4I+P7xx8b+HQBhAryOZ+sa2fyY6EBnFxeM6wY="}},"pairingEphemeralKeyPair":{"private":{"type":"Buffer","data":"uLW5UooBw3qEFbhnZ8u6eQsNzl2JI2FZh82xANotvmc="},"public":{"type":"Buffer","data":"QJHBUf12KmMSbVowWErKbpKJpIctu4D7gmIzdomRFlA="}},"signedIdentityKey":{"private":{"type":"Buffer","data":"IL7W0YExoqhSMak+JOSjxgbZ/WlZle10J4a7aUmLc1Y="},"public":{"type":"Buffer","data":"DSmZeTgqUH5xOfGJJbk6I5Q8ce00zG45J+0aThDVlV4="}},"signedPreKey":{"keyPair":{"private":{"type":"Buffer","data":"MHDvLNN4xvyunW694xkJ39o21Tqp+zedOtE5ymCNQEM="},"public":{"type":"Buffer","data":"gif4iN1vs+g7QRO3LWKLP1vW3eu8A47nAHjHV7XY9gQ="}},"signature":{"type":"Buffer","data":"X+wkfXjr4gryYkrKczD0ydb4NeO3PxQGlCNv90CILA3oURcBYYPR2juuWyKQoS29Hn627ffO1UqeImshRnDlDw=="},"keyId":1},"registrationId":230,"advSecretKey":"/J1ZNcXxu8c1LumZ+97MPJH4MbQrg0e2sJF9TYu3S9c=","processedHistoryMessages":[{"key":{"remoteJid":"94781920523@s.whatsapp.net","fromMe":true,"id":"EA90C2B5C443A88444A0144F56D65718"},"messageTimestamp":1751793503},{"key":{"remoteJid":"94781920523@s.whatsapp.net","fromMe":true,"id":"EE6D9CD4212CF9905CB6E6F0FB76020B"},"messageTimestamp":1751793529},{"key":{"remoteJid":"94781920523@s.whatsapp.net","fromMe":true,"id":"8D1CF0738135964871D20BF5F8AF7547"},"messageTimestamp":1751793607},{"key":{"remoteJid":"94781920523@s.whatsapp.net","fromMe":true,"id":"33A9E3830237C76600751265A46BA61A"},"messageTimestamp":1751793687},{"key":{"remoteJid":"94781920523@s.whatsapp.net","fromMe":true,"id":"36D783B066B5040E2EB086CE42F5F409"},"messageTimestamp":1751793745}],"nextPreKeyId":225,"firstUnuploadedPreKeyId":225,"accountSyncCounter":1,"accountSettings":{"unarchiveChats":false},"deviceId":"-4MgyoOQT1W_megSZygw_A","phoneId":"392d38be-5cf0-4ebb-9607-15d46bc653c4","identityId":{"type":"Buffer","data":"0AKWePX9ypiJW9PzWRgd5llH4fk="},"registered":true,"backupToken":{"type":"Buffer","data":"UVRssOMqgDSbQhIafNYJ+yzpsV0="},"registration":{},"pairingCode":"RCVW7VGB","me":{"id":"94781920523:3@s.whatsapp.net","name":"නොටිපොඩීඉශූ (PODIYA GENARAL)","lid":"24468730699999:3@lid"},"account":{"details":"CLKI17gFELf+qMMGGAEgACgA","accountSignatureKey":"ibZoks7ShB8/oRWQOcy+RSJicfU8eqWD/wLV3SxsRnw=","accountSignature":"wzYNY2hfwgnh2NKPqH59ML1F8c407efGC6gDs6l8jp9YUnz0p4VhJqzr5J6vuJFGiafv5KKA7+PX/U7TmbLwAA==","deviceSignature":"rp8aQ88+N4sY44ToBaOz/B+RCAqy4JAGkKdmOUvsNByo+n5L8lSmPlmXPed9NjqIrRyAYpwrdwxgDXC5/OnvBA=="},"signalIdentities":[{"identifier":{"name":"94781920523:3@s.whatsapp.net","deviceId":0},"identifierKey":{"type":"Buffer","data":"BYm2aJLO0oQfP6EVkDnMvkUiYnH1PHqlg/8C1d0sbEZ8"}}],"platform":"smba","routingInfo":{"type":"Buffer","data":"CAUIEg=="},"lastAccountSyncTimestamp":1751804943,"lastPropHash":"PWk5B","myAppStateKeyId":"AAAAAK/D"}