{"noiseKey":{"private":{"type":"Buffer","data":"+PDN3kBTTm2vwonaTHbH7FiWvsjF6E48x0y/v0Dm5W8="},"public":{"type":"Buffer","data":"QSIFWUeLD2/x1oJAO/biLx877zV756qLw8WKn4/Wiys="}},"pairingEphemeralKeyPair":{"private":{"type":"Buffer","data":"oHy3Tt79tyuJOFv3uJYcjDdVN0pQ7TD4V/jhVeiNJWs="},"public":{"type":"Buffer","data":"UaF7GgZWNViWmbmXgJ/k/hq2jvwaL9TDVGodCetc8gg="}},"signedIdentityKey":{"private":{"type":"Buffer","data":"KOwvmHjrQAXyttkE3AnOqnczsd+Wq78rxJztMBEsgW4="},"public":{"type":"Buffer","data":"MSlJoYPPTGkPNKQJUxkL99vyViJE4TLQ9w5+1Iq591c="}},"signedPreKey":{"keyPair":{"private":{"type":"Buffer","data":"0JgkAC+6jncGKIses6536CsLqV236DQLtxPxDZ1jBkQ="},"public":{"type":"Buffer","data":"1WDdyuB/BdM/bvLWnh156tIO8C0brWwIxkXYeq5XbQ8="}},"signature":{"type":"Buffer","data":"bbfNYMntfxUCdHhkYWApsoLdPsrQJFib1QavEoY05N9C19rodOJ5SlyH/h11h3/QKKhK3kVqc+fMO0KIT/PDBQ=="},"keyId":1},"registrationId":88,"advSecretKey":"cxWU71KnylhR9EwqvJaa7NY5o8P8iFhYJyqGT0BG2dE=","processedHistoryMessages":[{"key":{"remoteJid":"94713703177@s.whatsapp.net","fromMe":true,"id":"F7D86401647A70EFF03F0FFE713BE8C1"},"messageTimestamp":1751766086},{"key":{"remoteJid":"94713703177@s.whatsapp.net","fromMe":true,"id":"C2050BDA7F03B5E1DBF1E1F7603FE375"},"messageTimestamp":1751766090},{"key":{"remoteJid":"94713703177@s.whatsapp.net","fromMe":true,"id":"0BCB68B771B67C4065CB4AE0AB2DCF01"},"messageTimestamp":1751766108},{"key":{"remoteJid":"94713703177@s.whatsapp.net","fromMe":true,"id":"AA295A870E7B9932CE1458DA896967C4"},"messageTimestamp":1751766116},{"key":{"remoteJid":"94713703177@s.whatsapp.net","fromMe":true,"id":"25C005B40D4E1DEE644A309124E32219"},"messageTimestamp":1751766126},{"key":{"remoteJid":"94713703177@s.whatsapp.net","fromMe":true,"id":"CC9104569F2F35A3D0DAA6794D75398D"},"messageTimestamp":1751766141},{"key":{"remoteJid":"94713703177@s.whatsapp.net","fromMe":true,"id":"5D7BF121624BF8994E2C0865BBD9193F"},"messageTimestamp":1751766144},{"key":{"remoteJid":"94713703177@s.whatsapp.net","fromMe":true,"id":"8229E67978F09CEFA3220970102156AB"},"messageTimestamp":1751766151},{"key":{"remoteJid":"94713703177@s.whatsapp.net","fromMe":true,"id":"EF7719FDCD100D95F7FCABCF5F54158A"},"messageTimestamp":1751766157},{"key":{"remoteJid":"94713703177@s.whatsapp.net","fromMe":true,"id":"7670E1B2C6F60484D4C5362000969D6A"},"messageTimestamp":1751766163},{"key":{"remoteJid":"94713703177@s.whatsapp.net","fromMe":true,"id":"D3FDEEB62B8C721C912DB67808CCDA05"},"messageTimestamp":1751766172},{"key":{"remoteJid":"94713703177@s.whatsapp.net","fromMe":true,"id":"BCEC4B9102E514646261AEA2D924DB9A"},"messageTimestamp":1751766180},{"key":{"remoteJid":"94713703177@s.whatsapp.net","fromMe":true,"id":"F64F953E07FF3A8105BA0F454285B940"},"messageTimestamp":1751766190},{"key":{"remoteJid":"94713703177@s.whatsapp.net","fromMe":true,"id":"7FDD98A8A0DAAD690BDF969C2ADA65B0"},"messageTimestamp":1751766198},{"key":{"remoteJid":"94713703177@s.whatsapp.net","fromMe":true,"id":"9D6F6862DB578ADD5F556EE44F919652"},"messageTimestamp":1751766204},{"key":{"remoteJid":"94713703177@s.whatsapp.net","fromMe":true,"id":"9720EB7B31EF59C9AD6F365D0AD4D92C"},"messageTimestamp":1751766214},{"key":{"remoteJid":"94713703177@s.whatsapp.net","fromMe":true,"id":"87232048D0D47F3C45A1E521DF9615CD"},"messageTimestamp":1751766220},{"key":{"remoteJid":"94713703177@s.whatsapp.net","fromMe":true,"id":"2BE9A0CF314707548E9AC5C3D4840755"},"messageTimestamp":1751766229},{"key":{"remoteJid":"94713703177@s.whatsapp.net","fromMe":true,"id":"5F20E40E12E9F8A6C30FE3229A6E7F88"},"messageTimestamp":1751766235},{"key":{"remoteJid":"94713703177@s.whatsapp.net","fromMe":true,"id":"9F4FE3F301B6AED3B492F72034B064B8"},"messageTimestamp":1751766243},{"key":{"remoteJid":"94713703177@s.whatsapp.net","fromMe":true,"id":"2AD5005B6F18A753553768AD0D16C313"},"messageTimestamp":1751766252},{"key":{"remoteJid":"94713703177@s.whatsapp.net","fromMe":true,"id":"50FE9877A709003CE24DD4477AA53F31"},"messageTimestamp":1751766261},{"key":{"remoteJid":"94713703177@s.whatsapp.net","fromMe":true,"id":"92AC48C65E70DF33B1FFE01910CEC22C"},"messageTimestamp":1751766269},{"key":{"remoteJid":"94713703177@s.whatsapp.net","fromMe":true,"id":"FB1F418A78C14AFCDCB19CC2F392D54D"},"messageTimestamp":1751766276},{"key":{"remoteJid":"94713703177@s.whatsapp.net","fromMe":true,"id":"C568F76D37126F7F2377407EB6658C16"},"messageTimestamp":1751766285},{"key":{"remoteJid":"94713703177@s.whatsapp.net","fromMe":true,"id":"6018E478969555B13155F0FBA9AEEAE7"},"messageTimestamp":1751766291},{"key":{"remoteJid":"94713703177@s.whatsapp.net","fromMe":true,"id":"D12D8A9194985E89484BA29F02811CB8"},"messageTimestamp":1751766304},{"key":{"remoteJid":"94713703177@s.whatsapp.net","fromMe":true,"id":"233B4A1BF8FD9A2EC5FDFD2306B8CE80"},"messageTimestamp":1751767133},{"key":{"remoteJid":"94713703177@s.whatsapp.net","fromMe":true,"id":"D1810BA72947FC403A181DF8E2A5044E"},"messageTimestamp":1751767137}],"nextPreKeyId":131,"firstUnuploadedPreKeyId":131,"accountSyncCounter":1,"accountSettings":{"unarchiveChats":false},"deviceId":"7ZiMyYSwS962D0VvuhsIrw","phoneId":"73498a16-8bab-4d2c-9ffb-dccc8c8a1a52","identityId":{"type":"Buffer","data":"H3+sfRS9mqKEvdFm5I6oAQmSDBo="},"registered":true,"backupToken":{"type":"Buffer","data":"ikQl0q7laX2zWLiWY4a791lqrN8="},"registration":{},"pairingCode":"MHJJ76EJ","me":{"id":"94713703177:53@s.whatsapp.net","lid":"175011511988329:53@lid","name":"Avishka Manoj"},"account":{"details":"CMmOr7EEEK+op8MGGAIgACgA","accountSignatureKey":"xEtYUKqBE2bjIoQFQIY5FquwR1gyS06Jftgt68aAvj8=","accountSignature":"qiGYPL+UtkX2OcDWqF9wtT2GChnwk2irIubBI+dv1p8uqlQBzKnAkvUFUxCJfyfK/GD1lQiVcAE3Mh2AxOn6DQ==","deviceSignature":"QkNMollqa53T7IWQldZD8I4n3ppp72jqKwM+CPWF7/VcaxtxkMCv40vMmwf6DCNk6axVwNd6vHhb7govxIyKCw=="},"signalIdentities":[{"identifier":{"name":"94713703177:53@s.whatsapp.net","deviceId":0},"identifierKey":{"type":"Buffer","data":"BcRLWFCqgRNm4yKEBUCGORarsEdYMktOiX7YLevGgL4/"}}],"platform":"android","routingInfo":{"type":"Buffer","data":"CAIIBQ=="},"lastAccountSyncTimestamp":1751771769,"lastPropHash":"3R9Z39","myAppStateKeyId":"AAAAADKu"}