{"noiseKey":{"private":{"type":"Buffer","data":"cIreFOlUNb5X7EsBJ1y7GYHdbJKpneG21ODZv2tlCHU="},"public":{"type":"Buffer","data":"RnEujzIA5+Y31a/aYOc1g+RcDMEW4hQznxkZ/9NM5w0="}},"pairingEphemeralKeyPair":{"private":{"type":"Buffer","data":"4FeQQ9sYqB3ikTm/Y3SThDe1ZQ17mcITwXrfkOoe1nU="},"public":{"type":"Buffer","data":"r3zcqTbkAJOuPtcgVPurFBhsvzfx695kp0RLtZSqGSA="}},"signedIdentityKey":{"private":{"type":"Buffer","data":"cP4CuK4r9Xd2f1gEr7tMCh5uLp2Z6VpWHDInnpjXEmk="},"public":{"type":"Buffer","data":"lP8cQtSx1+zr98igOWqFiDPqpB4YkUO73jPtXA8SGD0="}},"signedPreKey":{"keyPair":{"private":{"type":"Buffer","data":"iM72VGFjyqmWtnm9NOpT63bMdI+HXeIPxT8gugsAEXw="},"public":{"type":"Buffer","data":"zes0AO2RqyFfOJepG8DaTq5aGmjjp8oWzsemZ9gbGhU="}},"signature":{"type":"Buffer","data":"AvGZ0D+R2MhRyRLUcEZM42w1BuMkWakpCrcPugiGw1zv1T3DrrQGCiKj3MWAlistlU1L3XYPpx/s1McAVFIvDA=="},"keyId":1},"registrationId":26,"advSecretKey":"O61X0ax3jBrEatV7FVZPB5hkT0wiJRkvGBXgNCvRMiM=","processedHistoryMessages":[],"nextPreKeyId":126,"firstUnuploadedPreKeyId":126,"accountSyncCounter":0,"accountSettings":{"unarchiveChats":false},"deviceId":"AwqGFvDRSxue8GxJB9fH0Q","phoneId":"97df00a1-0c73-4328-a723-d753790dd3d6","identityId":{"type":"Buffer","data":"RKNLpvU+VIrQbbEney0BUrl82GM="},"registered":true,"backupToken":{"type":"Buffer","data":"oS62VrPE4Mbz6u3/NdUNYawic5E="},"registration":{},"pairingCode":"A8QP44TS","me":{"id":"94773295292:18@s.whatsapp.net","lid":"20259545284695:18@lid","name":"ɪⴕ\"ᴢ Ｍᴇ| °🤍⃟🦋__________"},"account":{"details":"CKOom9cCEIXqqMMGGAEgACgA","accountSignatureKey":"kda3HPsuKblzd30W6ba9xzdF1lxGM9wqaNUuKsBTczk=","accountSignature":"yirvRLZl5+Yt/lYOJtePe8v6ejQjnYkhGRwE7j1ixoF9clqPxuGK3q9Kc88tgbkzKLMTS8dXQTdc1RvqPNSeDA==","deviceSignature":"M+txr2OBd6Q9JvM77tQ5YmKbQYp7o6zM8hj018uzrWiph0L5H2WyCgc4/H6D3N3DiH7s7+cwirQkykFC4WWxDA=="},"signalIdentities":[{"identifier":{"name":"94773295292:18@s.whatsapp.net","deviceId":0},"identifierKey":{"type":"Buffer","data":"BZHWtxz7Lim5c3d9Fum2vcc3RdZcRjPcKmjVLirAU3M5"}}],"platform":"android","routingInfo":{"type":"Buffer","data":"CA0IBQ=="},"lastAccountSyncTimestamp":1751790866,"lastPropHash":"1K4hH4"}