{"noiseKey":{"private":{"type":"Buffer","data":"UHnHyVti2eOdN6+dq4FEsl3ihSD1jYJ8VOr26m14mn8="},"public":{"type":"Buffer","data":"T3Fwm5A5RsIfp7+GcP2U33LEZvYu9Ml0NXLu+LKPFwA="}},"pairingEphemeralKeyPair":{"private":{"type":"Buffer","data":"eInfLiPQM0qu432n3+X8lR2f8o4NOMFurD8F5wIwUG8="},"public":{"type":"Buffer","data":"I+d+AEtZ85kBJV/Bt+wst+V7BgpLj6gW6abHA3PlH1Q="}},"signedIdentityKey":{"private":{"type":"Buffer","data":"2C/63QNvr7Y42uyXO1ckR7GAgpGmib//Glz+Pjqqo0k="},"public":{"type":"Buffer","data":"vzeJoyGGk7MpeFl2EGttuzJ769e5LCuEgiXqi6KAOB0="}},"signedPreKey":{"keyPair":{"private":{"type":"Buffer","data":"cLxKhfRzDUHM7MZcyo3iVVuEAHqDFW/frmzP4/oPX2M="},"public":{"type":"Buffer","data":"Wdg1uXu0WZVyZRZwznxr77JIZRZdp4R9RZVT4qgXK3o="}},"signature":{"type":"Buffer","data":"6nKKI+vv6UcUFOBBS1p9/sL/7JvqNekBLD58DajwxroGgjtzwcbBJrnFMaCGSlp8OMcT2O3WdYbwUTvsGRH3jQ=="},"keyId":1},"registrationId":220,"advSecretKey":"Ii76eNG7jeCjw9l+0NgWMw8gYNx46S2RP2lHr4VckcI=","processedHistoryMessages":[{"key":{"remoteJid":"27798505400@s.whatsapp.net","fromMe":true,"id":"31F8FA242FF265BB7043895359D1CDB9"},"messageTimestamp":1752336616},{"key":{"remoteJid":"27798505400@s.whatsapp.net","fromMe":true,"id":"088C39A3ABDF4D68A23A0F83E3E337DC"},"messageTimestamp":1752336617},{"key":{"remoteJid":"27798505400@s.whatsapp.net","fromMe":true,"id":"4DEED51303D9EE01210201F1D4CD3F9E"},"messageTimestamp":1752336677}],"nextPreKeyId":68,"firstUnuploadedPreKeyId":68,"accountSyncCounter":1,"accountSettings":{"unarchiveChats":false},"deviceId":"zGFZaQu_T0-aZko_j0wv1w","phoneId":"fb3aba24-9ef2-440f-946c-bdbdc9f27e2b","identityId":{"type":"Buffer","data":"2AUS+ErnkJdVB9xDotlG4GUl4AM="},"registered":true,"backupToken":{"type":"Buffer","data":"tsb6NS0S3RYRFBL2wRBx2iZ458U="},"registration":{},"pairingCode":"H684GZ8N","me":{"id":"27798505400:7@s.whatsapp.net","lid":"251342140522534:7@lid","name":"Rehan"},"account":{"details":"CJzWloYEENWRysMGGAIgACgA","accountSignatureKey":"emMTEw443YcPc6A2C6WIv+PC0oRh1KhPkAI07pPkZyQ=","accountSignature":"3ne5XmM1NHbM+8SXwG4DtwVY7fd5XOXsJfQOC9Ee4sMFjiSSoZ3q8CXoI5Sxr+CvtLrZ7JpQ/wMsnv6Vy6ahCQ==","deviceSignature":"kLvIOsAsnukU5kw3lnd8bBTy74iN+7WVUx+Nq89KE1A7Vlk6xiOsQ9dou/MyNWoUPF289tZRTdXjU6sTzB5Kjg=="},"signalIdentities":[{"identifier":{"name":"27798505400:7@s.whatsapp.net","deviceId":0},"identifierKey":{"type":"Buffer","data":"BXpjExMOON2HD3OgNguliL/jwtKEYdSoT5ACNO6T5Gck"}}],"platform":"android","routingInfo":{"type":"Buffer","data":"CAMIBQ=="},"lastAccountSyncTimestamp":1752350542,"lastPropHash":"2V77qU","myAppStateKeyId":"AAAAAAvT"}