{"noiseKey":{"private":{"type":"Buffer","data":"0AkEa369NZsrlkZ8wzFIhwFr4ngBOgNAopqRPvYUWmk="},"public":{"type":"Buffer","data":"ulOpqJzanmPZXa+wDC0PaZ3hDK+sX+cLyw7vPqZaySg="}},"pairingEphemeralKeyPair":{"private":{"type":"Buffer","data":"GIs2eR4Hl8OFC6DsCONUgqg2/1cWuemSjWQ6nl87hEo="},"public":{"type":"Buffer","data":"v+Tr8kz820ZgrjHgcghcgeLJyMcBf43DhC0DvP57dHc="}},"signedIdentityKey":{"private":{"type":"Buffer","data":"EC+IRawnnOXhVr4KPzaOXEQ0C8VZyEwNu6zhWKAVt3Y="},"public":{"type":"Buffer","data":"PQTWu7UL9dTEvdt9920ZdjeMrTEBmywMNwYVsKUEBCU="}},"signedPreKey":{"keyPair":{"private":{"type":"Buffer","data":"YG53W1DaM7KP2CjNF90Xajk6OicgoXOHp6+/58RXrVY="},"public":{"type":"Buffer","data":"B6wuV59XzXmrvGEhwHp9oRw5uQDSvqgSE+ulK6RLmEE="}},"signature":{"type":"Buffer","data":"WLuM80V1W6/sEPwEfmjn1DlS/a7sTPF//F2a3W3b9ePkd4lfTmvbbLbv49jbQGMykuvAqvq/8hggYox01yj4CQ=="},"keyId":1},"registrationId":159,"advSecretKey":"HTE2iEpZI9KvIHxqiW48mJQiVxRNerh5+4KKBoH7AvA=","processedHistoryMessages":[{"key":{"remoteJid":"2349064176230@s.whatsapp.net","fromMe":true,"id":"C60A49DA951B73FA820BE8D42CC45901"},"messageTimestamp":1752257041},{"key":{"remoteJid":"2349064176230@s.whatsapp.net","fromMe":true,"id":"5167EF028A0E5169EAE9F19E3AB250DF"},"messageTimestamp":1752257043},{"key":{"remoteJid":"2349064176230@s.whatsapp.net","fromMe":true,"id":"078E94CB158C3ECC0E1F1366ED5F2213"},"messageTimestamp":1752257106}],"nextPreKeyId":496,"firstUnuploadedPreKeyId":496,"accountSyncCounter":1,"accountSettings":{"unarchiveChats":false},"deviceId":"c68uMFL3TO63LgY7gU1VCQ","phoneId":"5a83ed6c-c6fd-4fce-9fc4-9041eb0713bd","identityId":{"type":"Buffer","data":"J/YHQYrxGD5jAJHKFda3VyGY2W8="},"registered":true,"backupToken":{"type":"Buffer","data":"wp30yjK6EzRDrFMKSfzbZR8Nq4E="},"registration":{},"pairingCode":"SJG9MJJJ","me":{"id":"2349064176230:2@s.whatsapp.net","lid":"232762095210670:2@lid","name":"𝑁𝑜𝑏𝑜𝑑𝑦"},"account":{"details":"CLrEtIwFEP2jxcMGGAEgACgA","accountSignatureKey":"jaSSnTP3jHDTEJDS2tLxEiNtkgmXE1iztwpPD3YsbF8=","accountSignature":"JRsnlx3sXC4q9V4rD+5xWln/nhhsiFGdEcUKAWyAjRbnhmxTDSISZv+luUIlt+A4pi4Md8bRk9Wc/uloQ1PyBA==","deviceSignature":"/0Ikmg5ZU0aLuYZIKXZp7w5eIq55bihgKzgs7/JxeKQQldSaeLPLYv24+21IUGoCd4c9XPuUD6oKkOQFhh20AQ=="},"signalIdentities":[{"identifier":{"name":"2349064176230:2@s.whatsapp.net","deviceId":0},"identifierKey":{"type":"Buffer","data":"BY2kkp0z94xw0xCQ0trS8RIjbZIJlxNYs7cKTw92LGxf"}}],"platform":"android","routingInfo":{"type":"Buffer","data":"CAkIAw=="},"lastAccountSyncTimestamp":1752545973,"lastPropHash":"2P1Yhf","myAppStateKeyId":"AAAAAHYO"}