{"noiseKey":{"private":{"type":"Buffer","data":"WGE049qB1s4tf2NAQjvfrN47meZgfve5i7zzgHHaznY="},"public":{"type":"Buffer","data":"eItD16/ZGCKAcanLMKGzj6PYHGzX3SAOY9TqCbxmYwA="}},"pairingEphemeralKeyPair":{"private":{"type":"Buffer","data":"sA09V1CrTnqPZwxKvOQoU5+VrlWr6WBY45l/JNZ/bE0="},"public":{"type":"Buffer","data":"z7FAENtGXzbBwd6fB4Ed1cN0DcSEgzxKWrSAd4Wgbwk="}},"signedIdentityKey":{"private":{"type":"Buffer","data":"wNRkYDD9ZN+JOOZ8dyUZ2Ljak7lh747fJAOs3CSyr38="},"public":{"type":"Buffer","data":"lIR7kXpuF9MZ8GmT939tsjmi39W31VpQAYqEr/PbTUY="}},"signedPreKey":{"keyPair":{"private":{"type":"Buffer","data":"0E+8KlZwJuMnoedkd07Pws2TnWlgQKkwqmC56pdkj3U="},"public":{"type":"Buffer","data":"DIrlQCPuGJT+xxVUvrGYF41Bqdqm46Wx9+R8PpKlSz8="}},"signature":{"type":"Buffer","data":"Jqp4740Cb/7p2hQwniiUjRQ77uhrWW+j5aOeiEWxYuEQ4FJ5F9wDtfkGCZiiQwhus0oqh9FDm/jNGtFyo0Cjhg=="},"keyId":1},"registrationId":113,"advSecretKey":"SLsYP286/Dt/9mAwoQ5vv88rb+Ysg78vB3P2BalW8sM=","processedHistoryMessages":[{"key":{"remoteJid":"94763007898@s.whatsapp.net","fromMe":true,"id":"57F7D5ED7AB100DCC978BD6EB95D6E71"},"messageTimestamp":1751873406},{"key":{"remoteJid":"94763007898@s.whatsapp.net","fromMe":true,"id":"05070F3DBF3FD5D5769E8FDDD08B893A"},"messageTimestamp":1751873406},{"key":{"remoteJid":"94763007898@s.whatsapp.net","fromMe":true,"id":"155FF42B03E5951A56D44633C1B85215"},"messageTimestamp":1751873416},{"key":{"remoteJid":"94763007898@s.whatsapp.net","fromMe":true,"id":"BD8B9502A9A5FDC6B6777EF504BB535E"},"messageTimestamp":1751873416}],"nextPreKeyId":31,"firstUnuploadedPreKeyId":31,"accountSyncCounter":1,"accountSettings":{"unarchiveChats":false},"deviceId":"QWmFRLdxTP20AP3sxF9Pgg","phoneId":"d9f7b9c0-1441-46eb-951c-4b76e72fa2f4","identityId":{"type":"Buffer","data":"wYyhzvm2Lm2nvx//a8PX3+B1J4o="},"registered":true,"backupToken":{"type":"Buffer","data":"etobquSXPe0ZNg5jKmpuqrENog0="},"registration":{},"pairingCode":"FTL79CKR","me":{"id":"94763007898:10@s.whatsapp.net","name":"~ᴏʟᴅ ᴋɪɴɢ ʟᴏᴋᴜ ᴅᴏʀᴀ ʙʙʜ","lid":"256869679497436:10@lid"},"account":{"details":"CMew4foDEO7urcMGGAMgACgA","accountSignatureKey":"Zk+bo8/L1qUAoDGrW32lq9lyETYJvBFxNZj+6geqFh0=","accountSignature":"GdZcUtxox9EzMHFmYBngSvQgbmCEhYt967K5HL/KbdBgnZ7NGqEutlKe10Cg1hDssknFaIgGMD6M5xwnbmWdBA==","deviceSignature":"fEioqUY1hjievKN0iW7Dii2X8my0aDsL+s8SbOY/8ntrQyKQLVu/uVwNoM7YJwkO2CD0Byym+GLUkJ6tBkY9jQ=="},"signalIdentities":[{"identifier":{"name":"94763007898:10@s.whatsapp.net","deviceId":0},"identifierKey":{"type":"Buffer","data":"BWZPm6PPy9alAKAxq1t9pavZchE2CbwRcTWY/uoHqhYd"}}],"platform":"smba","routingInfo":{"type":"Buffer","data":"CBIICA=="},"lastAccountSyncTimestamp":1751873403,"lastPropHash":"1K4hH4","myAppStateKeyId":"AAAAAGVB"}