{"noiseKey":{"private":{"type":"Buffer","data":"6FSoSTo//Lu3HQ1OUsjfuXYj4OM8BzlVHKMW5Tp+6V0="},"public":{"type":"Buffer","data":"LrlV+GyyyD7PZHzYc+lstqQON03zOmNiDZLvTz+Gvk4="}},"pairingEphemeralKeyPair":{"private":{"type":"Buffer","data":"ELMmWE+yQK5zhHHaGetkk5CVLhoiL5rY9UIHT/CDRHY="},"public":{"type":"Buffer","data":"y2joApFIdErDoGbP+Z0PM901Gk9Lml4PmItY+3PVpDo="}},"signedIdentityKey":{"private":{"type":"Buffer","data":"qMY8Hcw6gSo7QXgA+SLx2WPNhn0BKt5vovQJPXubvXo="},"public":{"type":"Buffer","data":"wA4kV5zgnc3Ffwe1fZZMi3J1kX9Fpm7TZDxh6FzB61g="}},"signedPreKey":{"keyPair":{"private":{"type":"Buffer","data":"cHrmhE90bxYus8rXu5ifHiKhFEWtJ5YCIe42Y1irN1U="},"public":{"type":"Buffer","data":"mbh1r5fLH8FPnOk+D91HSYgIn3bYPLY4G2H7L1ATLGc="}},"signature":{"type":"Buffer","data":"6Mo6luRPDtiabk7RQY5Nw9Evb1GP6pqTMTqLbIjDK8PgZfPsqvNaLYZCjroEOtLDoiZ9gbLceivdqvPhurv9hQ=="},"keyId":1},"registrationId":148,"advSecretKey":"VPR2bj9M+ydFgzgH2RFGDJOvp35g53iHnTIOsyJKyl8=","processedHistoryMessages":[],"nextPreKeyId":1,"firstUnuploadedPreKeyId":1,"accountSyncCounter":0,"accountSettings":{"unarchiveChats":false},"deviceId":"whyq3zbmSVyXs6PHHVcvxg","phoneId":"c9fed4da-ce12-492f-9353-b35df6882426","identityId":{"type":"Buffer","data":"o9WlzwvX37iogVPavMeQUczLqvY="},"registered":true,"backupToken":{"type":"Buffer","data":"T0b07TLcghPEsZngzo87IhYNAz4="},"registration":{},"pairingCode":"SQR182P1","me":{"id":"94742887352@s.whatsapp.net","name":"~"}}