{"noiseKey":{"private":{"type":"Buffer","data":"YBWplm9j2QGsU2SoNbx/kSy8gvMocg6CkZhpOmnynVI="},"public":{"type":"Buffer","data":"i+isI3DB/7nstTcomOb1j4VpCztwRoq7pfsV0EfmalE="}},"pairingEphemeralKeyPair":{"private":{"type":"Buffer","data":"2MUj42lclpVKzbpovHJNblrBOXQAZQPghKhnlDDIkHs="},"public":{"type":"Buffer","data":"OctZP45CWilWpA3ha62xozWFO5NkXz+qnyRxM9XEOlY="}},"signedIdentityKey":{"private":{"type":"Buffer","data":"2I9DJX5SToF1lG+i9oTq0TjuyuR/YUSU6bXmOwfIa0A="},"public":{"type":"Buffer","data":"r020b6dutjQZpSOkPXStLDqx3Clx3+HrkfgmNcmLgC0="}},"signedPreKey":{"keyPair":{"private":{"type":"Buffer","data":"CI6G17gMJuP3kZ4l4tFLHK8SjxuvpmvKpo0rKV4+e3k="},"public":{"type":"Buffer","data":"ybOvcSQ7KBBPCQNpLI5UK7CQRUhiZSfsLzDSEIhCOkI="}},"signature":{"type":"Buffer","data":"OInn4O0cVs5X7N+1kYqyo9rp6PaoAMfs2SUs1vbbcP1hq1CllJXnqwiRsRjbEnSfJWpGzXHvPJfM6dPayfW9Cg=="},"keyId":1},"registrationId":156,"advSecretKey":"6RDpcptRWwjIkI5E/WaxEfvGYgBcQAjMcDIH2eEs5Po=","processedHistoryMessages":[{"key":{"remoteJid":"94721063341@s.whatsapp.net","fromMe":true,"id":"7415BE6DBA59D6BBE0017264441D6066"},"messageTimestamp":1751731108},{"key":{"remoteJid":"94721063341@s.whatsapp.net","fromMe":true,"id":"279FF82AF20B750B44F4FDA4C1B47D3E"},"messageTimestamp":1751731108}],"nextPreKeyId":134,"firstUnuploadedPreKeyId":134,"accountSyncCounter":1,"accountSettings":{"unarchiveChats":false},"deviceId":"MdkxsqmjSbaQ3vqCHI7KXg","phoneId":"57426c4f-212e-4329-966b-48e7a6a892ae","identityId":{"type":"Buffer","data":"ndrFHHeEukclgYaVhmuBfvohNTg="},"registered":true,"backupToken":{"type":"Buffer","data":"OlGbT3KqrMx94OrhLpvfWBu5Bgk="},"registration":{},"pairingCode":"TAJPTN4C","me":{"id":"94721063341:26@s.whatsapp.net","lid":"35567127507131:26@lid","name":"Yashmika"},"account":{"details":"CI7P6cUDEIuXpcMGGAIgACgA","accountSignatureKey":"kDBemgou8TsnSmqviJeylGprMcEiTnuJdU1cykodCw4=","accountSignature":"62DTFhnytArO6D2dZV3Dyd1sGTkjX0XwZ+odcEHlFPpGVY6ZRRuK1ULHk6U21unsv9aMTV613MiEw4iT9oa6Aw==","deviceSignature":"wapdeHuy6vlM8wyuaIp6QlNqOwAINgM357ayOJnZvqqkLD0pvIClWRuQ81ClHhSSpEfTcHg/PH2NB7jQupOZBg=="},"signalIdentities":[{"identifier":{"name":"94721063341:26@s.whatsapp.net","deviceId":0},"identifierKey":{"type":"Buffer","data":"BZAwXpoKLvE7J0pqr4iXspRqazHBIk57iXVNXMpKHQsO"}}],"platform":"android","routingInfo":{"type":"Buffer","data":"CAIIEg=="},"lastAccountSyncTimestamp":1751737509,"lastPropHash":"PWk5B","myAppStateKeyId":"AAAAAInQ"}