{"noiseKey":{"private":{"type":"Buffer","data":"WEQA7gx/mTmLoUf22BoE6QHfBKkhF9Ko8FOkqZb5IGs="},"public":{"type":"Buffer","data":"jlR6zD8Zfd7z8vsNB9pH+kXu2SY/MswVYihkyvYzW10="}},"pairingEphemeralKeyPair":{"private":{"type":"Buffer","data":"0KKqU7D5H7i/aEKF9B4mDjdMdkRoc62/++JtqnFqAVc="},"public":{"type":"Buffer","data":"yUcRhYvNGSJ+F/UCVpz3ynVfP9++aiKlofRiHomi5m4="}},"signedIdentityKey":{"private":{"type":"Buffer","data":"+Igq96PNlayh6rNkC1Y6Y+mCxzOHHhnreDSXYwJoV2s="},"public":{"type":"Buffer","data":"WHHvWBYKstr59nKzJDyTEOJ9oTYZP1I8qgvJOBPXUBI="}},"signedPreKey":{"keyPair":{"private":{"type":"Buffer","data":"aPylFY8DUIB8G2ABHV6OJjzvM0bWE0Fl5HQb2980Clk="},"public":{"type":"Buffer","data":"MZkmWHlt6QD16+2pEGAr6egjm2pS5d88u9i1h1zqlwE="}},"signature":{"type":"Buffer","data":"Oo0Tc1XHw8Mt61soP5IJF+1GKIvO5kXwVzbvx7pl0aIR714CQ45kmQ6KRWNjxugIapo+5/bzuHe9s8uzGdntiA=="},"keyId":1},"registrationId":9,"advSecretKey":"zjglbOZlrHWolSVakeuqKhvdxAA2Fe5ze5yOm8ae1o4=","processedHistoryMessages":[{"key":{"remoteJid":"263783801150@s.whatsapp.net","fromMe":true,"id":"303043F066E9415B0DB7C19D2CA93531"},"messageTimestamp":1752341662}],"nextPreKeyId":31,"firstUnuploadedPreKeyId":31,"accountSyncCounter":0,"accountSettings":{"unarchiveChats":false},"deviceId":"YOi1Vn7rS3mtR7k6ycbZkA","phoneId":"6a31701b-93f6-4525-9f33-097174a8e2ec","identityId":{"type":"Buffer","data":"Ghmtxa7wa9qkHNeQaCgrBv0Z2Kg="},"registered":true,"backupToken":{"type":"Buffer","data":"hAkrbc/784zvcMZ2Lv8OZntN02o="},"registration":{},"pairingCode":"FDNLSHGE","me":{"id":"263783801150:2@s.whatsapp.net","lid":"66602645106932:2@lid"},"account":{"details":"CPbsj9UHEIq5ysMGGAEgACgA","accountSignatureKey":"T0SVuWss+U6OtZL3gpQ/ifaXJbYyrarICvagJUiVcEo=","accountSignature":"7323tI7kGbVuWIgye6MP7sbaLmcFx2S/W4IVRDeUjyXdRm+IjfALfrg5DDreXHsC0UomhXJ5v6Hje9AESsc5Dw==","deviceSignature":"Z43K2AsiDuxYsVR72OT+5xmNAqDYH+O36DWjgDXYJSFtbycpuKcET6PBJLkaP8wpUUnYqkvJ4TpKUuA1utnyhA=="},"signalIdentities":[{"identifier":{"name":"263783801150:2@s.whatsapp.net","deviceId":0},"identifierKey":{"type":"Buffer","data":"BU9ElblrLPlOjrWS94KUP4n2lyW2Mq2qyAr2oCVIlXBK"}}],"platform":"android","routingInfo":{"type":"Buffer","data":"CAsICA=="},"lastAccountSyncTimestamp":1752341656,"lastPropHash":"2P1Yhf","myAppStateKeyId":"AAAAABFb"}