{"noiseKey":{"private":{"type":"Buffer","data":"SH+UAVjNG1XxCbo216QP4ov16UKxoYHxQrxohs3bHmM="},"public":{"type":"Buffer","data":"AhiR/jAMc0F5RjrisVS5wOa92gQ0YrHarQg+bkdx4Xc="}},"pairingEphemeralKeyPair":{"private":{"type":"Buffer","data":"iGvH3eHi6B+0omffVKpbj6+FgLclTl+veTeMhj7S0Ek="},"public":{"type":"Buffer","data":"eiUWU5JYLOx73BzTC33h/AH5YB1UgCUKaup0SUO9jHw="}},"signedIdentityKey":{"private":{"type":"Buffer","data":"uB3MvJ6jE/RnMlrVFT3WfRQ736Vp8ubabD9pjQjYEHc="},"public":{"type":"Buffer","data":"rrwKeQ3295mYBZ3KQcFFEeeAXKwXWxY0BqqDnsPssE4="}},"signedPreKey":{"keyPair":{"private":{"type":"Buffer","data":"AIavd5Gg7KWttgZQ+dUScUi6C+bilUD+/ar13WyJh24="},"public":{"type":"Buffer","data":"dPU2uBlhzUBCIZYTI7uOXWMgj5JSzAmpgB5QTcr+ri4="}},"signature":{"type":"Buffer","data":"iltRHc82Mei9fgSuxiOltE6Pi6Ggdyp6I8pCVjO0bL0L6v/BqgvQHISf6fl4Ad3TrMByG4VBWZCiGnEE7dvPDg=="},"keyId":1},"registrationId":118,"advSecretKey":"oQRcYKfHe1w/8P958uyQ6FYIFp/gCYG9H7gbpP0QkkA=","processedHistoryMessages":[],"nextPreKeyId":1,"firstUnuploadedPreKeyId":1,"accountSyncCounter":0,"accountSettings":{"unarchiveChats":false},"deviceId":"YDQ7vwkjS1CFsNIqskJKcg","phoneId":"cdd7e598-d396-4583-ab17-252c7d8126fd","identityId":{"type":"Buffer","data":"E5A7MEnnbRlM/FUwq+Y001YXhKE="},"registered":true,"backupToken":{"type":"Buffer","data":"xIhME5cRHShF3QtZaLd0Ysy+HRs="},"registration":{},"pairingCode":"9QQ3KZBD","me":{"id":"94725965874@s.whatsapp.net","name":"~"}}