{"noiseKey":{"private":{"type":"Buffer","data":"aDzIydhM+kl8AZ7etkbFxta32cgmtCztVjR8DUorK2o="},"public":{"type":"Buffer","data":"5TgHWGF9K1hs7eSqUhpIm2EDWHiRvuBgsE6IZPecGSI="}},"pairingEphemeralKeyPair":{"private":{"type":"Buffer","data":"WBDmqiPdlQdBjZXfDKTeCoL5KbAGM4kmvun7NfwSoUw="},"public":{"type":"Buffer","data":"aDf7UhuPn/mpqi6d1v2hmDjPY1ZYdkvtzir8kiRS8XU="}},"signedIdentityKey":{"private":{"type":"Buffer","data":"UFNrexNuw4ut8Yk9GVbNrCIox0uMs22CmfD9EpthWGU="},"public":{"type":"Buffer","data":"R39lMAkPszXHOAz1xIGMARzzlKN+rQS2GYFLevh/H3g="}},"signedPreKey":{"keyPair":{"private":{"type":"Buffer","data":"II3BZGUx3qthBnMWyoruc8OwJXCcRUsX4WQBPuF8YlU="},"public":{"type":"Buffer","data":"hNuEHZDFK3CNwp/8Gu1Jf7O2GP1CEB5IFO6K1fEj2hI="}},"signature":{"type":"Buffer","data":"JJkTo47ZHtpSfYGZan69GA73J2kRULszuJGiT/qgQsDEaPoor+CZRZSyoE5wmtMdpel7NkXqu7i3szIP/XrjAg=="},"keyId":1},"registrationId":70,"advSecretKey":"PV3RkXrRQ33wKKEaquW3PEv0bLRSbVa4WVmvVQ8i0w0=","processedHistoryMessages":[{"key":{"remoteJid":"94759371545@s.whatsapp.net","fromMe":true,"id":"66CDC6FF2E2E305F5D62FBE264FF18CB"},"messageTimestamp":1752335117},{"key":{"remoteJid":"94759371545@s.whatsapp.net","fromMe":true,"id":"BC75CA4C9211DDB154EBC878EB7F1838"},"messageTimestamp":1752335120},{"key":{"remoteJid":"94759371545@s.whatsapp.net","fromMe":true,"id":"2B6799749E226D44F7CF82C480849DFF"},"messageTimestamp":1752335153},{"key":{"remoteJid":"94759371545@s.whatsapp.net","fromMe":true,"id":"555450737035C3E5C5AC02693484A38C"},"messageTimestamp":1752335166}],"nextPreKeyId":253,"firstUnuploadedPreKeyId":253,"accountSyncCounter":1,"accountSettings":{"unarchiveChats":false},"deviceId":"pIkWi1MnTrumlMv6v2luHQ","phoneId":"7e2a484c-6f3b-4885-b46f-f9a3055a5788","identityId":{"type":"Buffer","data":"/gcz+HM0kUvAiIWMreqWVS6m+K0="},"registered":true,"backupToken":{"type":"Buffer","data":"gE+dmXzjBPXk9B6u8OyMGHnt2oY="},"registration":{},"pairingCode":"ZG21XAE7","me":{"id":"94759371545:31@s.whatsapp.net","lid":"135833189404852:31@lid","name":"JAPAN🤝 & KORIYA 🐉"},"account":{"details":"CJX6zfcBEPyFysMGGAIgACgA","accountSignatureKey":"nwbckSq9slQuwyQEUZITKPMk5yFjhb6GJz2OMeMO0Hg=","accountSignature":"vIOmHDFCFjDCltuWd1V5yXpEaW8aIeha+9rxrRArAliwbvECwLRcQfBi8UROnIJl9o+I+BtT7PRSTfmLgataAw==","deviceSignature":"9SI7htEIxhWy3VXxD62WhS7rFpKT93hpfZmtjUtTtMobrTHM5YL1aTrT2Bp8yqynbm16+iq80wxlhiIezBDDBw=="},"signalIdentities":[{"identifier":{"name":"94759371545:31@s.whatsapp.net","deviceId":0},"identifierKey":{"type":"Buffer","data":"BZ8G3JEqvbJULsMkBFGSEyjzJOchY4W+hic9jjHjDtB4"}}],"platform":"android","routingInfo":{"type":"Buffer","data":"CA0IAg=="},"lastAccountSyncTimestamp":1752414444,"lastPropHash":"3R9Z39","myAppStateKeyId":"AAAAAD+J"}