{"noiseKey":{"private":{"type":"Buffer","data":"ONShV3DUzp1XkzxIcKjDp7KghHLQRdzE4po1/neb8lY="},"public":{"type":"Buffer","data":"o5n+/sOxN+TIWCcn287h+DLZt/j/182fg2Ocnxc1cxU="}},"pairingEphemeralKeyPair":{"private":{"type":"Buffer","data":"GNC5YQPt9Ho+FIvJw3zEc0A14IN/oFkdNeFvW2cR2WM="},"public":{"type":"Buffer","data":"X9JvSjBmXCe4q5EVh+BoD2RfAPTGU/gSMuobbwKk5Tc="}},"signedIdentityKey":{"private":{"type":"Buffer","data":"sDT0UKDH5oXxRwwdqWXg3qSA/dwl0u3IoVnxX9ah40E="},"public":{"type":"Buffer","data":"rjsCYkVNvboO9u4ChRb/9m5K8KfAd3TyjfSGDRQBiho="}},"signedPreKey":{"keyPair":{"private":{"type":"Buffer","data":"wH4gTfWK8MWGRNoYHFKcdPM/Zhi02kRoPPYnFfInA2U="},"public":{"type":"Buffer","data":"fTy7wdT2mus0+NO+3LedZOSpITt1p9RBbIBUaWYQwlM="}},"signature":{"type":"Buffer","data":"rwzPrsjHcKiL921JD5zpt6+hioy57A2xnywjNAwatKpHAnfYCI6n0LhPuE+ECtFPpoh0dcpV/Fc5MAMJ8crxhQ=="},"keyId":1},"registrationId":130,"advSecretKey":"w8UxgnvFxaZy1h1/uzItVaVyUliQKYUyJuP7toPqois=","processedHistoryMessages":[{"key":{"remoteJid":"94760835570@s.whatsapp.net","fromMe":true,"id":"A4AB3677331C44058C7A2731F20103B4"},"messageTimestamp":1751786014},{"key":{"remoteJid":"94760835570@s.whatsapp.net","fromMe":true,"id":"5249988074C622E2E29E69650B10ECF3"},"messageTimestamp":1751786024},{"key":{"remoteJid":"94760835570@s.whatsapp.net","fromMe":true,"id":"61778064784775DC61E04D0262493E07"},"messageTimestamp":1751786107},{"key":{"remoteJid":"94760835570@s.whatsapp.net","fromMe":true,"id":"2E42A69E9A1CCE3361BE0CBD30B92F6C"},"messageTimestamp":1751786599},{"key":{"remoteJid":"94760835570@s.whatsapp.net","fromMe":true,"id":"7752A62BE4500188A547975C36FF3D2C"},"messageTimestamp":1751786648},{"key":{"remoteJid":"94760835570@s.whatsapp.net","fromMe":true,"id":"1E59CD7A96109057D45D4FD6191CAE8F"},"messageTimestamp":1751786694}],"nextPreKeyId":213,"firstUnuploadedPreKeyId":213,"accountSyncCounter":1,"accountSettings":{"unarchiveChats":false,"defaultDisappearingMode":{"ephemeralExpiration":0,"ephemeralSettingTimestamp":1751789334}},"deviceId":"5oJmaIiHSdSNIxzVyF-nKQ","phoneId":"f60d0fd7-a1a4-462e-85af-82f51a66facb","identityId":{"type":"Buffer","data":"TQzGMiOQljoUigjQXiTcMhxnTAg="},"registered":true,"backupToken":{"type":"Buffer","data":"/8SD4xNwuyeoByfeLJjt3Cb6HM0="},"registration":{},"pairingCode":"3R3RYW9C","me":{"id":"94760835570:70@s.whatsapp.net","lid":"86384694001697:70@lid","name":"𝗡𝗢 𝗡𝗔𝗠𝗘"},"account":{"details":"CLb2/B8QgcSowwYYAiAAKAA=","accountSignatureKey":"dQxtrb2iQxXcFfHad3tE6jORPMel7Oj2UceOiFdatmg=","accountSignature":"FPp7KgbFmKY6q+HzxjfUeItMzpAmR+t8nII56esY1kwyUSw6g1xUPANEuvkeezcME4sZqvds4sRSwLDN8k1bDQ==","deviceSignature":"4/hRJyu7FR+J/7bDo/QWynNNplnz3VYZN5zwnrPDsvVU/wCs7FMrttW1bUTMCZbgH9tqxuwmQ5Ti7YU06Y7yiw=="},"signalIdentities":[{"identifier":{"name":"94760835570:70@s.whatsapp.net","deviceId":0},"identifierKey":{"type":"Buffer","data":"BXUMba29okMV3BXx2nd7ROozkTzHpezo9lHHjohXWrZo"}}],"platform":"android","routingInfo":{"type":"Buffer","data":"CAgIEg=="},"lastAccountSyncTimestamp":1751787435,"lastPropHash":"PWk5B","myAppStateKeyId":"AAAAAKEJ"}