{"noiseKey":{"private":{"type":"Buffer","data":"oEYecfc4BMaLLtgFJWfIAqKoTMKe4rb2c5Ox5/MGXnQ="},"public":{"type":"Buffer","data":"kWg12dMzb5b46XHi2BjlCvNBUvByQJqvcGs8aYAFhRs="}},"pairingEphemeralKeyPair":{"private":{"type":"Buffer","data":"AJxjdC5dLR/FIn+pSSJl/A/PwOgJ3PMid7NEI3vKGFo="},"public":{"type":"Buffer","data":"w+H7ruP3uI9xwggLx84Q7dsxFYgWH0wb4praaTSGSWU="}},"signedIdentityKey":{"private":{"type":"Buffer","data":"0MfoqtIq46tsOVhgyUsk/QJ9snMOI5j+aM3gTD0N6nI="},"public":{"type":"Buffer","data":"iq28uK6FG3JLuXpduwYJYAvvdc9Eejg8YDSlc3PxTw8="}},"signedPreKey":{"keyPair":{"private":{"type":"Buffer","data":"+PYtTug3xUpLrhKXndjE4hup6Jg+aKeJYafKRmhTPWM="},"public":{"type":"Buffer","data":"uFNPMdr5r72kdZJW2+fswGMw2BjvgPQ6wbfEhyJIwgE="}},"signature":{"type":"Buffer","data":"vaHSzc8FeLkm1JJrDzrQ/eQYtPXZ+Jm3ahFJTPzNtNBEn7xqc5qRN05MDFQPmBneDabw9wtAO/a+Bc2BhT45jA=="},"keyId":1},"registrationId":45,"advSecretKey":"ExO3m1DhVN+/72NNAViaCj5ZaYtzsZpsE3VtJuvmOiA=","processedHistoryMessages":[{"key":{"remoteJid":"923249798924@s.whatsapp.net","fromMe":true,"id":"FD171387B2979C9ED090D65135AE18EB"},"messageTimestamp":1751804816},{"key":{"remoteJid":"923249798924@s.whatsapp.net","fromMe":true,"id":"321BFF3BE89CD9CBE5749CD0815F1702"},"messageTimestamp":1751804827},{"key":{"remoteJid":"923249798924@s.whatsapp.net","fromMe":true,"id":"603CA4DDAB1BA387189090C42445E3C3"},"messageTimestamp":1751804896}],"nextPreKeyId":142,"firstUnuploadedPreKeyId":142,"accountSyncCounter":1,"accountSettings":{"unarchiveChats":false},"deviceId":"wRLmIWBXSnGM-VRr8okSSw","phoneId":"1ed0f745-d4cc-4ae3-9071-1f17749cb872","identityId":{"type":"Buffer","data":"85YMjEIO90aeYCEUyJzPsAjbJyA="},"registered":true,"backupToken":{"type":"Buffer","data":"WNdClBg/M84LHydcWRcaTrFK0FE="},"registration":{},"pairingCode":"1WX8X8AH","me":{"id":"923249798924:12@s.whatsapp.net","lid":"15879031025761:12@lid","name":"𝙈 𝘼 ن 𝙊 ツ"},"account":{"details":"CLaetOEDEPnWqcMGGAEgACgA","accountSignatureKey":"hJYnDD42mIzkcMYiJcaO/eHiF2dnIaBZ3n4TwyUNSkQ=","accountSignature":"Z3La7/vvW0o7WpbRq5AKu06GgRnJQhBTJcY58XnqXwFJZWaytfwFIFk+kPPH+HO4Ohfiu5YrHkmwySDoeBD0Bg==","deviceSignature":"K5GjJxJYhbONoAO/57dMOw7nmBA9j0TaTwsIOIgJL1KYmNyue+9vnISL9Tv7p3eqX0PIxZXUZGDVFSzNv07tig=="},"signalIdentities":[{"identifier":{"name":"923249798924:12@s.whatsapp.net","deviceId":0},"identifierKey":{"type":"Buffer","data":"BYSWJww+NpiM5HDGIiXGjv3h4hdnZyGgWd5+E8MlDUpE"}}],"platform":"android","routingInfo":{"type":"Buffer","data":"CBIICA=="},"lastAccountSyncTimestamp":1751808578,"lastPropHash":"2V77qU","myAppStateKeyId":"AAAAADkU"}