{"noiseKey":{"private":{"type":"Buffer","data":"CBriFf1jzU8kDLrOn9sO1yHnn+55o33soAA8MJNCCng="},"public":{"type":"Buffer","data":"utvvunYLfuOcQgFa/P/C3QUeSjJsh4Balk6FI0qgMQ8="}},"pairingEphemeralKeyPair":{"private":{"type":"Buffer","data":"wF9GmMwRx7oRfOCCDkToYvknd2b0yzMRkYUpa9CDRGM="},"public":{"type":"Buffer","data":"P6JitfE1zdEWxWjQkb40n9Y2M/KE/f4ux8CJhdsdMWU="}},"signedIdentityKey":{"private":{"type":"Buffer","data":"qEF+WaYmqWyBqTCXNWO30iRbvsZhfsvHdoSxcjRuQGw="},"public":{"type":"Buffer","data":"vgOh9UWdWYgw57MS2A49jvMZzVCY2xHsIe/N0d8smDE="}},"signedPreKey":{"keyPair":{"private":{"type":"Buffer","data":"AKzhORfOUs5oi7AOHvUhRkRC1CEVdeJbO9hug8lMSV4="},"public":{"type":"Buffer","data":"ZrQRU57kNqR8U6rQXtxwq2MOCqgKXsWVLMcIB5YEv1s="}},"signature":{"type":"Buffer","data":"z4jMU/zyaYe6gpH9tE/seqKQcI1lQUfAKDAZZQ5GHlm62GquDdx1Q53sYRq2hNrp43YhO1QHRc+GmhZ6QiWkjQ=="},"keyId":1},"registrationId":139,"advSecretKey":"Kd68bHdO9C0R7iOq3dpvA6ICE/h7l/JY05kvfSZwvH8=","processedHistoryMessages":[{"key":{"remoteJid":"94767851342@s.whatsapp.net","fromMe":true,"id":"E2367D7BC2F320F18959E8F63090F901"},"messageTimestamp":1751855698}],"nextPreKeyId":31,"firstUnuploadedPreKeyId":31,"accountSyncCounter":1,"accountSettings":{"unarchiveChats":false},"deviceId":"qP19HNVcRS-roRxFyXczxg","phoneId":"fbae203e-cb3b-4ab7-83c4-bc56466b404f","identityId":{"type":"Buffer","data":"jgYgJHyVmncQkr5c3nN0PHD8a4g="},"registered":true,"backupToken":{"type":"Buffer","data":"XMOCxY+TIvF4pBziIlK/Zrrk7h0="},"registration":{},"pairingCode":"R635AMWB","me":{"id":"94767851342:11@s.whatsapp.net","lid":"139647019647174:11@lid","name":"Nethu gril 🥺"},"account":{"details":"CKyfz9cGEMLkrMMGGAEgACgA","accountSignatureKey":"T+vUNzjqOBJ3hPuXSu8+JibMQlxNpxCwhHY6ekGhkS4=","accountSignature":"fsIMNiWpXaQxa9BiWw5ez9J/ltiBh65lX6r6S6Z1MqWrZlPDmi6HBejt9SiV8aQ78HB1PpD0Q58L/qQqR/nVBg==","deviceSignature":"zo5Kxn2ASTYp6QpXv6BHSH5jCEZgI7foJXcmj9lHD/k08invNjgwIIScnDiX7NRvZTmqGXMiIncp3hGdEyt3jQ=="},"signalIdentities":[{"identifier":{"name":"94767851342:11@s.whatsapp.net","deviceId":0},"identifierKey":{"type":"Buffer","data":"BU/r1Dc46jgSd4T7l0rvPiYmzEJcTacQsIR2OnpBoZEu"}}],"platform":"android","routingInfo":{"type":"Buffer","data":"CAgIDQ=="},"lastAccountSyncTimestamp":1751855695,"lastPropHash":"1K4hH4","myAppStateKeyId":"AAAAAO87"}