{"noiseKey":{"private":{"type":"Buffer","data":"cKel/yA+jBq7jikdzWZO2gyhmXtBzH8iOzwru+v2NFk="},"public":{"type":"Buffer","data":"plJVuNCTozW0oRGQYYgpH1+17ZHMz2ivoxCP/AzTIho="}},"pairingEphemeralKeyPair":{"private":{"type":"Buffer","data":"6FaAWm0uPDIoNt9z+/A3H9GVJ8owU9xzP8QhHd31ekw="},"public":{"type":"Buffer","data":"uXmztjeMfjpY88rbMSAH/F93MVDoK4n7DsBrYlh8DHc="}},"signedIdentityKey":{"private":{"type":"Buffer","data":"gIBviGQtMPfNbOgpMQ0kJ14vmSFAKJzmnccO4OLDg3E="},"public":{"type":"Buffer","data":"3yB4AQH4cclt6g/HL+B60WEsuP6Yp+248uuheF5m7As="}},"signedPreKey":{"keyPair":{"private":{"type":"Buffer","data":"gHKdb9XP2f0przI0Zg/OFmMY8dn0a6oAccHVx6VHG10="},"public":{"type":"Buffer","data":"miTmY2Cg7SY30n44tF1xeTttDUU6BMGkotuikVm/IFs="}},"signature":{"type":"Buffer","data":"rFi/UkjUYtQForOWD5gym5tdxpEa/7JrvZzEIsp1fodK+GvTyVAX9IGr3RrCqcA0a621tH6bcw4sDZw3ayxSjQ=="},"keyId":1},"registrationId":46,"advSecretKey":"e7Ke9TS6IWymsOhAVy9KE9H2NRVLQg1mRBO3nifRk5E=","processedHistoryMessages":[],"nextPreKeyId":1,"firstUnuploadedPreKeyId":1,"accountSyncCounter":0,"accountSettings":{"unarchiveChats":false},"deviceId":"ObHMJ9VATQW6RfYwcgeV_g","phoneId":"aeb432f1-5bdb-44db-99e7-85db6576af57","identityId":{"type":"Buffer","data":"nVpn7/xln1yP4Kasobt3gsDbFEk="},"registered":true,"backupToken":{"type":"Buffer","data":"W+YEZO5igo4+D1tryYtr/Q4vkWo="},"registration":{},"pairingCode":"Q8AFBF21","me":{"id":"917025637930@s.whatsapp.net","name":"~"}}