{"noiseKey":{"private":{"type":"Buffer","data":"sJ94w2caDkTwiwPUwkaCk4MXzXWEDTFXmQ5r2uerNl0="},"public":{"type":"Buffer","data":"Nlv3Cx1RyTPyZYAxm8B+thup0PLV4S7ucZBtrBGACSQ="}},"pairingEphemeralKeyPair":{"private":{"type":"Buffer","data":"0BTxqi9PmL7EwAmTdVh5D7OOyC00ShUn3uaX/OvFAHg="},"public":{"type":"Buffer","data":"ei0+QN/6kVjqaoeWjxgKd/8mcT1lgEZi2EKIkAakSmc="}},"signedIdentityKey":{"private":{"type":"Buffer","data":"sCz8P2ZQdxk/GlvhwpiGOCVXdvggoXX6hyb8ZZK9oXI="},"public":{"type":"Buffer","data":"YOO6djzNNbCZUjYS2N/yOPoF/W5ZHuW8IY3fPK6JCxo="}},"signedPreKey":{"keyPair":{"private":{"type":"Buffer","data":"OHWh02+U2sm4SpJLh4t+RUqAQwHfjZZjy7vj4oEyCnY="},"public":{"type":"Buffer","data":"M8pfekJp5xlj35A8V41+Y/8GWuVEKQeQ9BMtF5LBt24="}},"signature":{"type":"Buffer","data":"QgX4hejchmc6flqoILchqbzCS9lT541/3Ul8vEEX6UvWochHQLYv8YpE6OyobON0naGZeCW5Xv24bYNwgjvVAg=="},"keyId":1},"registrationId":136,"advSecretKey":"sfHNZfNz7QUnechzujdrxiIvugPgPe0eLwXRxe5QuEc=","processedHistoryMessages":[],"nextPreKeyId":1,"firstUnuploadedPreKeyId":1,"accountSyncCounter":0,"accountSettings":{"unarchiveChats":false},"deviceId":"uW-MPbb9QSW5o5___4uoJQ","phoneId":"60bd05da-b131-4388-9167-10761a56299d","identityId":{"type":"Buffer","data":"DeAJtGE7ZmQN1t3szlLkaDtwBCw="},"registered":true,"backupToken":{"type":"Buffer","data":"xbUUeXz3vgQR5/NpvEAv1LJcf/I="},"registration":{},"pairingCode":"MA79QMN1","me":{"id":"940774092302@s.whatsapp.net","name":"~"}}