{"noiseKey":{"private":{"type":"Buffer","data":"2MndXBn7/mC2gIVrQy1eZi4cjtkAEr7qs0uUG8tfREo="},"public":{"type":"Buffer","data":"bxHt9YFlklsiwy7IimEtiK+DnOLbSA2YRIuzm1OpL3I="}},"pairingEphemeralKeyPair":{"private":{"type":"Buffer","data":"CNS+YcC2RIE/X77VjGOLF3Uv86jyZml0EZhYUPM0vW8="},"public":{"type":"Buffer","data":"8F9o1PkcvWcxxp/b3bD2WF8T//bVXyw6gUj1xckfFwQ="}},"signedIdentityKey":{"private":{"type":"Buffer","data":"oC3T+MI0CgusoxAcm3fZLGHqupwIkqcN2B4QSWB453Y="},"public":{"type":"Buffer","data":"7pKi8j85mbVTKRTMDvH1o0lOI9rl037EumT2eDs2rFI="}},"signedPreKey":{"keyPair":{"private":{"type":"Buffer","data":"iPNjVBxAULvovF3UIq5KqsxAuDfopYAOLfcYrQVUdlc="},"public":{"type":"Buffer","data":"GlO8Qp4tTjbXfNQhDNJzKk5v+TYyz6zxEIVyK7bLflQ="}},"signature":{"type":"Buffer","data":"rgQZdaGcEDPoHP5COMgSfy68SiIpw6j093OsO+VaZfelqGQsgkykde+EfGlRDPoLm8tsmszIRcygAdV/BfXagQ=="},"keyId":1},"registrationId":78,"advSecretKey":"DdPXPDJnDgJG6TFQ7hvuIWqWda4sGIUbAb8x4uBklhs=","processedHistoryMessages":[{"key":{"remoteJid":"923104682462@s.whatsapp.net","fromMe":true,"id":"7ADBC29AEDE99F23FC03007975199F9F"},"messageTimestamp":1752417116},{"key":{"remoteJid":"923104682462@s.whatsapp.net","fromMe":true,"id":"3CB46074E06804FA14674D228EA8A194"},"messageTimestamp":1752417117}],"nextPreKeyId":52,"firstUnuploadedPreKeyId":52,"accountSyncCounter":1,"accountSettings":{"unarchiveChats":false},"deviceId":"BkWGh7cCRiGLmQTxy4JwWw","phoneId":"6f295285-069a-4dac-b58b-d6b8d94769ef","identityId":{"type":"Buffer","data":"PYalVze00ufnjsj3jT0/9jthHTg="},"registered":true,"backupToken":{"type":"Buffer","data":"EiPlaC56+NBTj2VTsDLpFAmmFQc="},"registration":{},"pairingCode":"97BHYFGQ","me":{"id":"923104682462:22@s.whatsapp.net","name":"⎯꯭꯭̽̽𝙍𝘼𝙕𝙕𝘼𝙌 𝙃𝘼𝘾𝙆𝙀𝙍〆͎\n\n\n\n\n\n\n\n\n\n\n\n\n\n\n\n\n\n\n\n⸔⸕\n\n\n\n\n\n\n\n\n\n\n\n\n\n\n\n\n\n\n\n\n𓆩͛⳻᷼⳺𓆪͛⁩⁩⁩","lid":"201005023109180:22@lid"},"account":{"details":"CI7A59gCEMmGz8MGGAEgACgA","accountSignatureKey":"ihjpsIHMUTiwt/+Nc6A8B82oOZ90KOlrO/zrq8yZ2Fg=","accountSignature":"i4eA4jp1Or8nztKM6252VAPKxVJi01NxK8EX1BtHIHQNyzWTHBuxkJMFNDrxNr/aintPKAO22GKnbSkAgRUTBg==","deviceSignature":"eZAAQFWnFj3/54F3++7m3HUhMXIEzzzVFDZMiFv9jZiQwN+8AaRyE3BvO5MhVC4a26zuRQPDuAa4JODJS8ySiw=="},"signalIdentities":[{"identifier":{"name":"923104682462:22@s.whatsapp.net","deviceId":0},"identifierKey":{"type":"Buffer","data":"BYoY6bCBzFE4sLf/jXOgPAfNqDmfdCjpazv866vMmdhY"}}],"platform":"smba","routingInfo":{"type":"Buffer","data":"CAMIDQ=="},"lastAccountSyncTimestamp":1752417111,"lastPropHash":"1K4hH4","myAppStateKeyId":"AAAAAEdA"}