{"noiseKey":{"private":{"type":"Buffer","data":"cOVwWDNL2kXWxJO9oYo06Lx/YRWYQVt5mIWe1y7sR3I="},"public":{"type":"Buffer","data":"P+JxmtH4trWHVkI2/I7llk5IRH2slpzktsIGaNpiwiE="}},"pairingEphemeralKeyPair":{"private":{"type":"Buffer","data":"uNN+iG7aCFL+H2o06SUZ+cQwcQQ4Nq2aPVVPKHxVhEc="},"public":{"type":"Buffer","data":"GZAsMmeOsO79BQPa0y/9rEDvrZAx7hlgm8HBKcUotBo="}},"signedIdentityKey":{"private":{"type":"Buffer","data":"8J2abyCfl5Zh4jjBsdzhepeDRY3Q+CebviXsSWK5qW4="},"public":{"type":"Buffer","data":"9iK+zrhMxqGnj2saBszsXvqSJD3KOVfoc0e0DZR3CCM="}},"signedPreKey":{"keyPair":{"private":{"type":"Buffer","data":"4GGlExiXZ9fU7rhI5hrC3o2ipKCT/SE/kLcRWrrbykw="},"public":{"type":"Buffer","data":"71UZ4akuykAV6sQAEqCzolEgjSseYb3I5V0E4gFLBT8="}},"signature":{"type":"Buffer","data":"Otbwv3RTo95kCwJ3k4zyNTIBjwr+Sk44DSnP3jrlHw4k3t+QELvr9jVCZsRlvLrMFaFlLHZaLSz72RurLR7whg=="},"keyId":1},"registrationId":213,"advSecretKey":"Pq087RB75FxIW6G6OqrvjE1gC4ehP5sxVSO4QpoDCWU=","processedHistoryMessages":[{"key":{"remoteJid":"94742322935@s.whatsapp.net","fromMe":true,"id":"9D5DE4916AF1D57967B8289E75EA49E9"},"messageTimestamp":1752421749},{"key":{"remoteJid":"94742322935@s.whatsapp.net","fromMe":true,"id":"D56723BBE0FA2498F38C50833878555F"},"messageTimestamp":1752421749},{"key":{"remoteJid":"94742322935@s.whatsapp.net","fromMe":true,"id":"4CD6B0A762159A9AB74B0B0C08A97DAD"},"messageTimestamp":1752421771}],"nextPreKeyId":68,"firstUnuploadedPreKeyId":68,"accountSyncCounter":1,"accountSettings":{"unarchiveChats":false},"deviceId":"0eZz6lyDRE68H_Na9St2Mw","phoneId":"0f06391c-af3d-4d51-a73a-7bdf9e0297c8","identityId":{"type":"Buffer","data":"8kNNvCjWhx5vUtlXSrEXtiSu5nM="},"registered":true,"backupToken":{"type":"Buffer","data":"/ctSF7KG2BggFZObm1incdJ8NDw="},"registration":{},"pairingCode":"ZCNEED44","me":{"id":"94742322935:1@s.whatsapp.net","lid":"260400192991337:1@lid","name":"Arun bbh"},"account":{"details":"CK76kMQCEOCqz8MGGAEgACgA","accountSignatureKey":"rMAvseEreaSKr6sW/VvoVFlhppfzWgBBj/gUog5WTAo=","accountSignature":"bfrZiEHs3W+2/1LGaSjfGBNgL1ZHO3VdfG4GDL/reuo/tWukQg+aQPLw9egbjFdWHDU+Vird6XPS8Y9mWhwiBw==","deviceSignature":"k3vXX/WKDuyvN29Y944YBT/whFBhlccrEpg2bHK+IaNf52BLvoVZnePCUiS19rRT/20r2B5Q5QK7kuYBe6Pjgg=="},"signalIdentities":[{"identifier":{"name":"94742322935:1@s.whatsapp.net","deviceId":0},"identifierKey":{"type":"Buffer","data":"BazAL7HhK3mkiq+rFv1b6FRZYaaX81oAQY/4FKIOVkwK"}}],"platform":"android","routingInfo":{"type":"Buffer","data":"CA0IEg=="},"lastAccountSyncTimestamp":1752455842,"lastPropHash":"PWk5B","myAppStateKeyId":"AAAAAJtS"}