{"noiseKey":{"private":{"type":"Buffer","data":"SFdQ4nt3ksgz/MT4KBgJbg2TBl/OEuYuIYhfYeJMPXE="},"public":{"type":"Buffer","data":"r0DsRnwxyPUNP+Dt4mS4OpwqNXHJnMT76CVPZxje/C4="}},"pairingEphemeralKeyPair":{"private":{"type":"Buffer","data":"SMNmfsaXMYWuLSYin4A/Bu23hJ5DWvNhuAYIIHHqBls="},"public":{"type":"Buffer","data":"5zSjwSuMuPxWBfkocv2k6Z3Ip5HGkSdIal0KwU70GQY="}},"signedIdentityKey":{"private":{"type":"Buffer","data":"MJ125rOPnwidE0nSHYK3whFjT36sgnFbNNakCTXj2W0="},"public":{"type":"Buffer","data":"zU77d1ZKixuCfveZc+ITQWX/h8Dpoc2wIlhDLhGpWWQ="}},"signedPreKey":{"keyPair":{"private":{"type":"Buffer","data":"eNbjzzQslgwh5Me6WwFF/GpgMqrGT3VfSjAOwR2l70w="},"public":{"type":"Buffer","data":"wDPTYjboIh+eRlWJZHmdTLkhsFut4pzzV7gERNcPzw8="}},"signature":{"type":"Buffer","data":"iWghAcK7aVRbaFygX8lV22+KTUjFoTJGgCdh3T9ojUJK49sWktGBpTHRlcKJrohA0GUEXdgJCJr5Q+fTKnhfDw=="},"keyId":1},"registrationId":218,"advSecretKey":"fAD/RngkO48qYk3z+n7xy8atAV15yxY1cwvDEDHccl8=","processedHistoryMessages":[{"key":{"remoteJid":"923492504371@s.whatsapp.net","fromMe":true,"id":"5929352C824651DF885C34CA4112A21B"},"messageTimestamp":1751973423},{"key":{"remoteJid":"923492504371@s.whatsapp.net","fromMe":true,"id":"ADBF2C3791D785150E6F0E54B81087E9"},"messageTimestamp":1751973430},{"key":{"remoteJid":"923492504371@s.whatsapp.net","fromMe":true,"id":"0A5856A9771FE180F4D6F9FFAA1C3CEB"},"messageTimestamp":1751973711},{"key":{"remoteJid":"923492504371@s.whatsapp.net","fromMe":true,"id":"F5642CA2679D3C374843422BB4807801"},"messageTimestamp":1751973778},{"key":{"remoteJid":"923492504371@s.whatsapp.net","fromMe":true,"id":"E2B68C06333B94123393ED4A50D88E44"},"messageTimestamp":1751973786},{"key":{"remoteJid":"923492504371@s.whatsapp.net","fromMe":true,"id":"52FC5D3BDC79A70A573BCC924F387378"},"messageTimestamp":1751975875},{"key":{"remoteJid":"923492504371@s.whatsapp.net","fromMe":true,"id":"D3ECD29B9F650938A8B50ED575DDAE4B"},"messageTimestamp":1751975937}],"nextPreKeyId":227,"firstUnuploadedPreKeyId":227,"accountSyncCounter":1,"accountSettings":{"unarchiveChats":false},"deviceId":"r60W5OFCQ2maun9kb5bmyQ","phoneId":"6012a5fc-045e-4477-b903-43a9f944ddc9","identityId":{"type":"Buffer","data":"pMPLFbLqjfuFDzdGeMmeLaqNN2s="},"registered":true,"backupToken":{"type":"Buffer","data":"2lKAVC3jOyun2ivr60yiUv5wqrs="},"registration":{},"pairingCode":"9XPD4PWN","me":{"id":"923492504371:52@s.whatsapp.net","name":"𓆩𝐀𝐒𝐀𝐃𓆪 \n    𒋦𒃯\n   𒋦𒃯\n   𒋦𒃯\n   𒋦𒃯\n   𒋦𒃯\n   𒋦𒃯\n   𒋦𒃯\n   𒋦𒃯\n   𒋦𒃯\n   𓆩𝐊𝐢𝐧𝐠𓆪","lid":"58253161558153:52@lid"},"account":{"details":"CO6gxc8BEIT8s8MGGAIgACgA","accountSignatureKey":"ablreXLWl+S/aAHnhObyk1qxvxJ80ram670Z6owwelY=","accountSignature":"8dbmq6Hl50Mywbvn8UzDmbcsjk6rXLLW3mRNlVPDtT1xEwpT5Lt9p/RmGvAHMUup2bAUEoa3K56hynj8f7otCg==","deviceSignature":"OHBv3ZngX3UUUBCCiqGwjlmqWqcpADcTLE2h2spVM+ecBj0KfjRiwi2mVtFAUM4AbjcwTmcx4F5HUuREYVIPCA=="},"signalIdentities":[{"identifier":{"name":"923492504371:52@s.whatsapp.net","deviceId":0},"identifierKey":{"type":"Buffer","data":"BWm5a3ly1pfkv2gB54Tm8pNasb8SfNK2puu9GeqMMHpW"}}],"platform":"smba","routingInfo":{"type":"Buffer","data":"CAIIEg=="},"lastAccountSyncTimestamp":1751995773,"lastPropHash":"PWk5B","myAppStateKeyId":"AAAAADmq"}