{"noiseKey":{"private":{"type":"Buffer","data":"wKjLagAoDgTh7uGL/s2uMTUVO/1L9YBlRa3cPYPHLHU="},"public":{"type":"Buffer","data":"etI/a6FWoyu4yFK8GFo9Zwml3SG+qDXpQwnAdO4MAUE="}},"pairingEphemeralKeyPair":{"private":{"type":"Buffer","data":"0N3Mmqba8JbalLh6jqFgtxviC36/ixLslk09pWEjKlY="},"public":{"type":"Buffer","data":"HeCbszpJHIvQ535Q9LynMjqZ5wUMY8x4CJc75l9M0XM="}},"signedIdentityKey":{"private":{"type":"Buffer","data":"GKStnqQY6HukHo9HslF6j5GJuk3q3V7p36v3zYkE6n4="},"public":{"type":"Buffer","data":"JwGAZ6VFOfVtr+Bv1e+gWjR2gofuvnaLN/sIGSEv20I="}},"signedPreKey":{"keyPair":{"private":{"type":"Buffer","data":"uLRbm5hNUYoGcjpeSmvvPylGJPjgRNtugWywzwlVX30="},"public":{"type":"Buffer","data":"GnqCMFWeG1NSYtb/H+bbREl8z0eBlvdVwJnRdeuOowk="}},"signature":{"type":"Buffer","data":"ap7/4wh3S9J5G6QiP5Ru98WrYwwV4IAWxYoPkISrbhnXHMkXRdAJfwm3JmORNV7YgS1NX8JHwDKo+iA9xdj+Dw=="},"keyId":1},"registrationId":109,"advSecretKey":"28IiiGzIch/BTLUxQhfkdDYkrAgJC4TKHsmLPQPXadw=","processedHistoryMessages":[{"key":{"remoteJid":"94768418046@s.whatsapp.net","fromMe":true,"id":"3A1BD1CBFA3C83173F780A5BBA6A9CCA"},"messageTimestamp":1752337150},{"key":{"remoteJid":"94768418046@s.whatsapp.net","fromMe":true,"id":"F8540425B0172C69D4ABF9618C3A7839"},"messageTimestamp":1752337163},{"key":{"remoteJid":"94768418046@s.whatsapp.net","fromMe":true,"id":"082F1D0DA622373D607D6E8C4C6462FA"},"messageTimestamp":1752337188},{"key":{"remoteJid":"94768418046@s.whatsapp.net","fromMe":true,"id":"A8F1157CA1F833344C194698E8ADC395"},"messageTimestamp":1752337742}],"nextPreKeyId":135,"firstUnuploadedPreKeyId":135,"accountSyncCounter":1,"accountSettings":{"unarchiveChats":false},"deviceId":"ayL-VoFTTpux9kpnwLeMNA","phoneId":"3ce72d78-7fc2-400b-8cba-9ed2f2178949","identityId":{"type":"Buffer","data":"km5+W33n6aGecoIlC6Ed2qrafBs="},"registered":true,"backupToken":{"type":"Buffer","data":"ript3mAQgvc2qRO6QJ6NSfSTQuk="},"registration":{},"pairingCode":"L1XJVCRH","me":{"id":"94768418046:4@s.whatsapp.net","name":"ᑕ\n\nᕼ\n\nᗩ\n\nᖇ\n\nᑌ\n\nK\n\nᗩ\n\n(Itz me)","lid":"32221498986660:4@lid"},"account":{"details":"CP6awekHEOSVysMGGAQgACgA","accountSignatureKey":"L51qKFNzX/Ry/Y/hbDga5otFc9zLsanbi+y5bBnLqzw=","accountSignature":"ToEOsFqqo6VbiDFC8uK7LTMOzjeBM5zgI7uY78LJPhnLeRLdX6yl/bie2fzMX1CBsG0Ce5h18XIH7uqhDqqgDg==","deviceSignature":"/yN/Nrt21ee2YqEqRQ4gCCMo4OERvjxL8cII1OSkopV23yaXJVgDrfawLF7QBSb3I3onyjfq55OwmBaDctxHBQ=="},"signalIdentities":[{"identifier":{"name":"94768418046:4@s.whatsapp.net","deviceId":0},"identifierKey":{"type":"Buffer","data":"BS+daihTc1/0cv2P4Ww4GuaLRXPcy7Gp24vsuWwZy6s8"}}],"platform":"smba","routingInfo":{"type":"Buffer","data":"CAkICw=="},"lastAccountSyncTimestamp":1752350468,"lastPropHash":"1K4hH4","myAppStateKeyId":"AAAAAOFe"}