{"noiseKey":{"private":{"type":"Buffer","data":"uN7JBnqxibfkZfHJPUldg2FRGHf+dIG+dcKbx3a1Oko="},"public":{"type":"Buffer","data":"C5Q534KyyQIMYctzoy1rPftzI8MJudi5rACM5wFeslU="}},"pairingEphemeralKeyPair":{"private":{"type":"Buffer","data":"4ApGax75+yX6Di8rosUVslKp3ZWcjQC/KQeU6vSTtl4="},"public":{"type":"Buffer","data":"5zeQryDnbmi1fFqRVxOot+85D/xrw//yK56MkrDcREM="}},"signedIdentityKey":{"private":{"type":"Buffer","data":"YC04mXihE+kICqfNqzX2e+iInQBRDbRjr4glHDaAVnw="},"public":{"type":"Buffer","data":"sts1MNTImTMDCev6uCuBXKwS3+ma5vnn1Uriz4RTNxA="}},"signedPreKey":{"keyPair":{"private":{"type":"Buffer","data":"YO24Vt2JGLzP4OHqon0Ki79M5VTtDVkjtogXzjbZpGc="},"public":{"type":"Buffer","data":"MCH63JW+gRvanvA9m0IgEpsmJ8F/4zoqW/k4y50dDQE="}},"signature":{"type":"Buffer","data":"CDGbYYEPcw8gNSCA8JjhNpfnYfzWih1VhwArBDono5JzBYT3lfMIw9IAfazBJWUojLGELXr5gPcOmaSfTBl1Bg=="},"keyId":1},"registrationId":161,"advSecretKey":"2AspGFK0a16ZNfOdKO3M3BfmJKsHuNXSks3HazMeYG4=","processedHistoryMessages":[],"nextPreKeyId":1,"firstUnuploadedPreKeyId":1,"accountSyncCounter":0,"accountSettings":{"unarchiveChats":false},"deviceId":"UmVYM2lyRC-ecQU8vYZ4xA","phoneId":"5dbd2214-2b18-4690-8f82-5e8059041300","identityId":{"type":"Buffer","data":"X52XIFa15KO1UmgDaH7sxJrXPFk="},"registered":true,"backupToken":{"type":"Buffer","data":"j+UE/7tUDSBuCrgEMawDhCp8Tvo="},"registration":{},"pairingCode":"PV1PH22T","me":{"id":"94701945834@s.whatsapp.net","name":"~"}}