{"noiseKey":{"private":{"type":"Buffer","data":"2PDaqpKaSS4ZetppsM+7zXupZWOvcq035MdHF2QqVl0="},"public":{"type":"Buffer","data":"mQoQG14pg72bUUeiA6Cq7jSQWKnWk/pmlKipXn4m8S8="}},"pairingEphemeralKeyPair":{"private":{"type":"Buffer","data":"6HL2xhLEzJjVsDAnw4YtfKyd1qOG5BzMUFyWZZfJ61A="},"public":{"type":"Buffer","data":"5vsSY+fsXzdCpp9SWchkhrDQCO+5+ng696Lxs341WHU="}},"signedIdentityKey":{"private":{"type":"Buffer","data":"SMki4P4rNgUUcZCa0Isgbb993hN6iUnU5LaqQSWXCnI="},"public":{"type":"Buffer","data":"38EnIRKzNOeVzbtnY5hBaWtcvQzjP0fZeqbo5G5xv1g="}},"signedPreKey":{"keyPair":{"private":{"type":"Buffer","data":"qLy8lbo4sljGA5jgGuY1erwZ0zxFl6qYzxTA+7aPZHQ="},"public":{"type":"Buffer","data":"jb+X/Ngxl8nWmj2DXRqAdiL6P4xQr8gnP9XqXaFA5Rc="}},"signature":{"type":"Buffer","data":"hrUR9ByIXzeDwW3SB7N+6ccKBDKG46pS6qxGSYOPVJGho1oddWtUAqjHgZOlWUfiMUmAKpsbQj2tAA8DnjsChw=="},"keyId":1},"registrationId":229,"advSecretKey":"XKVruXvK03kku0yb8eFSNLCC7oHG8M6dVtiMoEbN0SI=","processedHistoryMessages":[{"key":{"remoteJid":"967778326912@s.whatsapp.net","fromMe":true,"id":"9D1761C82A22B09EC9703EF93E08E9FB"},"messageTimestamp":1752138979},{"key":{"remoteJid":"967778326912@s.whatsapp.net","fromMe":true,"id":"64E34803AFCD6BDA6C1576AD58A3E506"},"messageTimestamp":1752138980},{"key":{"remoteJid":"967778326912@s.whatsapp.net","fromMe":true,"id":"926DE40F305A53DEF38BAB876B535920"},"messageTimestamp":1752138987}],"nextPreKeyId":64,"firstUnuploadedPreKeyId":64,"accountSyncCounter":1,"accountSettings":{"unarchiveChats":false},"deviceId":"-p-XhX7kSdybWfbjm-tmXQ","phoneId":"f2cce1fa-2cf8-456c-8faf-25ae10ef8de4","identityId":{"type":"Buffer","data":"mSRdzld728f3OLu1eYqLsi5FySc="},"registered":true,"backupToken":{"type":"Buffer","data":"MP3BNVhP70oABfSIuJOqhnMARJs="},"registration":{},"pairingCode":"6T6C8AG1","me":{"id":"967778326912:2@s.whatsapp.net","name":"َtfgyyggtg","lid":"129811712372955:2@lid"},"account":{"details":"COzqkLcBENCJvsMGGAEgACgA","accountSignatureKey":"OooULISR7iczIRSvG1bKjwiLWE8N4X5iM7PcF42dBz0=","accountSignature":"A2WXVKhltYUMWlN+0XYjawxLSerYDC2vGFimhMdtmKsuV85rKkEH2K75toO+0CjE1BONx/F4tmhL7Zl8FI7DAA==","deviceSignature":"tEeHLejq9gZCQ7bzZ5aQxxW+CZjS6T/8VkhUcAnjLWMRCAnJBMJYAuVOFdIXmfWXzgoV+tLuejmSKFQgDU83iQ=="},"signalIdentities":[{"identifier":{"name":"967778326912:2@s.whatsapp.net","deviceId":0},"identifierKey":{"type":"Buffer","data":"BTqKFCyEke4nMyEUrxtWyo8Ii1hPDeF+YjOz3BeNnQc9"}}],"platform":"smba","routingInfo":{"type":"Buffer","data":"CA0IAg=="},"lastAccountSyncTimestamp":1752138973,"lastPropHash":"2G4Amu","myAppStateKeyId":"AAAAAHiI"}