{"noiseKey":{"private":{"type":"Buffer","data":"cA/nDqLxx5Ub6xAx/pEjEItF7VjP6Q9wV1wLDNn6LXY="},"public":{"type":"Buffer","data":"HmvAkXaCRdCISTTFWW1/GOuAIt4klV0p5EEENeDqGxM="}},"pairingEphemeralKeyPair":{"private":{"type":"Buffer","data":"4Gf3KaK3xjqRrVb4lEr8uIvdyA9+PT1OT4MDpUUBgnk="},"public":{"type":"Buffer","data":"K9QhwOgKveYEvEIFIxoYaA6VYeyddnjBjTkQ0pgW4AY="}},"signedIdentityKey":{"private":{"type":"Buffer","data":"4I7izyv/hmSBY/Cgd5ta154UHuw2NmcGk1AI6m2JPH0="},"public":{"type":"Buffer","data":"gDWm7H54/yj9o91a+qsggQt03STIPbm8RbOl9kgKulY="}},"signedPreKey":{"keyPair":{"private":{"type":"Buffer","data":"uDxzdj2q+LMQ+SlShOFevT/Bv7a3CRyVqKXgTCaSjEQ="},"public":{"type":"Buffer","data":"UXESVZO5b6oJW0FYTxnItJP0yS53JN8mH6whUP93cAU="}},"signature":{"type":"Buffer","data":"BgJxJ/j163DM31SpXcer9QJn8lI4QvZLWtHc77FEjl2l24rFZInqgciqRo+Sla0XeRu7RwXOC3lrka+GBcV/DQ=="},"keyId":1},"registrationId":46,"advSecretKey":"q5DY6Zz1dxVxbGg3pXcMRW4TS51n6gPPLcMH7/glg18=","processedHistoryMessages":[{"key":{"remoteJid":"923191665453@s.whatsapp.net","fromMe":true,"id":"5ADA7420CE06BFD9D7C88C9CF358B09D"},"messageTimestamp":1751824426},{"key":{"remoteJid":"923191665453@s.whatsapp.net","fromMe":true,"id":"22EAC24D157805CE8705BFF877F61AA9"},"messageTimestamp":1751824427},{"key":{"remoteJid":"923191665453@s.whatsapp.net","fromMe":true,"id":"11AEB1A4DE792FEEE767D896E4AAB216"},"messageTimestamp":1751824445},{"key":{"remoteJid":"923191665453@s.whatsapp.net","fromMe":true,"id":"4264A565AA4C426D706C265C3234442D"},"messageTimestamp":1751824455}],"nextPreKeyId":82,"firstUnuploadedPreKeyId":82,"accountSyncCounter":1,"accountSettings":{"unarchiveChats":false},"deviceId":"F0fPZ-AoTnK65wzZhXFjVg","phoneId":"7b500ae1-9c5a-45b4-86ad-4d9212b8beef","identityId":{"type":"Buffer","data":"9hcvr9uFNj9PENkL9I8iOpVmlP0="},"registered":true,"backupToken":{"type":"Buffer","data":"Ty3yb08tpSUDPZtU7iXb8IjBLyA="},"registration":{},"pairingCode":"TXJHQQHB","me":{"id":"923191665453:3@s.whatsapp.net","name":"𓆩ː͢𝐓н᪱𝝴͢ ꜛ𝐕ɪʟʟᴀɴ𓆙ː͢»𓆪\n\n\n\n\n\n\n\n\n\n\n\n\n\n𓆩͛𓆩𓂍𓆪𓆪͛\n\n\n\n\n\n\n\n\n\n\n\n\n\n𓆩͛𖤍𓆪͛","lid":"187664905023528:3@lid"},"account":{"details":"CPv24qUFEJrwqsMGGAEgACgA","accountSignatureKey":"f8OWtseZ4bNOokKKwN3akaLrTSykn5WYgKpTP9beETw=","accountSignature":"IKXRNDNhdC/GSnGUOuVFGNy12TU0aHMVYLpLI4nevm3CqFlxwlIITgQvwf7Thi9/6jS5f8zSXgPFZJN8hK+EAQ==","deviceSignature":"S7xv2kvnXHlVcXLFZSWrDZof9Cm29ZSDkFltul7Ep8hU98xKo0i2x9iXn3/AElqkvmE9HH32fmbLfGJ3HATnCw=="},"signalIdentities":[{"identifier":{"name":"923191665453:3@s.whatsapp.net","deviceId":0},"identifierKey":{"type":"Buffer","data":"BX/DlrbHmeGzTqJCisDd2pGi600spJ+VmICqUz/W3hE8"}}],"platform":"smba","routingInfo":{"type":"Buffer","data":"CAgIAg=="},"lastAccountSyncTimestamp":1751859988,"lastPropHash":"2V77qU","myAppStateKeyId":"AAAAADxs"}