{"noiseKey":{"private":{"type":"Buffer","data":"0Il1nkqAIdvI1a0rL2KD68e0P3GtQY7t+OQ2NHecgUQ="},"public":{"type":"Buffer","data":"WhuNhAylFME8Trpup+elfv+f0AyPo0ESJ2m2vvvWPQo="}},"pairingEphemeralKeyPair":{"private":{"type":"Buffer","data":"YF2V3ALAcO1H7GYSBnc8w+wRm4Hhy4ogGEEM5H1Wcm0="},"public":{"type":"Buffer","data":"DUd3kTkE6nnModswsEPup4itnN6rW1MUB1ybn1FMq0w="}},"signedIdentityKey":{"private":{"type":"Buffer","data":"oMlPHnfdOwdB48Pgc5tvUefa9IBY9reCIG3yGfi8oHA="},"public":{"type":"Buffer","data":"2HsfYiAUHn0Qr3GfZSrsQjgO2mdVRzzGhX7dkg5t/jw="}},"signedPreKey":{"keyPair":{"private":{"type":"Buffer","data":"SPMkColf3DxUXI8wPsdrjMavfXsiErU+86sL1DLDZUA="},"public":{"type":"Buffer","data":"EoxOpDsymIDTmMAqxF8s/iYY8EWXxWDqiAA2aqB6mwE="}},"signature":{"type":"Buffer","data":"FNvvrEY8dqI1AbiuvvJTQOc8gvypYZEWz+OWb6JT0rpaeXDZWo+3HECwZ0RPtU/Pm3eRHfda0kMg6y6A+p8LDA=="},"keyId":1},"registrationId":249,"advSecretKey":"zfWS6tYQUQD3aak3lMabrxgfQ89OPQYSrO+WdlDivRs=","processedHistoryMessages":[{"key":{"remoteJid":"94774654294@s.whatsapp.net","fromMe":true,"id":"F009A46DD15946583BC35254A5D78884"},"messageTimestamp":1752368598},{"key":{"remoteJid":"94774654294@s.whatsapp.net","fromMe":true,"id":"FCCA3A54009FD44DE979244CFE8D9D76"},"messageTimestamp":1752368607},{"key":{"remoteJid":"94774654294@s.whatsapp.net","fromMe":true,"id":"11440FDA43C39B6B5B8DFFE50891FCD6"},"messageTimestamp":1752368636}],"nextPreKeyId":47,"firstUnuploadedPreKeyId":47,"accountSyncCounter":1,"accountSettings":{"unarchiveChats":false},"deviceId":"G2gH5oUGSIKVyyf-gIhWOg","phoneId":"569e365d-04c2-47ef-9ca5-295f6bb62aa6","identityId":{"type":"Buffer","data":"Ll46t6/Fy6UBiYHWxIPWZ9RLyBo="},"registered":true,"backupToken":{"type":"Buffer","data":"ylhr1WyFct+BdFbgM1vzw0idaiI="},"registration":{},"pairingCode":"9T5AA7NE","me":{"id":"94774654294:11@s.whatsapp.net","lid":"19499688456255:11@lid","name":"💪🐼🇪 🇽  ᴷᴵᴺᴳ ᴛᴇᴅᴅʏ💙"},"account":{"details":"CLXoyYEBEMGLzMMGGAIgACgA","accountSignatureKey":"Aw5FeeVGD8VTjsPPlp4rYg/KA9Gu4Yzrst8wq14deGU=","accountSignature":"eLZo2QUff/IkuqbASaOWAa3CdtyKiH8hQMOs04UfvQB1dP82c8G3VU3vcx1mXn5uz8LiRXAlw03bMazhP1wmBw==","deviceSignature":"tqNR1H1s3RLIhdLiKHFgeztnlKBtqC+tqjHR2edhDXW5YhXtxjdnGr47FCne0hleBXh4RvlYpE404Zx5B7NyAg=="},"signalIdentities":[{"identifier":{"name":"94774654294:11@s.whatsapp.net","deviceId":0},"identifierKey":{"type":"Buffer","data":"BQMORXnlRg/FU47Dz5aeK2IPygPRruGM67LfMKteHXhl"}}],"platform":"android","routingInfo":{"type":"Buffer","data":"CAsICA=="},"lastAccountSyncTimestamp":1752368634,"lastPropHash":"2V77qU","myAppStateKeyId":"AAAAACN6"}