{"noiseKey":{"private":{"type":"Buffer","data":"4KbqX6UT1v3hezqJ4EsufNTDFW1D6i+OPZTgtPWcb0E="},"public":{"type":"Buffer","data":"8aIdjmTRznVLtazphXFmGwFi+TvWjGtADobe1vowiVU="}},"pairingEphemeralKeyPair":{"private":{"type":"Buffer","data":"ONHiKAVnS35DMrtjro0tjPDlrx04ZdFQcFI+ixpMomI="},"public":{"type":"Buffer","data":"TUuDHUvnrQLqwO12QUJXF/YGsSys/Es+EuChXKGC7mE="}},"signedIdentityKey":{"private":{"type":"Buffer","data":"CKSrtoua2Jvwar0ykvowMduQRv0vTlz9qs9gzkYnA1A="},"public":{"type":"Buffer","data":"EY/BtSmw85AC87SO6tHh1FdBId8MUQOIXJFkrhb1TTM="}},"signedPreKey":{"keyPair":{"private":{"type":"Buffer","data":"EHzR5EX4DFRCew8cxuIXoMmpNFvmpSS3+Bi5m9ScuFk="},"public":{"type":"Buffer","data":"ZOxhfOjVTvC+pKAxV7MX+KMHeXHdyVXWHdzjx6Xl7kk="}},"signature":{"type":"Buffer","data":"54AY0TdALigR//o0OvdgQ+3n5H5VnoLv7pnGO70i9/SFbLmfIkyly8Ec7sRfTOfFGbo2WSC+PEJg+sE2VF/AjA=="},"keyId":1},"registrationId":25,"advSecretKey":"df47lWzyLE8PLJbkYQFjdd0MUhTsoJmsXX4GygSqlPE=","processedHistoryMessages":[{"key":{"remoteJid":"94761686408@s.whatsapp.net","fromMe":true,"id":"DA9C952978E5AE92D7C9BEAC43FF8E3F"},"messageTimestamp":1751969780},{"key":{"remoteJid":"94761686408@s.whatsapp.net","fromMe":true,"id":"F5C92BD50EED3237F2F3313F20AB01ED"},"messageTimestamp":1751969780},{"key":{"remoteJid":"94761686408@s.whatsapp.net","fromMe":true,"id":"27749629439109D9A4F34CC683345FE4"},"messageTimestamp":1751969791},{"key":{"remoteJid":"94761686408@s.whatsapp.net","fromMe":true,"id":"CF4962E048184E44EA0817B7F89D1BC0"},"messageTimestamp":1751969798},{"key":{"remoteJid":"94761686408@s.whatsapp.net","fromMe":true,"id":"B72E19915B5B5DA21801E06B97C1F129"},"messageTimestamp":1751969804}],"nextPreKeyId":31,"firstUnuploadedPreKeyId":31,"accountSyncCounter":1,"accountSettings":{"unarchiveChats":true},"deviceId":"SuPQAS7bSnKZlZwRDqgDtQ","phoneId":"fa8818ca-e5dd-4224-8fdf-a0bb982c0359","identityId":{"type":"Buffer","data":"9ZMB0ZUea9Ry0zcMUzmV5cdWZNI="},"registered":true,"backupToken":{"type":"Buffer","data":"oCUac0wCZJD9V6/7zMkyyMnmZpk="},"registration":{},"pairingCode":"383GL5DF","me":{"id":"94761686408:2@s.whatsapp.net","name":"Ｓ.ᴬᴹᴱᴱᴿᴬ࿐","lid":"3488167776499:2@lid"},"account":{"details":"CMexsN0HEOLfs8MGGAIgACgA","accountSignatureKey":"+GYKyFzK5Pq48mSz8R2t51H+0mxdit2RWRzkaQVrfRw=","accountSignature":"Ym8gTR1wl7BsJVyUSfrAxPvbTP++GVnbPRPt8duiTRpR53n7NPAhYAmbEJMtlWlJYBtbNSCpNdOLC3hsFC1rCg==","deviceSignature":"6I3iu8VBa/jS3oRSuAa5biDry7CBeF7ni7vQattKUbiTGCplVlxFUXWz5lRzGgP+9GFm4/kBUkgysKuOuVsWhw=="},"signalIdentities":[{"identifier":{"name":"94761686408:2@s.whatsapp.net","deviceId":0},"identifierKey":{"type":"Buffer","data":"BfhmCshcyuT6uPJks/EdredR/tJsXYrdkVkc5GkFa30c"}}],"platform":"smba","routingInfo":{"type":"Buffer","data":"CA0IAg=="},"lastAccountSyncTimestamp":1751969775,"lastPropHash":"PWk5B","myAppStateKeyId":"AAAAALhG"}