{"noiseKey":{"private":{"type":"Buffer","data":"sBLLsY82yWtDkjydWJHmxBoAZefyVKXMLFpMcoaLF14="},"public":{"type":"Buffer","data":"n9IkQ5katjLefZWGiZqALJcxIL44d5CnblFu4aysDyQ="}},"pairingEphemeralKeyPair":{"private":{"type":"Buffer","data":"ACnD/aPz7kV6Sm7Anl/RQ1ysylWzZpMdUA1Mjbayn24="},"public":{"type":"Buffer","data":"wYrXX7OIhpDVi2rVGJuKInl7Z0u6ZrqWFRQR05N2aUM="}},"signedIdentityKey":{"private":{"type":"Buffer","data":"MJgat+kJswvnI2FRhsyxZEQmjp0z5UmQJPUi6bzkRnk="},"public":{"type":"Buffer","data":"Hs1b2Q8p7T3dSonty/+btBooTkMNdqvEHBd8whT5JEc="}},"signedPreKey":{"keyPair":{"private":{"type":"Buffer","data":"CJMHwv6orz9D0jyr42Kz5zx7oSSO+yE4KLUlJbmGr3Q="},"public":{"type":"Buffer","data":"yutJwEwsiTRwGeqeWTf5OUGAdfO9NoGpOQW5pDxd3HM="}},"signature":{"type":"Buffer","data":"9P9hxsF4T/w+LzhRJJnzmb9sxamyG13ePncHeSefdzurNAR4S2F7jVd/PkoxSBOKDChH9KUcpGwHj25RMK6vBQ=="},"keyId":1},"registrationId":250,"advSecretKey":"m+zHGQDfHhzabkWq4PBXHnxiNr+EdsbqZuptIW2J81E=","processedHistoryMessages":[],"nextPreKeyId":1,"firstUnuploadedPreKeyId":1,"accountSyncCounter":0,"accountSettings":{"unarchiveChats":false},"deviceId":"7wqG5RlVRKiwK8tQp9zXnA","phoneId":"80c347e0-a92f-441c-b407-8839d93ece3c","identityId":{"type":"Buffer","data":"2RS4UUltny5eA+1W7CqVZ7AIlVc="},"registered":true,"backupToken":{"type":"Buffer","data":"KUgg9QBOd+eBGDqaY6OsjzjZYro="},"registration":{},"pairingCode":"4QE49QYN","me":{"id":"94718901137@s.whatsapp.net","name":"~"}}