{"noiseKey":{"private":{"type":"Buffer","data":"gAfLyfN+MIyasckokSdTk5u5GSMG1pAkU4yzksAFIVo="},"public":{"type":"Buffer","data":"yYcBumcUArY6HXbRSDeIKpIlrSEILcbpONSuJgIQUko="}},"pairingEphemeralKeyPair":{"private":{"type":"Buffer","data":"CDaOXqGycl9aoluNvaeGghiwE17WDjIuLd9ZwLFcCks="},"public":{"type":"Buffer","data":"5EFKKpS2/nPaEnMFfijWL1LTA/unNmGqMvFDt5SV+0o="}},"signedIdentityKey":{"private":{"type":"Buffer","data":"+B4UOEkhZfRyPHkwgYxbBIlNFjrPgk0DhM3YdcPExnU="},"public":{"type":"Buffer","data":"UNvukyoJNzhgPSJwa/bhRAo+ParDmDLlGACMPqA2LHc="}},"signedPreKey":{"keyPair":{"private":{"type":"Buffer","data":"UK7kd0sxXQdCCYj9wC7TwigjZBPK7NQBhttetypG+Hc="},"public":{"type":"Buffer","data":"VUZlUuEJpgr75ARpVwlVYXCgo50GEO1AvSUCao2Ewx0="}},"signature":{"type":"Buffer","data":"e1RTdolWLR2Ue4LAp5RvMMCXZI78gB3dPtQ0D307MeDkM7G5Sil5C8WE77vp9cnkTYf3FqWQ65BK7/uP5OoliA=="},"keyId":1},"registrationId":221,"advSecretKey":"fMXE8mPuTZB0Ucl94bkyzKdzSYnP1E/cFuZ2VJLdR6o=","processedHistoryMessages":[{"key":{"remoteJid":"94769685602@s.whatsapp.net","fromMe":true,"id":"56E6D8973FEE86434A5CE87EA11558B6"},"messageTimestamp":1751877425},{"key":{"remoteJid":"94769685602@s.whatsapp.net","fromMe":true,"id":"CEA299801684742A6F2251929FA594F5"},"messageTimestamp":1751877425},{"key":{"remoteJid":"94769685602@s.whatsapp.net","fromMe":true,"id":"591061CB109925F4B91542D4713114DD"},"messageTimestamp":1751877426}],"nextPreKeyId":77,"firstUnuploadedPreKeyId":77,"accountSyncCounter":1,"accountSettings":{"unarchiveChats":false},"deviceId":"R-auur7ORGihAu_krIJe5A","phoneId":"9be7256a-d5c4-49fa-921e-79c8a89d2d9d","identityId":{"type":"Buffer","data":"RUFYAckv3EAVOsT4u9xxU7gYynE="},"registered":true,"backupToken":{"type":"Buffer","data":"MBrY8cf4vnTArlgfHBc97scfb/w="},"registration":{},"pairingCode":"ZC544NZT","me":{"id":"94769685602:1@s.whatsapp.net","lid":"78766126719148:1@lid","name":"𝗕𝗟𝗔𝗖𝗞 𝗛𝗔𝗖𝗞𝗘𝗥"},"account":{"details":"COqim9IFEKKOrsMGGAEgACgA","accountSignatureKey":"nH/dbj3El8dFsaCpq7yGn9oqN80W9O8tLTWIZ4KfrTw=","accountSignature":"gAe6wOWdnB4slxJ375OTLsJ77Z99fvXxNTq2nsrU1exkSD68Gn5FLFURWF9IqE5ThEAKvuJkicdYU6Yr38I4CQ==","deviceSignature":"G9bea65/ivguiVtk2u5pX93c28T5QMINEm9zPZPgYyEB9TlPQEn+rHg/DPt98Njn/O9paz1bT+w3Vw2BvMu7iQ=="},"signalIdentities":[{"identifier":{"name":"94769685602:1@s.whatsapp.net","deviceId":0},"identifierKey":{"type":"Buffer","data":"BZx/3W49xJfHRbGgqau8hp/aKjfNFvTvLS01iGeCn608"}}],"platform":"android","routingInfo":{"type":"Buffer","data":"CAUIAg=="},"lastAccountSyncTimestamp":1751878505,"lastPropHash":"PWk5B","myAppStateKeyId":"AAAAAIfN"}