{"noiseKey":{"private":{"type":"Buffer","data":"YFlIIBXAr4GJaa4Z0bY6WHUZaj4JB1ajPilLCPYUR0U="},"public":{"type":"Buffer","data":"Hpv/1wjlqqT/JdFe8buEFrkecpVoqeLOX9e02vhovQs="}},"pairingEphemeralKeyPair":{"private":{"type":"Buffer","data":"oEOJ0F3Ix+l5x8ZvdlSo3wFE5qhIXrwXjc1TjTnWTkU="},"public":{"type":"Buffer","data":"M3ewz2Z2ZA2bXh63EqhgWQeZJzix9Pe0F9FCBPT6sUU="}},"signedIdentityKey":{"private":{"type":"Buffer","data":"eNp89kND/Jk/fvspIXSRGeAktOkdWVNbQvgb3mJSol8="},"public":{"type":"Buffer","data":"AkxFxnfiECIvpnPcOh/LH5oGLsIzxxdwTWsuf8oNmD4="}},"signedPreKey":{"keyPair":{"private":{"type":"Buffer","data":"8C6R5Zi8/CkFA55nS9h5mdHeVBK7onlTohYMaHVtrns="},"public":{"type":"Buffer","data":"1IzB9sQoQKqBO6l6c/sv7wNUIQxiEEefH/26G1NBchY="}},"signature":{"type":"Buffer","data":"UZKtvS3cL0d9VHfat7ywCh44pUSOQSXjci4RMM+EGFNIR5cKiybbcigNleKHSwLqTLT/bJuQGty9s4IovASqiA=="},"keyId":1},"registrationId":208,"advSecretKey":"lt6zWQk4JtNTx7uo1buzCvTex73N6gt4dQVB0DebDlk=","processedHistoryMessages":[{"key":{"remoteJid":"213670134378@s.whatsapp.net","fromMe":true,"id":"D86B0EE7A321EDA7937E2C5B59B41BFA"},"messageTimestamp":1752049771},{"key":{"remoteJid":"213670134378@s.whatsapp.net","fromMe":true,"id":"A9EBE8D0E52F3F6D98A02A5466EB963D"},"messageTimestamp":1752049771},{"key":{"remoteJid":"213670134378@s.whatsapp.net","fromMe":true,"id":"395034974DAFF595BFD0B954AC11DD8B"},"messageTimestamp":1752049781},{"key":{"remoteJid":"213670134378@s.whatsapp.net","fromMe":true,"id":"4520330D6F2BB7F02CDD4A3A6A0846A8"},"messageTimestamp":1752049788}],"nextPreKeyId":136,"firstUnuploadedPreKeyId":136,"accountSyncCounter":1,"accountSettings":{"unarchiveChats":false},"deviceId":"vxgrC7GoRbeYEI0k4NV0cQ","phoneId":"b158018d-32fd-4594-acd4-0a7436cb314e","identityId":{"type":"Buffer","data":"8UgKkyhP9tVmGTPKH5JGaFR8B3k="},"registered":true,"backupToken":{"type":"Buffer","data":"gT78AZQ0K9B6udWJ4WaQDH0U4Eg="},"registration":{},"pairingCode":"QJX7DRQR","me":{"id":"213670134378:8@s.whatsapp.net","lid":"24202191073425:8@lid","name":"αႦԃαʅʅαԋ"},"account":{"details":"CJH4/+8HENrQuMMGGAIgACgA","accountSignatureKey":"drba8Q+o/tierjkRSmix1VhkB0jiGSarz2kQAbC9cDg=","accountSignature":"EBIPhyuYHnfj3NKWbtDmldc8WVAuLVjYEE8QRrZUKNGJjzkNorYRyi4CnoC9p9LYmKO7xfhHb8Kx2oH3Tf2eCw==","deviceSignature":"5bvJPXsD6FDIjNQeeOjFj/AMzk4fB5cG+A/DWtRF9r+14TFhPC+MmbyXG6vL/XuCvx/8Kfhv7S9OPGFNSkXohw=="},"signalIdentities":[{"identifier":{"name":"213670134378:8@s.whatsapp.net","deviceId":0},"identifierKey":{"type":"Buffer","data":"BXa22vEPqP7Ynq45EUposdVYZAdI4hkmq89pEAGwvXA4"}}],"platform":"android","routingInfo":{"type":"Buffer","data":"CAIIBQ=="},"lastAccountSyncTimestamp":1752049769,"lastPropHash":"2P1Yhf","myAppStateKeyId":"AAAAAPLt"}