{"noiseKey":{"private":{"type":"Buffer","data":"EMpGFF/bP5wSHJ4Uekz4H536K5srJOiafO1ACdMLa2A="},"public":{"type":"Buffer","data":"1P0FYiWLvgxVhMz5zAdepH0hbNQdtbgvj3bNk6vr+0w="}},"pairingEphemeralKeyPair":{"private":{"type":"Buffer","data":"2EdUR867RN15Nshc8SKt/d/CGN9XwFwPl1FyW1pMTUE="},"public":{"type":"Buffer","data":"ual6H8pSOXvhy/DQF9nIodV8hnaavwHqTdZLwWkUbk0="}},"signedIdentityKey":{"private":{"type":"Buffer","data":"+Lyf/0idMIrunSBcYS3yTJ6/ilZ34G06tUwLw5UGykI="},"public":{"type":"Buffer","data":"QU03Q78LukXDV1V4G6gNycy1CPHku2MT0p11ODu5lnA="}},"signedPreKey":{"keyPair":{"private":{"type":"Buffer","data":"oIq1nK+e+uml+J09C15IcilFQWYt2vEs/e4kLjDVq10="},"public":{"type":"Buffer","data":"/FPU7dmBT9JUlJMGFhWtSENNpmSkyUQB+0LdC8wowTw="}},"signature":{"type":"Buffer","data":"BgVndjb7rR05u1bqrQkkU4R1TIuBZ/Aw8hUOCQ3UhKUK7ekE+/EUwHRj02ZGa1Obyl97YGvHa9KfZtRpQRj0hg=="},"keyId":1},"registrationId":100,"advSecretKey":"csAA+ISPU6cDUdsHmTKXimLlECrQPzNe86YvIvY4lcg=","processedHistoryMessages":[],"nextPreKeyId":1,"firstUnuploadedPreKeyId":1,"accountSyncCounter":0,"accountSettings":{"unarchiveChats":false},"deviceId":"T5rtFPuNSxyEp6vyVXCF9Q","phoneId":"065c29e2-512c-4da5-85a4-b52e8f1646f6","identityId":{"type":"Buffer","data":"/Dn5hZwKKG6MUDFCv5bPA4np6ZA="},"registered":true,"backupToken":{"type":"Buffer","data":"0YgTOyA8EDkrOhROrer+hWk2oUw="},"registration":{},"pairingCode":"8N494656","me":{"id":"94771633049@s.whatsapp.net","name":"~"}}