{"noiseKey":{"private":{"type":"Buffer","data":"gGOTXbWMV/HJJ55F5dnXRBG76umWVyDQ4cqwQYlgrEk="},"public":{"type":"Buffer","data":"ppYObD0QxbdA3tb+J+kBbBVXwAMSRB8cB1DITaZOnEw="}},"pairingEphemeralKeyPair":{"private":{"type":"Buffer","data":"qJMQRZUd6W7E11Xmy9prTUjNmfg/92VrWKYG3JqlsGo="},"public":{"type":"Buffer","data":"cDNsrYtP91MzL/Xj93idW5+xwRTsLd3tAvkH3jP+y2M="}},"signedIdentityKey":{"private":{"type":"Buffer","data":"IPtt+ZnhGcbus21UdRXujEesIGE3KtXL1u8Yi1mPLUU="},"public":{"type":"Buffer","data":"R5/ixvx0wsVF7aLWxK/BlA7Vg1DpA9lUHJypAzrsnjI="}},"signedPreKey":{"keyPair":{"private":{"type":"Buffer","data":"qGk2HzDAewoih68MqzbndICdDl/HfnW+QDyc5XsZH0k="},"public":{"type":"Buffer","data":"lewQ2DJy5TiR6mAVeUM5eMhsnlW2JxZKM3qS1SnhzwI="}},"signature":{"type":"Buffer","data":"9orxrnNMz8vWfnLQ/9N/XG+K7z77f+c2wEViEx+Ik3Rl0jVl4DujamTF3l1t3sbod9R80m7p3Cf1Wr7bz46xDg=="},"keyId":1},"registrationId":68,"advSecretKey":"aFyY/xLpTH5he0YeQ8fxAOuXGKfuoRT0A/td4O2U2Nc=","processedHistoryMessages":[{"key":{"remoteJid":"94764731827@s.whatsapp.net","fromMe":true,"id":"A70B74EC3ADEA4486C6734A369735493"},"messageTimestamp":1751732103},{"key":{"remoteJid":"94764731827@s.whatsapp.net","fromMe":true,"id":"66F8867D7CF65CCEC2B57545DC6179E7"},"messageTimestamp":1751732103},{"key":{"remoteJid":"94764731827@s.whatsapp.net","fromMe":true,"id":"94345C196008C4741CC837C5383DBB83"},"messageTimestamp":1751732149}],"nextPreKeyId":144,"firstUnuploadedPreKeyId":144,"accountSyncCounter":1,"accountSettings":{"unarchiveChats":false},"deviceId":"Zx5HPVyZS3SqvKcI1xks9Q","phoneId":"70dcea1d-65c6-47f6-b680-b06da5009ff5","identityId":{"type":"Buffer","data":"4fvSaUbQoy/Bd+UHKYdP+jRe0AQ="},"registered":true,"backupToken":{"type":"Buffer","data":"56/b5EWntbr7zssgpYAPm+b2yJM="},"registration":{},"pairingCode":"BVESZ94H","me":{"id":"94764731827:6@s.whatsapp.net","name":"new","lid":"259253470232603:6@lid"},"account":{"details":"CJupi6sHEPaepcMGGAEgACgA","accountSignatureKey":"iT688Ct28bkUSZJrs7ydMYR4qXF4OZEdUTLK3i3RVy8=","accountSignature":"azLYY9kVzhgXLv8yq7JkU5D7SZj45T81Nq6vlPNU2Y+SrSqBU5nFgw+QZej5Du8nFwx5jzRQSIQp1G7u4OjsBw==","deviceSignature":"u1DiCaCWDuo8dxSHx91Zl9bvKKx4FP/XNX8V39BfVMNugXQaVlzeEMISdc7MHbAo4/O2KD9GU68jm9EUbb1YCA=="},"signalIdentities":[{"identifier":{"name":"94764731827:6@s.whatsapp.net","deviceId":0},"identifierKey":{"type":"Buffer","data":"BYk+vPArdvG5FEmSa7O8nTGEeKlxeDmRHVEyyt4t0Vcv"}}],"platform":"smba","routingInfo":{"type":"Buffer","data":"CBIIBQ=="},"lastAccountSyncTimestamp":1751737519,"lastPropHash":"2V77qU","myAppStateKeyId":"AAAAAM17"}