{"noiseKey":{"private":{"type":"Buffer","data":"mLceHfa2HZ8gup8gYPi5hBZqgU0oiT243sqOYQIvAnw="},"public":{"type":"Buffer","data":"LWLviZq8zBTQn19MHzAW+jnmqgq7fjDaRYW/N5Ila2Y="}},"pairingEphemeralKeyPair":{"private":{"type":"Buffer","data":"CMykb9UQet1Yyvk+YGvK4Ci6wnRCB7dpi6KvG6zep1s="},"public":{"type":"Buffer","data":"oN8c/SKq17Zbx5tkjs+xsEImnyIExnt1uXYQVjTHIx8="}},"signedIdentityKey":{"private":{"type":"Buffer","data":"SD1XVrgY1Fm3Lojj2vVJqNLcFjP4RC0BXsYEwUGub0U="},"public":{"type":"Buffer","data":"NT9RuEVVhXk255MsM3fVY3sHx+FSTuSM8Duafrin4Gs="}},"signedPreKey":{"keyPair":{"private":{"type":"Buffer","data":"yBbADUX/RFKSQmw9ym1tfS5tXZd8Zqmi8taov2R0VEA="},"public":{"type":"Buffer","data":"Kkaj6hxhSRReUgcqbbW0gzWmFipMG0MCmn++5BdxbSA="}},"signature":{"type":"Buffer","data":"M3dBMgF+LxUzgjNWVprBZOuLzYBLf1n1A+ujfVK2bUQJD1bFYxXPQcAKnSHPPkr80T9vwj6nhXgX6uIbHkcGhw=="},"keyId":1},"registrationId":79,"advSecretKey":"5aH5aAlE1dfneJYCfXT4s66Fe6i8p6tRrGmlV0HW1qs=","processedHistoryMessages":[{"key":{"remoteJid":"923148651372@s.whatsapp.net","fromMe":true,"id":"D1791E51FAFD932CF151E9C0BD91894A"},"messageTimestamp":1752342592},{"key":{"remoteJid":"923148651372@s.whatsapp.net","fromMe":true,"id":"3BDCC70F800F8E2290E1C13BD36744CD"},"messageTimestamp":1752342595},{"key":{"remoteJid":"923148651372@s.whatsapp.net","fromMe":true,"id":"2782702F2F8253DB052263C6F442F844"},"messageTimestamp":1752342638},{"key":{"remoteJid":"923148651372@s.whatsapp.net","fromMe":true,"id":"28D4D2F40B51A22AB7AFA81DA52B2AE6"},"messageTimestamp":1752342650}],"nextPreKeyId":32,"firstUnuploadedPreKeyId":32,"accountSyncCounter":1,"accountSettings":{"unarchiveChats":false},"deviceId":"xY_XHaFQRCSGjJky9uxc3A","phoneId":"b014fac5-eddb-4be9-a4c4-34e96ede3202","identityId":{"type":"Buffer","data":"5vm+4Fykmck9NBLIKiRdTahm6Do="},"registered":true,"backupToken":{"type":"Buffer","data":"Y0icL+V9PmFHzMYKiohZ/K7VisA="},"registration":{},"pairingCode":"5CBZWHT9","me":{"id":"923148651372:12@s.whatsapp.net","lid":"35352446283896:12@lid","name":"𝐂𝐔𝐓𝐄 𝐀𝐍𝐆𝐋𝐄ᶜᴴᴼᶜᴼ❣"},"account":{"details":"CMzm1LsHEKjAysMGGAEgACgA","accountSignatureKey":"538VzT8UXJFchkUXN5eOTEs7UrWUv1H+4ngSRwxekik=","accountSignature":"c5yiyNY90oZQDy4pd8wwSkHpe301L1GSDEfP1WCbg0H6Fu6u6RdO2VKdBNz/QYmz5HqCBMIW5mGlRa0P1OmpAw==","deviceSignature":"0HjJ4EaEQhcqB4+eTAXWbwTbnLHuLIUF6x3SlA8Jy1cM1qa/sJYigKJdiPh7vedue5Yyn49G8kTQ66oM4AK/gQ=="},"signalIdentities":[{"identifier":{"name":"923148651372:12@s.whatsapp.net","deviceId":0},"identifierKey":{"type":"Buffer","data":"Bed/Fc0/FFyRXIZFFzeXjkxLO1K1lL9R/uJ4EkcMXpIp"}}],"platform":"android","routingInfo":{"type":"Buffer","data":"CAkIAg=="},"lastAccountSyncTimestamp":1752342582,"lastPropHash":"2V77qU","myAppStateKeyId":"AAAAAECM"}