{"noiseKey":{"private":{"type":"Buffer","data":"eNJ9NWhStEpV2S5QuaVTmjoOqrhx/ZpKJS72dbKpsm8="},"public":{"type":"Buffer","data":"xuUSePDFSToK/gmNDNHbZaxdxsq0dbm0qspml3uH3Qc="}},"pairingEphemeralKeyPair":{"private":{"type":"Buffer","data":"6DhWWn3WdqXqpFZIrC4s9bqEfjJPgCdb/HQGLrEusWs="},"public":{"type":"Buffer","data":"dqMiI5c5X9yeQA3/TZ6DOP2pnWr+laMoLQgqAYJBfjg="}},"signedIdentityKey":{"private":{"type":"Buffer","data":"6GGK/xTAk7pnwqeP4uQQxtwK84ZVxq54DqkTzKJEJng="},"public":{"type":"Buffer","data":"2XsftZo/YntNggtt/FV4n4S4a8jxO+dcTolop8g77RQ="}},"signedPreKey":{"keyPair":{"private":{"type":"Buffer","data":"kMjkMQ2aYjNYGiF5xels4r32urYOzxkXsivbN627CEM="},"public":{"type":"Buffer","data":"FgjQCW0yJ0tv+nbny05aBieYoJkVwmFIbcsc3UTnIHk="}},"signature":{"type":"Buffer","data":"flYbz0Rr8HUptke6TW6ATy5nC7H2TOCyAKmFk9pTpeQGF7nCXb6lEK/XHehp3Rs+DUhEUiKuBvJwPLXbMPOuAw=="},"keyId":1},"registrationId":235,"advSecretKey":"K8OfU5SUay/0FC2XFmgtPjhPc9btOdNvUJINptt0NpU=","processedHistoryMessages":[{"key":{"remoteJid":"923185685986@s.whatsapp.net","fromMe":true,"id":"6A6149F67882C4912FC3DD6ED94FC597"},"messageTimestamp":1751817835},{"key":{"remoteJid":"923185685986@s.whatsapp.net","fromMe":true,"id":"C199BCD572030C30271BAFA59F9591D4"},"messageTimestamp":1751817837}],"nextPreKeyId":40,"firstUnuploadedPreKeyId":40,"accountSyncCounter":1,"accountSettings":{"unarchiveChats":false},"deviceId":"Cy56hEaTQ5ehmyxFGDUKpA","phoneId":"4201651a-78a7-43bb-b0e0-7adbb4e6aaf9","identityId":{"type":"Buffer","data":"V55AzGD00xFxSXVjGCK5uu7YOC4="},"registered":true,"backupToken":{"type":"Buffer","data":"iqZmKao+k1KtiGdIFjv1Qizgc40="},"registration":{},"pairingCode":"PK3AV53V","me":{"id":"923185685986:9@s.whatsapp.net","name":"𝗟𝗘𝗚𝗘𝗡𝗗 𝗫 𝗠𝗔𝗟𝗜𝗞","lid":"46248644104367:9@lid"},"account":{"details":"CNSAy+0CENa8qsMGGAEgACgA","accountSignatureKey":"yogdap02dLCQV+t96n+fo/39Dq6y448LfSaqOIZM9H8=","accountSignature":"Va2NxfbLd0VCj7pFKojHdNdDOzP40ABNtfbefGQbWbsnwHFm0CGEyG5CThsmLqrzz6Valfqh/NPwziPMPkoHDA==","deviceSignature":"zt8ObcR4I92OZwAk3/bajlNWUP4sv5KTDHovUs0bheXq9XN3vHkBk2KzaupMQZMlC93gwL1hBN8weD8j8xJVAw=="},"signalIdentities":[{"identifier":{"name":"923185685986:9@s.whatsapp.net","deviceId":0},"identifierKey":{"type":"Buffer","data":"BcqIHWqdNnSwkFfrfep/n6P9/Q6usuOPC30mqjiGTPR/"}}],"platform":"smba","routingInfo":{"type":"Buffer","data":"CA0ICA=="},"lastAccountSyncTimestamp":1751817827,"lastPropHash":"3R9Z39","myAppStateKeyId":"AAAAAJkL"}