{"noiseKey":{"private":{"type":"Buffer","data":"CPXqOKjQ6xeyLV1tCFGcnHoewZdm5T2nPFAyY/AIEX8="},"public":{"type":"Buffer","data":"VoCFxP8dJKLPUhwDkF8bTk3deKIn5TcPsNf1KDfveik="}},"pairingEphemeralKeyPair":{"private":{"type":"Buffer","data":"yN9K7Ui5v07D/OCzoId/L/QBOpcBGKpOY6n3XlEpeV0="},"public":{"type":"Buffer","data":"C82Sa8e07WrU0S3mCC4DmZ0gtSO2JrRjuG9rxwvh9Ug="}},"signedIdentityKey":{"private":{"type":"Buffer","data":"YKMiG8Mq4GxIGdz8FhmPfd5ZdJQBGqq7jxzQ2dkVj2Y="},"public":{"type":"Buffer","data":"0aw81Tvl6wVZdxSMdCv03pHe4EW8GDTMFpRNcVgCahU="}},"signedPreKey":{"keyPair":{"private":{"type":"Buffer","data":"cHwBj8uI/CrvZP+TtlL14CaJCOZyOwfKotEZwnSSvVE="},"public":{"type":"Buffer","data":"J0ZVnfuAav2x1ypOIHjfdo0Ph6qDOU7E70DxlbI42mY="}},"signature":{"type":"Buffer","data":"l3+12QXCzLrVCfC9j35k/JLh52jMS57nM/GTYQyOJWEhn6u39bcV9ZsCmMNcrpscJ1Dsz8ehrMGBxKXoqiasBQ=="},"keyId":1},"registrationId":246,"advSecretKey":"Wce7kPm4mg7oaJ3jfhGC2oMqq8PcBrKnMvKQFskgf68=","processedHistoryMessages":[{"key":{"remoteJid":"94705511795@s.whatsapp.net","fromMe":true,"id":"C0D5D453B7BE5A4135BB0C602F747D1B"},"messageTimestamp":1752287342},{"key":{"remoteJid":"94705511795@s.whatsapp.net","fromMe":true,"id":"2214F0A87DFD0757BBEE28F42351460C"},"messageTimestamp":1752287346},{"key":{"remoteJid":"94705511795@s.whatsapp.net","fromMe":true,"id":"DF366F37947783DFBE6CAF765BAA1EC3"},"messageTimestamp":1752287363}],"nextPreKeyId":65,"firstUnuploadedPreKeyId":65,"accountSyncCounter":1,"accountSettings":{"unarchiveChats":false},"deviceId":"1DwfWULCSFKGaNZNVr4b6g","phoneId":"34729571-0acf-405b-8544-ffd982ab2f39","identityId":{"type":"Buffer","data":"/V4XDzP6BLXT5RfHaDvNzAhSLnQ="},"registered":true,"backupToken":{"type":"Buffer","data":"NBfWui9Euqz6bVKwdLx/Pwh/DI4="},"registration":{},"pairingCode":"7B2ZETYD","me":{"id":"94705511795:2@s.whatsapp.net","lid":"185414409265160:2@lid","name":"𝐖𝐡𝐚𝐭𝐬𝐚𝐩𝐩 𝐁𝐨𝐭👾"},"account":{"details":"CMa6ivMCENOQx8MGGAIgACgA","accountSignatureKey":"Dyga0Axl/Y/dy+oSbouW2T+NA4wm1+gud1nmcffF+xs=","accountSignature":"v9gBlOIk/ycCuWfCjp08J4Y/V3o7bqTyW0VxojGaBiqCwqXq3wfqjeqs4jVI/+6CIFMFxxIbfMXTgrBNJM/2CA==","deviceSignature":"GWlrs3qMjy2YWcnu8CcNukBsULFHxS91oOcChtShhycLqDJMOAFvVb5ouMyyerruny7MWdklcAgF3QW107PsDA=="},"signalIdentities":[{"identifier":{"name":"94705511795:2@s.whatsapp.net","deviceId":0},"identifierKey":{"type":"Buffer","data":"BQ8oGtAMZf2P3cvqEm6Lltk/jQOMJtfoLndZ5nH3xfsb"}}],"platform":"android","routingInfo":{"type":"Buffer","data":"CBIIBQ=="},"lastAccountSyncTimestamp":1752287329,"lastPropHash":"2V77qU","myAppStateKeyId":"AAAAAP9k"}