{"noiseKey":{"private":{"type":"Buffer","data":"4J7gW6CxOnuas8RQZ2Ie+hIFc9Jgl5dXNz89IruK50U="},"public":{"type":"Buffer","data":"UkFJzG2sQxti+QYJNzq6hahgBhZuvkyZ3r4sQ/PiRV4="}},"pairingEphemeralKeyPair":{"private":{"type":"Buffer","data":"EGsmUJUMpyqhz+VRdjj3EpfYUtwaQrmlTydF81P4zVc="},"public":{"type":"Buffer","data":"HZsDVxmYZnV2ZgUzbQSGGrwdEViokwlep+lPzDL8vFY="}},"signedIdentityKey":{"private":{"type":"Buffer","data":"YKbm/tSsWp4xd4asG5GLZWXnc85rj/EJKQdSgxCipHI="},"public":{"type":"Buffer","data":"dCXteZZzQonD0+9h/Krz+2KuFIKAmtlY0xYCW2xk4Dw="}},"signedPreKey":{"keyPair":{"private":{"type":"Buffer","data":"SLxG/um2ft/HMoovTFyduytGay8xOVY4SyodBYBKbkI="},"public":{"type":"Buffer","data":"G0cULIcHk4DlmOQtHzBBtN3D8rGiQI/sHdWzEcWZyiM="}},"signature":{"type":"Buffer","data":"DwnDploWdO9JCsDyUtENRiHE6YKeVNphJ1orXa8RuMAVL81/JzZyfjD7SU6LNSaOu5jgGYh+YagD0QDOKlq6Aw=="},"keyId":1},"registrationId":108,"advSecretKey":"mHUUIP/qoi8X4lTzkixvL3SfIcZBwJfKXZCHdN8oYtA=","processedHistoryMessages":[{"key":{"remoteJid":"94777494513@s.whatsapp.net","fromMe":true,"id":"11AB6D353419048968934149CEE373C7"},"messageTimestamp":1752374476},{"key":{"remoteJid":"94777494513@s.whatsapp.net","fromMe":true,"id":"1858392E655C986E48E7DFCE7B1ED083"},"messageTimestamp":1752374476},{"key":{"remoteJid":"94777494513@s.whatsapp.net","fromMe":true,"id":"6061C730BE06F0983E8A0BF4995BDB13"},"messageTimestamp":1752374478}],"nextPreKeyId":69,"firstUnuploadedPreKeyId":69,"accountSyncCounter":1,"accountSettings":{"unarchiveChats":false},"deviceId":"dMpbgs8VRBOTuGWP5man4w","phoneId":"012d0fc2-038d-4b0b-8f7c-8ffe2f9cbf05","identityId":{"type":"Buffer","data":"h7Y7KfBDlnni9k16QjGQ2zydIe8="},"registered":true,"backupToken":{"type":"Buffer","data":"/SSw/vbjXzCe3o6Fuc/51OpJbpA="},"registration":{},"pairingCode":"VTCQ6KEH","me":{"id":"94777494513:2@s.whatsapp.net","lid":"114366959591642:2@lid","name":"Awe"},"account":{"details":"CImAiPcHELy5zMMGGAEgACgA","accountSignatureKey":"e4S/ryLM+vsVtsPV0His5h4uYclygZvuEuvHD2zQMGA=","accountSignature":"KNKY/Dmjt7naIZhh3UvxlKWebGkgcBL3VSwGFX/3lAVosdSy1ddX/D+RYZhgJ5v74NCkwcrGpLlCWGqqELqMCg==","deviceSignature":"cPQ9kEeP1ClGR0aynqKeTXEzgXmbH36PZcfXnR7RWgz+MF3oh12Fx5P/opr50xXM7/RwG0aSlGv16X27kOMhDQ=="},"signalIdentities":[{"identifier":{"name":"94777494513:2@s.whatsapp.net","deviceId":0},"identifierKey":{"type":"Buffer","data":"BXuEv68izPr7FbbD1dB4rOYeLmHJcoGb7hLrxw9s0DBg"}}],"platform":"android","routingInfo":{"type":"Buffer","data":"CAkICw=="},"lastAccountSyncTimestamp":1752378926,"lastPropHash":"1K4hH4","myAppStateKeyId":"AAAAABo/"}