{"noiseKey":{"private":{"type":"Buffer","data":"uM8HBij7DQ9DXWfvTAo5nR9C5F8cOUTB5bt4UQjNMUI="},"public":{"type":"Buffer","data":"vepojXifpKir7CXVWaYvs7I/aI48kMAam6wwhe/Vsno="}},"pairingEphemeralKeyPair":{"private":{"type":"Buffer","data":"qGsNOTUOb13As6p0A9H72iFq/kL8rO464/8Xfoc7ZWk="},"public":{"type":"Buffer","data":"YdNqY9T9BLn2/FrawYIpHNYI07Hj6rFX4oYp1CrvoGk="}},"signedIdentityKey":{"private":{"type":"Buffer","data":"qKOQ1qWzxKYqovvibnfzBnT7dPfJv4pV8So7QFwgJUk="},"public":{"type":"Buffer","data":"huV5OHI93seP7TJHnGWyKTZi1OH71vnVjv5rhuSW6W4="}},"signedPreKey":{"keyPair":{"private":{"type":"Buffer","data":"cGeYzOkxBnhfuPG6svZ910Cz9k9jYx1NcAaK2HxbBWM="},"public":{"type":"Buffer","data":"iN+tCvj0C7vVNz5Xch6qiqcPnSMA0H1AHGvTIez7aGo="}},"signature":{"type":"Buffer","data":"avMServPvA2eUS7+SfcklqVav3uZNt23es4WqR/HDWz1jzlZtZ8typJM/Y/oX2VfTn7c5/q9BXqA5Ai6D86lig=="},"keyId":1},"registrationId":162,"advSecretKey":"Wtl+k+2unhnU9dIJA7wihy1iqfIhZ3+d+e2Va73iB2M=","processedHistoryMessages":[{"key":{"remoteJid":"94757010954@s.whatsapp.net","fromMe":true,"id":"865B7D477E58D45F60ABD7A8039CBC18"},"messageTimestamp":1752408606},{"key":{"remoteJid":"94757010954@s.whatsapp.net","fromMe":true,"id":"FD452F80123CBA6A60990622260D5464"},"messageTimestamp":1752408606},{"key":{"remoteJid":"94757010954@s.whatsapp.net","fromMe":true,"id":"D8FBA7D69270B8C1B8BE022D501F8342"},"messageTimestamp":1752408664}],"nextPreKeyId":136,"firstUnuploadedPreKeyId":136,"accountSyncCounter":1,"accountSettings":{"unarchiveChats":false},"deviceId":"ROxA1uZ1SjWbBg-kQqg45Q","phoneId":"5af64c63-ea5a-465f-b89e-116c2be0f0bf","identityId":{"type":"Buffer","data":"18uSOwU1uSmDydlv21s0+Cv0JAU="},"registered":true,"backupToken":{"type":"Buffer","data":"WXzqxk4IX7JCBHPoDJt33abnP0E="},"registration":{},"pairingCode":"AR1VE85B","me":{"id":"94757010954:10@s.whatsapp.net","name":"shawin","lid":"40648174506213:10@lid"},"account":{"details":"CM3IrvsFEIvEzsMGGAEgACgA","accountSignatureKey":"2/JhKJ6vjrp11aaH/uPovxo6t4XGbyk9B+2/czkaXCw=","accountSignature":"LciWdot1mBqGLoKayYiQJPAjkfYYdQGmP4h1JvYD5eWokkAb9VaXppzJJSz+sRDo/yrD7lGxg6PtkwxyQmzpBg==","deviceSignature":"QyRuu0NxIsq3ulvDMu+WiDneppoJ6IZ1DZy7PuzhNEa3ZDgaJsHhf54wYP+nxslNgsigA8/r5NZth0m6FMekiA=="},"signalIdentities":[{"identifier":{"name":"94757010954:10@s.whatsapp.net","deviceId":0},"identifierKey":{"type":"Buffer","data":"BdvyYSier466ddWmh/7j6L8aOreFxm8pPQftv3M5Glws"}}],"platform":"smba","routingInfo":{"type":"Buffer","data":"CAkIBQ=="},"lastAccountSyncTimestamp":1752414659,"lastPropHash":"PWk5B","myAppStateKeyId":"AAAAAP9O"}