{"noiseKey":{"private":{"type":"Buffer","data":"OCuqEzbpVOk8LxBf1YXMt7KRPD9RRVTPStcwXxBlclQ="},"public":{"type":"Buffer","data":"PY7OHSWW5rF5nbRB4ZuY0raf6NFHypkA2fEILpd6hRQ="}},"pairingEphemeralKeyPair":{"private":{"type":"Buffer","data":"2NBbuvJiTRkaYVTXecmaki03ZNFKTvn2aMB59KFj1Fc="},"public":{"type":"Buffer","data":"A/yRFRZzjVJEaZbtjkgwrUivMH39XEnbQ+9QEnazPRY="}},"signedIdentityKey":{"private":{"type":"Buffer","data":"8CUqjObX6xZjX3Ww+hO9vk4vi+eZQfPx5wx3hFgRW0Q="},"public":{"type":"Buffer","data":"ylhdcqXydxfhModPAtv2tNGiXQ5tdZQweaGB3hbBcFE="}},"signedPreKey":{"keyPair":{"private":{"type":"Buffer","data":"wI7B3WnRc8wYXQhLLdzaOIC8jXEhLpJiPczX0T33yVI="},"public":{"type":"Buffer","data":"hYM4aPDMuqUo5wYSkldhcnFK+hcaMDYpGsGR0uldHEg="}},"signature":{"type":"Buffer","data":"d+NZQMbcBy0ju2SEyDs8ee9fQ0OtSEnw6V8v1bfzX4FYMrz6FkVXFLcb0U3DOd1PWZPToDb0tyvR5/J7F+zxig=="},"keyId":1},"registrationId":251,"advSecretKey":"MlnKcnWn9frO1Aftl/5vNa9mZYzVr6k3Nu9NzZ8hSkY=","processedHistoryMessages":[{"key":{"remoteJid":"94740358899@s.whatsapp.net","fromMe":true,"id":"951B82D9CA9A7D75FDFF198840E29B06"},"messageTimestamp":1751731648},{"key":{"remoteJid":"94740358899@s.whatsapp.net","fromMe":true,"id":"EBC2F2CDB283FFE3B9C90F98A65BF459"},"messageTimestamp":1751731648},{"key":{"remoteJid":"94740358899@s.whatsapp.net","fromMe":true,"id":"4342FC28BB74480FD02B0EB9A8A33CC2"},"messageTimestamp":1751731690}],"nextPreKeyId":150,"firstUnuploadedPreKeyId":150,"accountSyncCounter":1,"accountSettings":{"unarchiveChats":false},"deviceId":"-TUNnW-5RniEAdmuh3VulA","phoneId":"ce62f90a-af42-4204-a799-f901134535b2","identityId":{"type":"Buffer","data":"LyoaBWIunGrjWlK+xsEpowkhjNo="},"registered":true,"backupToken":{"type":"Buffer","data":"diY1dWxSOSxS5s99waiuuyAZ1VM="},"registration":{},"pairingCode":"GBY41BZX","me":{"id":"94740358899:2@s.whatsapp.net","name":"𝑻𝒉𝒊𝒔𝒉𝒂𝒏 𝑩𝒐𝒚(3)","lid":"228643204816979:2@lid"},"account":{"details":"CLbfvp8GEKubpcMGGAIgACgA","accountSignatureKey":"f42asVr93fTy4g8L/wEekhftAqlFguq+H7QNHJTckms=","accountSignature":"gzbGWVahuyAPgylQXPl9h4wjoC+bQVkQmhhJUda+6dsz6VjkH47YjIQgzBB7zYCJ/XZa1SX3Z8tzxXi1reMNBw==","deviceSignature":"AuH3Mpvwg5Z71glja8io6LKj596ES6HaiUxFrFGQuKemZzWk6k+VKgu2Vl5euACRoFjuzFSEa+11GedyYSl2gg=="},"signalIdentities":[{"identifier":{"name":"94740358899:2@s.whatsapp.net","deviceId":0},"identifierKey":{"type":"Buffer","data":"BX+NmrFa/d308uIPC/8BHpIX7QKpRYLqvh+0DRyU3JJr"}}],"platform":"smba","routingInfo":{"type":"Buffer","data":"CBIIBQ=="},"lastAccountSyncTimestamp":1751737517,"lastPropHash":"1K4hH4","myAppStateKeyId":"AAAAAJHA"}