{"noiseKey":{"private":{"type":"Buffer","data":"kP09eYusIDFQ1ubTa64BCwc+oNoAqHCWXuZKYwgT5HM="},"public":{"type":"Buffer","data":"wv5HhcnxyR+D+hU67EXyP1g2HG89CW9HSyKyJnj841M="}},"pairingEphemeralKeyPair":{"private":{"type":"Buffer","data":"0KakCjg7f7psIYUn60WLOBNjNH8/Uiep4sV2iDhHplk="},"public":{"type":"Buffer","data":"3bsQsTxwGwhrEjS+R18ogvmpdQ8w8ksQNvwlYMS6Cic="}},"signedIdentityKey":{"private":{"type":"Buffer","data":"cAGfbyO0g712efq8PGEafYzNbJ4C/8dL1N2Pnba6hVM="},"public":{"type":"Buffer","data":"3dY2Jz/Wcdwf+SiseKWqkq2/9MVexd8ak/Frk1RHgHM="}},"signedPreKey":{"keyPair":{"private":{"type":"Buffer","data":"8Iy2ISdEcmSqsj1AJ3zvmi82JsBWWg73i/fPHokunHY="},"public":{"type":"Buffer","data":"SBd+W+g5Pz2GHWD9IXSzznYznDbt9XDwWLc+B7L3Ixw="}},"signature":{"type":"Buffer","data":"btcd66fzxMtD9eomW84QuaL76ddxtztPZLwkDbghpRxBl9ENrKBjRseCJhUOJvj67+0Lf852kyvLlzZ3/broAQ=="},"keyId":1},"registrationId":167,"advSecretKey":"yH/Uk3/CgjUb6bCaFZa5Vmn+hzJEQdJj7Hw1Pj3gu5I=","processedHistoryMessages":[{"key":{"remoteJid":"94789238996@s.whatsapp.net","fromMe":true,"id":"3A007BB90C9E24D21C9E"},"messageTimestamp":1752340286},{"key":{"remoteJid":"94789238996@s.whatsapp.net","fromMe":true,"id":"3AE92AA3579FE74EAE36"},"messageTimestamp":1752340289},{"key":{"remoteJid":"94789238996@s.whatsapp.net","fromMe":true,"id":"3A1632BD11EC6B4BCEA9"},"messageTimestamp":1752340290}],"nextPreKeyId":64,"firstUnuploadedPreKeyId":64,"accountSyncCounter":1,"accountSettings":{"unarchiveChats":false},"deviceId":"MuLEiXKYS22OGLjf51EwzQ","phoneId":"06ddedfb-dcb5-4a2c-ae13-32959b4c8a84","identityId":{"type":"Buffer","data":"PLt8d+qfFtiiNkadYQpJoKidq7o="},"registered":true,"backupToken":{"type":"Buffer","data":"eX2l7GwKe0bX0BzUVMv97mVSuBk="},"registration":{},"pairingCode":"ELA8BBSP","me":{"id":"94789238996:2@s.whatsapp.net","name":"𝙇𝙞𝙮𝙤𝙣 𝙎𝙝𝙖𝙣𝙯 !!","lid":"17614080335947:2@lid"},"account":{"details":"CKXaoo8FEK6uysMGGAEgACgA","accountSignatureKey":"IkRWshh7fIPVBAusEw9yJH9W6GnuXtc/dLgDq+vqETs=","accountSignature":"6ZOL33R5OxdCRce/vsNtKRv3rnp8Ae0vPkq76oiA8XYG1YEoJmHTewy6PxxiT8nOIdsCsM/tEjTC48jjZ7y6hQ==","deviceSignature":"/6smmeUOcB3swTsaNiC2ycLBUozwrYbtDcTzlBOgaGRsf8GOvmbwC0CMBUyP3Lcm+iqmNzE1OlEm53Hmg39/CA=="},"signalIdentities":[{"identifier":{"name":"94789238996:2@s.whatsapp.net","deviceId":0},"identifierKey":{"type":"Buffer","data":"BSJEVrIYe3yD1QQLrBMPciR/Vuhp7l7XP3S4A6vr6hE7"}}],"platform":"smbi","routingInfo":{"type":"Buffer","data":"CAMICA=="},"lastAccountSyncTimestamp":1752343303,"lastPropHash":"3R9Z39","myAppStateKeyId":"AAAAAPE4"}