{"noiseKey":{"private":{"type":"Buffer","data":"EJZcLiZFDCDpL9z4yly2RfLJw8rVM//q/dvsuEI+QXs="},"public":{"type":"Buffer","data":"QBEm14uuH6AODVdxm7lwFLbRtuAkS/DlKVpNcrbBrnI="}},"pairingEphemeralKeyPair":{"private":{"type":"Buffer","data":"IKCfOIKJqwbH61uD3Eewn/LAzW4ND0o2aGHJe1hCO18="},"public":{"type":"Buffer","data":"wWSO4BkDOTTmDlRtBpH0PlCFiygI1B7qTZH3VirwPnQ="}},"signedIdentityKey":{"private":{"type":"Buffer","data":"MBORdmDmnW5uU5MP51oqLMqnmPk5fF1L24UAX0UqyHo="},"public":{"type":"Buffer","data":"BD6E0TBbstyiUb62BF/1xCXIG44FDLFQFURc2pS1qx4="}},"signedPreKey":{"keyPair":{"private":{"type":"Buffer","data":"iFjtn+tGmfZi5gDO/g8eIW8SW5qwWHo8YWWv9whrGEg="},"public":{"type":"Buffer","data":"oXd9+tionWdFmdIFzTws4eRA6Ade1X8aCIarP+Z4Axk="}},"signature":{"type":"Buffer","data":"oq3FcpBZnFMPIxwEygKnxmw2QyvjxyVg7gKPyL/9DC6yEiuot70/rUS6tlz7SKhd/4bteHhsGwsv2cj8HoLDhw=="},"keyId":1},"registrationId":67,"advSecretKey":"yQqSxINv82louvgaFRfhxEeP4YoSpRK96ZNmG7frC94=","processedHistoryMessages":[{"key":{"remoteJid":"94771008691@s.whatsapp.net","fromMe":true,"id":"BD3A3F7413432F980B5C442960590DF2"},"messageTimestamp":1752120020},{"key":{"remoteJid":"94771008691@s.whatsapp.net","fromMe":true,"id":"498BEB25D8BAEA00E5AA3D8B08830ED8"},"messageTimestamp":1752120108},{"key":{"remoteJid":"94771008691@s.whatsapp.net","fromMe":true,"id":"5197856784EDAC88E4D622BC77DD9021"},"messageTimestamp":1752120174},{"key":{"remoteJid":"94771008691@s.whatsapp.net","fromMe":true,"id":"5425D2F0EAC2961DB7047F91EE76260E"},"messageTimestamp":1752120518}],"nextPreKeyId":660,"firstUnuploadedPreKeyId":660,"accountSyncCounter":1,"accountSettings":{"unarchiveChats":false},"deviceId":"JKesHm4wTIKi2M55qZsdMA","phoneId":"b1e18981-024e-4b8e-a572-e75bc681d370","identityId":{"type":"Buffer","data":"msKqDcqKpVK2l5LcY/yJvgZSMjk="},"registered":true,"backupToken":{"type":"Buffer","data":"UsbO8jfL/pt6JyRNic+0YSl5N8Q="},"registration":{},"pairingCode":"25E23PAL","me":{"id":"94771008691:68@s.whatsapp.net","name":"𝐈\n\n\n𝐀\n\n\n𝐌\n____\n\n𝚂\n\n\n𝙴\n\n\n𝚇\n____\n\n𝐒\n\n\n𝐌\n\n\n𝐎\n\n\n𝐊\n\n\n𝐈\n____\n\n𝙿\n\n\n𝙾\n\n\n𝙳\n\n\n𝙳\n\n\n𝙰\"","lid":"136773653000281:68@lid"},"account":{"details":"CL78wZACELz1vMMGGAIgACgA","accountSignatureKey":"c7Rl9q9lthM+S/Ew5zuBlC0CX6iY6y9ALBLLSQxRxSQ=","accountSignature":"YIJviamhJD1L6cN/mqUdT7VwMLje1GWOEWHNHwzacHRiZWM3RrzqXKefVX7nfAhwwzsO38oVMR2lqIyWgvizAA==","deviceSignature":"4LYKM7bo2ZVi+9isqIbRUuwBDyI0wJT3MwD9zXt1xQ8is88ulmJoho5sxdBiWTwZZFNfp4DFW2ikLilWJjd4hw=="},"signalIdentities":[{"identifier":{"name":"94771008691:68@s.whatsapp.net","deviceId":0},"identifierKey":{"type":"Buffer","data":"BXO0ZfavZbYTPkvxMOc7gZQtAl+omOsvQCwSy0kMUcUk"}}],"platform":"smba","routingInfo":{"type":"Buffer","data":"CAIIDQ=="},"lastAccountSyncTimestamp":1752120009,"lastPropHash":"PWk5B","myAppStateKeyId":"AAAAANA4"}