{"noiseKey":{"private":{"type":"Buffer","data":"uMOpBzSuasXkwcdLdPFsJCDItxbncIaXvGi1VofdMH4="},"public":{"type":"Buffer","data":"bMs4AN10t6l05Z95JvJ8U/LWhNXhQdFScbqlvD+O2h4="}},"pairingEphemeralKeyPair":{"private":{"type":"Buffer","data":"qPp6+jhsUDf0p7e6OQ017YWV9DUaVNs0YsZ/FV7i71I="},"public":{"type":"Buffer","data":"3mDVxFzU69/CLqFQhl2jgFuXOt/IvNhTdbhs0SBWoD4="}},"signedIdentityKey":{"private":{"type":"Buffer","data":"aCUnTATioGoMS+4+NEbXWP9X4LxIobANjin3kJ3FOEM="},"public":{"type":"Buffer","data":"wkNsvJUIHWSMq4n+9gLozFXzj027ge1cUTPUZM5VmDc="}},"signedPreKey":{"keyPair":{"private":{"type":"Buffer","data":"iIsPZUUL3Vzla2FMLP8QfjZvjTWaAHF7e2dfkfLAvmc="},"public":{"type":"Buffer","data":"D8lIwM2Ja47MlQtVFBoxqbVej6luU0g8h+ahb9DcqEw="}},"signature":{"type":"Buffer","data":"jqeGRPlMyENPB52DJgs8XfXlgtgY3T0hc3iU2n0SIUy8N/p26vkzsCZ05mLJ5hWXUqKuJ7C7d8egcvJfm1cmhg=="},"keyId":1},"registrationId":137,"advSecretKey":"K7/a+1ZO3ADeeXTeC0JRmnP1e5slgZa4wWUHRnegh7k=","processedHistoryMessages":[{"key":{"remoteJid":"94729626559@s.whatsapp.net","fromMe":true,"id":"B9AA9FCF4D8CC78FCC97182B4B504474"},"messageTimestamp":1751885554},{"key":{"remoteJid":"94729626559@s.whatsapp.net","fromMe":true,"id":"78988E9118A4D33AF239D7A9B217F585"},"messageTimestamp":1751885554},{"key":{"remoteJid":"94729626559@s.whatsapp.net","fromMe":true,"id":"8B823D500155C3AC6DCA0B61C45E9214"},"messageTimestamp":1751885561}],"nextPreKeyId":75,"firstUnuploadedPreKeyId":75,"accountSyncCounter":1,"accountSettings":{"unarchiveChats":false},"deviceId":"eUTzoRyvRpGAViKv35-nQA","phoneId":"591a82b3-7599-4dad-9194-65a751a9fd6d","identityId":{"type":"Buffer","data":"M7VW8G0al9kq9RMqDWwm5h7BxR8="},"registered":true,"backupToken":{"type":"Buffer","data":"GCui3hME0kmWoiaz3vFswljWP+c="},"registration":{},"pairingCode":"2VLVPS4K","me":{"id":"94729626559:2@s.whatsapp.net","lid":"134209775616167:2@lid","name":"༻♤ᖇOᒪᗴ᙭♤༺"},"account":{"details":"CMaDqM0FEOPNrsMGGAIgACgA","accountSignatureKey":"R4frQP++7bzEt6xYYR6tCW+TmpkoDsPrTht62kbJeBs=","accountSignature":"MhQ8dj5PNC68+7RXtlYjfOXP83ucndaZ6QQdbXZ+0fYStJrOEYusfT8RV9E4ZAyUp1ToTmhEYSYp3n5vV5VKAw==","deviceSignature":"6sJX5Sxk/LyKiTwaVt/XT4p9mn/nt5USrznpi6+MF6EumTOBvo/97mquw0it9fzRZqoY26X1+DbyfK8b+6NNiA=="},"signalIdentities":[{"identifier":{"name":"94729626559:2@s.whatsapp.net","deviceId":0},"identifierKey":{"type":"Buffer","data":"BUeH60D/vu28xLesWGEerQlvk5qZKA7D604betpGyXgb"}}],"platform":"android","routingInfo":{"type":"Buffer","data":"CA0IBQ=="},"lastAccountSyncTimestamp":1751903268,"lastPropHash":"1K4hH4","myAppStateKeyId":"AAAAAApc"}