{"noiseKey":{"private":{"type":"Buffer","data":"SHMpOPCjTwtnZIFH6KgBlmN7Fn7p7LpRZu3AS+5i4EI="},"public":{"type":"Buffer","data":"P+JH0MCBDAul+wwJdhxfQSIqlNv3zrGC1/QL2LE10kw="}},"pairingEphemeralKeyPair":{"private":{"type":"Buffer","data":"uCc5lrX11yqTeZc+Ui2Y1maSbl0476OHRPVwiBqjXm8="},"public":{"type":"Buffer","data":"lSUdA0wEOuBZZ/zZ27x/JUkz90nd4dKFq2aRKhzzCDU="}},"signedIdentityKey":{"private":{"type":"Buffer","data":"sBxp6DBoncyARySPeHesjE5N2GUUCXRlkw7qfBK4HE8="},"public":{"type":"Buffer","data":"I1NpycLRdwYqSbDLxUknWUBwFWgV8ChsaIcNVua80hc="}},"signedPreKey":{"keyPair":{"private":{"type":"Buffer","data":"mMna/of1azbB5fQEVRwFT3/otm80jCKDUGmZtdKo23k="},"public":{"type":"Buffer","data":"DT/5oCA0IHcTLKrkOztUkKXWLgABiQ0+Mo2oy7GKAFE="}},"signature":{"type":"Buffer","data":"cQAZ6Z2E4GYT8drTGizGAeHYwpxeX/vJrxLOTrdIJ92tpCJ3f6DEEZ/bxtcMDm1r3PPCA4joMwQGGmdaElzxAQ=="},"keyId":1},"registrationId":193,"advSecretKey":"oJ11eSCr/rGntZBSCPxLHWDJfDLThujVswi4hhZSc8Y=","processedHistoryMessages":[{"key":{"remoteJid":"923339044163@s.whatsapp.net","fromMe":true,"id":"7EB0C728876CDE1A6681CB2CAAE8439D"},"messageTimestamp":1752476734},{"key":{"remoteJid":"923339044163@s.whatsapp.net","fromMe":true,"id":"C092C53C061F459680DDC292F536BB6F"},"messageTimestamp":1752476741},{"key":{"remoteJid":"923339044163@s.whatsapp.net","fromMe":true,"id":"646FAEA38C09145ECE6744F72C201D6A"},"messageTimestamp":1752476773},{"key":{"remoteJid":"923339044163@s.whatsapp.net","fromMe":true,"id":"270EC9DD436816B62ABA92F585A25D08"},"messageTimestamp":1752476789},{"key":{"remoteJid":"923339044163@s.whatsapp.net","fromMe":true,"id":"1D12B70B15BA2062E574A65042C87C9E"},"messageTimestamp":1752476809},{"key":{"remoteJid":"923339044163@s.whatsapp.net","fromMe":true,"id":"71319A1853070BB83CE56B6D2FEF6C90"},"messageTimestamp":1752476812},{"key":{"remoteJid":"923339044163@s.whatsapp.net","fromMe":true,"id":"F0EA3924C6FDBC2487F35C8DD278C0F4"},"messageTimestamp":1752476843},{"key":{"remoteJid":"923339044163@s.whatsapp.net","fromMe":true,"id":"70200289B0262E14377283C8C4A6149C"},"messageTimestamp":1752476847},{"key":{"remoteJid":"923339044163@s.whatsapp.net","fromMe":true,"id":"6A2324C9A4A587A8615006246ED8FADE"},"messageTimestamp":1752476855},{"key":{"remoteJid":"923339044163@s.whatsapp.net","fromMe":true,"id":"B5CBCED4FCBE13E83F3A55723335EE4B"},"messageTimestamp":1752476880},{"key":{"remoteJid":"923339044163@s.whatsapp.net","fromMe":true,"id":"6A7A625D25ABE347EA80136AFC9D7FCB"},"messageTimestamp":1752476898},{"key":{"remoteJid":"923339044163@s.whatsapp.net","fromMe":true,"id":"B74FCF3CDFC14BDBEDB31F71D94709AF"},"messageTimestamp":1752476930}],"nextPreKeyId":1273,"firstUnuploadedPreKeyId":1273,"accountSyncCounter":1,"accountSettings":{"unarchiveChats":false},"deviceId":"6ptKIQYHR6KNRcFutMdrtg","phoneId":"02676f79-d7a9-4aa3-bc89-e345b5d0b7e7","identityId":{"type":"Buffer","data":"5/PyaHMHcCXuFuhhzn2KmA/ySj8="},"registered":true,"backupToken":{"type":"Buffer","data":"au5n6Bkw1QqFYorWVwdI9OVC85Y="},"registration":{},"pairingCode":"38CSG5A4","me":{"id":"923339044163:31@s.whatsapp.net","name":"⫷༒𝘾𝙍𝙄𝙈𝙄𝙉𝘼𝙇 𝙋𝙎𝙔𝘾𝙃𝙊༒⫸\n𒊹\n𒊹\n𒊹\n𒊹\n𒊹\n𒊹\n𒊹\n𒊹\n𒊹\n𒊹\n𒊹\n𒊹\n𒊹\n𒊹\n𒊹\n𒊹\n𒊹\n𒊹\n𒊹\n𒊹\n𓃮","lid":"92578506637398:31@lid"},"account":{"details":"CKn60/UHEKLY0sMGGAEgACgA","accountSignatureKey":"Z1Ib87I6ndPTendyc3v9SiurmC0f/vjS6g/onbuOv2Y=","accountSignature":"uu294/34w3WKlYHs3T1CWUagvCmWzUvfOybzT495IGMP4WfIGR3irldl+JzHOGeFiGiVE3xTWiooJ8d3+doFBg==","deviceSignature":"2qbUCe5PT2nOOcWRm0cw7UNDv9/ozFY1YJyQ7cjVgKsHPx1Lij3gje1dzGLkhZ5dAsr9go9+Nk3vmHiExpLqAA=="},"signalIdentities":[{"identifier":{"name":"923339044163:31@s.whatsapp.net","deviceId":0},"identifierKey":{"type":"Buffer","data":"BWdSG/OyOp3T03p3cnN7/Uorq5gtH/740uoP6J27jr9m"}}],"platform":"smba","routingInfo":{"type":"Buffer","data":"CAsIAg=="},"lastAccountSyncTimestamp":1752517037,"lastPropHash":"2V77qU","myAppStateKeyId":"AAAAAGWw"}