{"noiseKey":{"private":{"type":"Buffer","data":"WJ4d3b4oYgRrykvBoxoQ1lvBCogRXIdNmk4xgJI+ZXI="},"public":{"type":"Buffer","data":"6jlYIYmuj55DJjc+0p/uUiYwrzlZPrhAoBjS/8mlUho="}},"pairingEphemeralKeyPair":{"private":{"type":"Buffer","data":"6DPivNdbu1riLk1LLQyHdekFnUqyZyqkN3XOQC1/Q3A="},"public":{"type":"Buffer","data":"Wnn8UZjccUnrCU7MnJz0LxLbDuYAhEAC+TWDTrmLBCQ="}},"signedIdentityKey":{"private":{"type":"Buffer","data":"IHXoRBqvcTfpNvCu+MWcObQxvonD7cUdB5Pwf74cZlU="},"public":{"type":"Buffer","data":"4FwF7NphNevZJGyzLWTGp4M2nLjXQt/zcBFIK5fqegs="}},"signedPreKey":{"keyPair":{"private":{"type":"Buffer","data":"uJYMUi0F2D//BYT6afud6UON+wR6vd8+c+JboKQYxnM="},"public":{"type":"Buffer","data":"RRc4A4LL2MVyhGhYckaDZpueqwEDQ200q8+aoEdbmEY="}},"signature":{"type":"Buffer","data":"/UG1B+r+ngc6D1LJzmJupRm8y+MawB0HlirRK0q3EJExV8Y0GueEXk9RcAGLWxHis6+jZJBpVMicn5spfIuCBQ=="},"keyId":1},"registrationId":176,"advSecretKey":"hDSk/4S3y78HyZK5+/raK6WpINRLoJ3pw7LN9za6HwQ=","processedHistoryMessages":[{"key":{"remoteJid":"94740035148@s.whatsapp.net","fromMe":true,"id":"86444E703F869E1E3BA870791EC4C6A4"},"messageTimestamp":1751884771},{"key":{"remoteJid":"94740035148@s.whatsapp.net","fromMe":true,"id":"DA478CD62E390255EC781B4B1BF76355"},"messageTimestamp":1751884772},{"key":{"remoteJid":"94740035148@s.whatsapp.net","fromMe":true,"id":"8CCCFCB081307038A5FBD5F90A51F399"},"messageTimestamp":1751885007},{"key":{"remoteJid":"94740035148@s.whatsapp.net","fromMe":true,"id":"3B8D9D742ABA6F008F633EDF32AF9E89"},"messageTimestamp":1751885030}],"nextPreKeyId":32,"firstUnuploadedPreKeyId":32,"accountSyncCounter":1,"accountSettings":{"unarchiveChats":false},"deviceId":"RGpW8JkKT7iZqqUFHq_A7A","phoneId":"ead9e001-1f0a-4176-b00f-169a73023cb5","identityId":{"type":"Buffer","data":"l5azQ2uRPkYLkitNixR6R93M5t4="},"registered":true,"backupToken":{"type":"Buffer","data":"fKQgeZn3aCVynnEjnsu20unifNM="},"registration":{},"pairingCode":"JZR1TRX3","me":{"id":"94740035148:22@s.whatsapp.net","name":"D\n\n2\n\nD\n\n\nN\n\na\n\nv\n\ni\n\n\nS\n\nt\n\no\n\nr\n\ne","lid":"92024489377874:22@lid"},"account":{"details":"CJbK7dUCEMrHrsMGGAEgACgA","accountSignatureKey":"v8uXH7l2FrukT1CTOUXP+308Lrr/9sCoxZU5g8Igy3s=","accountSignature":"8BCfWagcwwfBRbD5d5DW4tVjfmSPeXHnYyTro+QfzZkCqbONZML9em/p1pDEoB1kZEgDbJzQW3VPFtcGpezCDA==","deviceSignature":"EzStseTKlONBKp7Ujp/8sJM/v2X/4DWJGLOCw+l6T0NcR3+CeJiZlZg7gnXxkKGXa/aL513dlcLwz3VrLOqjDQ=="},"signalIdentities":[{"identifier":{"name":"94740035148:22@s.whatsapp.net","deviceId":0},"identifierKey":{"type":"Buffer","data":"Bb/Llx+5dha7pE9QkzlFz/t9PC66//bAqMWVOYPCIMt7"}}],"platform":"smba","routingInfo":{"type":"Buffer","data":"CAIICA=="},"lastAccountSyncTimestamp":1751884763,"lastPropHash":"3R9Z39","myAppStateKeyId":"AAAAAKVr"}