{"noiseKey":{"private":{"type":"Buffer","data":"iKrJ8u4rsUfuqLcy71PMubRKPdmZ9GdWGBhE3DfwzV0="},"public":{"type":"Buffer","data":"qdWgN0vwaICECSJMG/julpM0oIS5Dm8iaBug3W33XHs="}},"pairingEphemeralKeyPair":{"private":{"type":"Buffer","data":"GImQKo9y2jKpYJkgQ7ds5XxDYWYGDood6ytRmZAetW0="},"public":{"type":"Buffer","data":"wLcIVqChOGABfPNgYPFcDduVH6aEhWGxZwRneE4lpQE="}},"signedIdentityKey":{"private":{"type":"Buffer","data":"oGD0UimiPYxH/ub2Xt5MYULAthYNpTCPPiQItYPeKEY="},"public":{"type":"Buffer","data":"+/LVnTfOdjN7CEAXMduAkdyVVDzD9TEB7H54Iy6+OQA="}},"signedPreKey":{"keyPair":{"private":{"type":"Buffer","data":"iDPSntt/Uz0a+5zuHpx7OFMolAZTf0y4x1KLwtQhUXQ="},"public":{"type":"Buffer","data":"ZHFhHPT8mLvMOu53rrzMbR51q+JY4PFizJReqoI1ISg="}},"signature":{"type":"Buffer","data":"3CbnLaUP7J8GykTDf8+fSJwDR1qFMe8GSlWRzcoSTm1FYhn2n9K5tKkiTEJjuUgn/Bm5dXUT+/uvCNtK35S2Ag=="},"keyId":1},"registrationId":253,"advSecretKey":"hdkfH5MXiBQBuSOdoJUpqVmCYJ7yHLfs/0SM+t529U8=","processedHistoryMessages":[],"nextPreKeyId":31,"firstUnuploadedPreKeyId":31,"accountSyncCounter":0,"accountSettings":{"unarchiveChats":false},"deviceId":"IR9ti1DKTtif_80UTSYfDQ","phoneId":"ef7cb972-10bd-4c96-a913-586f72319035","identityId":{"type":"Buffer","data":"mFBtIsvR5ulDEr+BxnXqblWLa/c="},"registered":true,"backupToken":{"type":"Buffer","data":"OmybMI8imiRNccAu/a85sDIUPx8="},"registration":{},"pairingCode":"ZXEHLN7B","me":{"id":"94741084189:11@s.whatsapp.net","lid":"102916526502083:11@lid"},"account":{"details":"CIecn6cHELmIucMGGAEgACgA","accountSignatureKey":"Nl86Jp37Lj2TfGQP40fRXlLEqLcICFX/zlG8A/DhLA8=","accountSignature":"g6xy/5cG28/V7f/I7Z1LI7bebvQuR+MmMwSUrzeh1mGwjEg4RC8h9v/4Ek5p8UmrjJWuy6K86t7y4D3fYPJ9CQ==","deviceSignature":"B9Ac72B611vH6HbAZ/q46K9yM4bgAxzDbhrzApaDXusjhVNfsMLW0IikhabeEpoWfWIAm2Eg64qZ1rtnSwHWCw=="},"signalIdentities":[{"identifier":{"name":"94741084189:11@s.whatsapp.net","deviceId":0},"identifierKey":{"type":"Buffer","data":"BTZfOiad+y49k3xkD+NH0V5SxKi3CAhV/85RvAPw4SwP"}}],"platform":"android","routingInfo":{"type":"Buffer","data":"CAIIDQ=="},"lastAccountSyncTimestamp":1752056903,"lastPropHash":"2V77qU","myAppStateKeyId":"AAAAACFB"}