{"noiseKey":{"private":{"type":"Buffer","data":"4BdqrHjj5gXvcVjA9N6AIUaB55qATqj2C/J15bzgDk8="},"public":{"type":"Buffer","data":"wCTTTRTwHXXzvKod10Ly27n8NaHgsJmzcxnrT/7Og2A="}},"pairingEphemeralKeyPair":{"private":{"type":"Buffer","data":"KBLX/02048x/ySUtj7xEhk26aoh4N5myGngBwhGBOmg="},"public":{"type":"Buffer","data":"TTeRQhYmvybJUPGQvrNUGZet1EcHvDz2Xd7brwZlwS8="}},"signedIdentityKey":{"private":{"type":"Buffer","data":"QAtkl+4hdmuJzn7TJ7OtyrgBgd+9UaAHfFRIToaEL3E="},"public":{"type":"Buffer","data":"wMxhg5vhXWH1+PAerTcpXT3jKah2hofOfnQ363YilFY="}},"signedPreKey":{"keyPair":{"private":{"type":"Buffer","data":"oOsRcbvhupV+PWAer3Cd6036O5bsbh1rv7jnhYnqMF8="},"public":{"type":"Buffer","data":"Qk9ri2cxEo7qk6Rw4fDsWaBjkkJcZjfn/i118A/993E="}},"signature":{"type":"Buffer","data":"Fa0GKdMXjCbwbAv49CpZIWPbKoFQJTWuQYDXaiCz6UvJiyMl+a6+UH3fH/FO3cQddPSO1dH/J+8HxzdDrY1ngA=="},"keyId":1},"registrationId":187,"advSecretKey":"Xk9mOKz2j9b+iVpLz5qC6AYLudywmNuw06DjLpaLWVI=","processedHistoryMessages":[{"key":{"remoteJid":"94701006579@s.whatsapp.net","fromMe":true,"id":"51D323FB0A67D85414E5206C1475FC0A"},"messageTimestamp":1752562147},{"key":{"remoteJid":"94701006579@s.whatsapp.net","fromMe":true,"id":"2297E92D170C3FB505CED2E005456239"},"messageTimestamp":1752562174},{"key":{"remoteJid":"94701006579@s.whatsapp.net","fromMe":true,"id":"671802B2A2E991187A30F35B86AC3D6C"},"messageTimestamp":1752562201},{"key":{"remoteJid":"94701006579@s.whatsapp.net","fromMe":true,"id":"E18B7A6B20DCBEE0AE92B984DF64A05B"},"messageTimestamp":1752562231},{"key":{"remoteJid":"94701006579@s.whatsapp.net","fromMe":true,"id":"3471A5A8DF6C0F437B4E0E4E534A0E65"},"messageTimestamp":1752562303},{"key":{"remoteJid":"94701006579@s.whatsapp.net","fromMe":true,"id":"7B3BE789B404F14D7CCA27BA296AAA03"},"messageTimestamp":1752562311},{"key":{"remoteJid":"94701006579@s.whatsapp.net","fromMe":true,"id":"775745E02DE1E89B130ACE09EE006A1C"},"messageTimestamp":1752562321},{"key":{"remoteJid":"94701006579@s.whatsapp.net","fromMe":true,"id":"BD590C9E018D5C9E10B6D1EC3A377896"},"messageTimestamp":1752562350},{"key":{"remoteJid":"94701006579@s.whatsapp.net","fromMe":true,"id":"167046EFFEB46C07139663AF00A77812"},"messageTimestamp":1752562356}],"nextPreKeyId":43,"firstUnuploadedPreKeyId":43,"accountSyncCounter":1,"accountSettings":{"unarchiveChats":false},"deviceId":"8QtRYJzLTdqXV3n79zlcEQ","phoneId":"80b64c8d-b179-467a-9325-ba9304702f86","identityId":{"type":"Buffer","data":"wRqmdQy/bAQIs86Lyb0oCEdgoF8="},"registered":true,"backupToken":{"type":"Buffer","data":"hpe9N1yW6TRuTj74VqWsQCk3Bg4="},"registration":{},"pairingCode":"V4LRAV6P","me":{"id":"94701006579:3@s.whatsapp.net","lid":"23133264339039:3@lid","name":"no name"},"account":{"details":"CMb85MoDENDz18MGGAEgACgA","accountSignatureKey":"pMvhC5qheBVWwJ9Xp3H2k3mGeC/S6mXubMeZ+Qe+nEk=","accountSignature":"NkVLrZZzFzIUPLUnd2HctTqrB7bL24hrGh50q9yMg1y6zza/Qzv0I7dUqKOjtBM2j1yAvB3PJIZk2OKFvH2qCg==","deviceSignature":"IEBFjqy5d5pPtnR4I1a9xwj4hP99uZE6ajQh+wCMexpQi6t9F1nFxddDfuJzFgPPmxcl76D9Y41DaMh044vwiw=="},"signalIdentities":[{"identifier":{"name":"94701006579:3@s.whatsapp.net","deviceId":0},"identifierKey":{"type":"Buffer","data":"BaTL4QuaoXgVVsCfV6dx9pN5hngv0upl7mzHmfkHvpxJ"}}],"platform":"android","routingInfo":{"type":"Buffer","data":"CAMIEg=="},"lastAccountSyncTimestamp":1752562141,"lastPropHash":"3R9Z39","myAppStateKeyId":"AAAAACsJ"}