{"noiseKey":{"private":{"type":"Buffer","data":"ICcrWU8cL4gz9Yi1RDbZffyB/wH1QhPI7KtDiYZECX8="},"public":{"type":"Buffer","data":"cd3/XIUpRRCi8rEZbwQDGmiKKFXMiwf1+t5+8ZPcDzI="}},"pairingEphemeralKeyPair":{"private":{"type":"Buffer","data":"qEfHS3/TGvJoNUKl/WkRoQwQLz2bXseKz4wa3suTDVk="},"public":{"type":"Buffer","data":"f6AmZKXpgQ4Op3cfTXSJP2WWXCx5TZetHDDwIFdWw0w="}},"signedIdentityKey":{"private":{"type":"Buffer","data":"oATLDfzBpNEsg4wCdm5n+zrEPxcAd3GBcJoJDbp1VkI="},"public":{"type":"Buffer","data":"MsXfF3kEZqiM5OjEFkB1/LJvZfcypnnMQBdZiJLHmlQ="}},"signedPreKey":{"keyPair":{"private":{"type":"Buffer","data":"ePSBNpXg/wIFGRT2sOIvjKl6j1BqO1/EP1c1N5XVjXM="},"public":{"type":"Buffer","data":"UNTvE0sSfyqnFRoIlfpH4M3UL9ZmycSLFaZ5yLoGwDA="}},"signature":{"type":"Buffer","data":"4c4NagUjGTvos49ZQ8twBKTnG1ZvFXiDeCVuXudiHNEGE7Shtqk842MSi+8ByTywYDHtaBj5PPU/2gNcrrbihA=="},"keyId":1},"registrationId":184,"advSecretKey":"mgf1akVzYcSdCgre7ym76F9NUTI+7q0Jjul0coj1YOI=","processedHistoryMessages":[],"nextPreKeyId":242,"firstUnuploadedPreKeyId":242,"accountSyncCounter":0,"accountSettings":{"unarchiveChats":false},"deviceId":"jCp7_cXQROSHIWMCNWh69A","phoneId":"15529203-98a5-4363-9afd-07795ca94602","identityId":{"type":"Buffer","data":"zwkeijjRgTw/Nd9e1c978ZqvNGo="},"registered":true,"backupToken":{"type":"Buffer","data":"wEB773cx75m71xoNhM+t3nXDo50="},"registration":{},"pairingCode":"P3K55SDD","me":{"id":"94762682534:9@s.whatsapp.net","lid":"31821983182938:9@lid","name":"94762682534"},"account":{"details":"CLSKl4kHEPjSzMMGGAIgACgA","accountSignatureKey":"xajp2nXL/eCWAFELNJukPSae+35Mqfi638oWqmWHbBw=","accountSignature":"jD4gBaQNXcBYup+5b0QqMl1MPs4xT6CtvG6wTS7TGb63YIE7Y2SNqzmuNvjwotQw7fD+nNmVACgi1+aWbQWRDA==","deviceSignature":"G57WiuNTrn/76iRTL6+jgWYRfpK//EGVCYOGDoaYZn+fx9O+/jT+RhSldIz4hxeo2YN1G20o8mc9C+YYh7N/hg=="},"signalIdentities":[{"identifier":{"name":"94762682534:9@s.whatsapp.net","deviceId":0},"identifierKey":{"type":"Buffer","data":"BcWo6dp1y/3glgBRCzSbpD0mnvt+TKn4ut/KFqplh2wc"}}],"platform":"android","routingInfo":{"type":"Buffer","data":"CAMICQ=="},"lastAccountSyncTimestamp":1752378930,"lastPropHash":"1K4hH4","myAppStateKeyId":"AAAAAPst"}