{"noiseKey":{"private":{"type":"Buffer","data":"KHfZOR9wvlcOnyIuXV5LqPnHPhnTd0E70b/T/2D9E2E="},"public":{"type":"Buffer","data":"+mSxR4KsBI4h8sw771JC/gJyS17CbycxY8kiiiPGfyQ="}},"pairingEphemeralKeyPair":{"private":{"type":"Buffer","data":"+CzrCLnZJES88acs/Cvzn8Vam59SlRFDceP4AVUxl1A="},"public":{"type":"Buffer","data":"Sipy9DDD5Xffc4IJKuyPhObTN83VQFMiSeTZzDnCEys="}},"signedIdentityKey":{"private":{"type":"Buffer","data":"iMOjsh0VNsip+WSsRV/tHVfHfbeSpZBNi4Vq0RAdvEc="},"public":{"type":"Buffer","data":"uP4lDn7IjhD2fndJa502IDcO7Mq2Ks4InOYCuyh7+Fw="}},"signedPreKey":{"keyPair":{"private":{"type":"Buffer","data":"qFdDO7RG0SoidSMl3DeplvV/lXbnzYv5gquvoNkq+Wo="},"public":{"type":"Buffer","data":"D0pCoSnv6rKdwi2+RaJmE8SHCMWU59yJxcOvnxY6DRc="}},"signature":{"type":"Buffer","data":"ChyKmrIh/C2RmP5tC28ys89gF6cdscGS5QFoewmMla3125jzy0GpKrbgouwWnvXSwYyjpYICYaEEE7m5dIg4iQ=="},"keyId":1},"registrationId":27,"advSecretKey":"Qg66OFeI3IZS1Ik0DfZc5iYrdW0MKMx/QepTQexjFpY=","processedHistoryMessages":[{"key":{"remoteJid":"94760337561@s.whatsapp.net","fromMe":true,"id":"01655367CD871879A39A26A2474C512C"},"messageTimestamp":1752314573},{"key":{"remoteJid":"94760337561@s.whatsapp.net","fromMe":true,"id":"5D7D46B663C77E29D91FDBF5740AC676"},"messageTimestamp":1752314574},{"key":{"remoteJid":"94760337561@s.whatsapp.net","fromMe":true,"id":"40F8E4F1B20A5E907BE26970FF066514"},"messageTimestamp":1752314598}],"nextPreKeyId":298,"firstUnuploadedPreKeyId":298,"accountSyncCounter":1,"accountSettings":{"unarchiveChats":false},"deviceId":"skaeoaWaT-yZu9eHXHi5Sw","phoneId":"f0735078-efc3-4dcb-9e60-330900969e9f","identityId":{"type":"Buffer","data":"p2u8ZBo7CrT0VDxM7FR7NXTWnY8="},"registered":true,"backupToken":{"type":"Buffer","data":"OcMxxiRhKsEa2zu2E5UKZk1sxeM="},"registration":{},"pairingCode":"8BVAXW3C","me":{"id":"94760337561:35@s.whatsapp.net","lid":"120805065277587:35@lid","name":"𝐊𝐀𝐕𝐈𝐘𝐀🥹❤️‍🩹"},"account":{"details":"CN2gocsEELvlyMMGGAggACgA","accountSignatureKey":"YPRpbEtb9lVKyLdotmafdmEEIQygpkKev5ACg8FJSgs=","accountSignature":"312b4aLWda7G4kjFxuQ2keQn0tvZIv2UUOpnm78Y7yXzyoO1ZoYquXUy8x5simjrl2jju1CC3wplKEIDrvCgDQ==","deviceSignature":"wSg+Ol3nqKeMG1HzsPXQm92JZOPBKS0LGphT9e/ZqHcUWVwePuVTf6RWeJhevj6R8tVgI1KLn/Y4JNbmRyS2jA=="},"signalIdentities":[{"identifier":{"name":"94760337561:35@s.whatsapp.net","deviceId":0},"identifierKey":{"type":"Buffer","data":"BWD0aWxLW/ZVSsi3aLZmn3ZhBCEMoKZCnr+QAoPBSUoL"}}],"platform":"android","routingInfo":{"type":"Buffer","data":"CAgIDQ=="},"lastAccountSyncTimestamp":1752327961,"lastPropHash":"1K4hH4","myAppStateKeyId":"ACAAAD8X"}