{"noiseKey":{"private":{"type":"Buffer","data":"GJI/YawFtULq5dirMHSoaNM7cDg0alQ38aa9/zgdel4="},"public":{"type":"Buffer","data":"/m85tSF6kBPAdxVHcrv9M15ZmMcIYnG5PH5YxxvWiFA="}},"pairingEphemeralKeyPair":{"private":{"type":"Buffer","data":"UC2kILIX8AlVwNo63bDIiPwAL0GQwg1XEOvzSZ8CCUE="},"public":{"type":"Buffer","data":"PtmaQ3WLPCweF4NM0pcnGMEXloGMUi0SNy4jcN5yzXw="}},"signedIdentityKey":{"private":{"type":"Buffer","data":"wIc/W2yGfLIL6Etvh7Con+v4qhRFdXFlAuMih4JcOmo="},"public":{"type":"Buffer","data":"mz8M7eHz4g2EQt4Nsbn1kD5ebPKfDaYh4nH9i5ENriE="}},"signedPreKey":{"keyPair":{"private":{"type":"Buffer","data":"OI0gKrh0jhnTZEi3LDeLh9ETYHkfCvzxl25jcT0ZvU4="},"public":{"type":"Buffer","data":"R73+P7eDAWCn0EsNhQbSf9yL+U5TxewOFezUQFK32A0="}},"signature":{"type":"Buffer","data":"L+bT0eYP1hEDN+x2mnFfYNoxJE9l5foIzWEX+aS5caQ7kotlROemJOXQdwQnNYFzz9gaTdAbI/LEf1CZs0XTiA=="},"keyId":1},"registrationId":133,"advSecretKey":"GTKecWvNx8yTRTRnlZsvmy7Pm67MNYi7dtGzeqDX2Cw=","processedHistoryMessages":[{"key":{"remoteJid":"923307062276@s.whatsapp.net","fromMe":true,"id":"892DE38CC4F7E32B538E899B9EF5C1E0"},"messageTimestamp":1751805999},{"key":{"remoteJid":"923307062276@s.whatsapp.net","fromMe":true,"id":"994A53F4805CE02AF7E03FF599ED7241"},"messageTimestamp":1751805999},{"key":{"remoteJid":"923307062276@s.whatsapp.net","fromMe":true,"id":"409C9E8ECC503AA9A27DFA1FCD865C51"},"messageTimestamp":1751806020}],"nextPreKeyId":31,"firstUnuploadedPreKeyId":31,"accountSyncCounter":1,"accountSettings":{"unarchiveChats":false},"deviceId":"cPnKmOZ8QMazaTMcsUpqZA","phoneId":"b41a2a0d-731a-488b-93cd-11f1dfed51af","identityId":{"type":"Buffer","data":"f1vFeaUp4k+Eb4JRfU/fDWsKJno="},"registered":true,"backupToken":{"type":"Buffer","data":"TC9HIEycrEVTx00rNKAFnmz289A="},"registration":{},"pairingCode":"LFTZTEKV","me":{"id":"923307062276:21@s.whatsapp.net","lid":"214774705090620:21@lid","name":"𝐋𝐄𝐆𝐄𝐍𝐃 𝐁𝐎𝐘💀🔥"},"account":{"details":"CLDWmv4FEJ7gqcMGGAEgACgA","accountSignatureKey":"mfywkHizhiekChAZwOhdoSiLiXTVQN2HV4IJfuxdVDA=","accountSignature":"keT2d0XwY62/PvCct7yygcmLiv5GDEcnlm4t9iEW3JJhas1bS4F7eD1UK0oVbgqo/b6WoRox6sf9bVFbGqKRDg==","deviceSignature":"dx31d6/qTvO/999NrDNzDpQq5tX/GGVoJBdXnqlJEfJ38uPayKZ9CR+ixjVgL/puYfOGfo8XDwSn5GvxR6O3iw=="},"signalIdentities":[{"identifier":{"name":"923307062276:21@s.whatsapp.net","deviceId":0},"identifierKey":{"type":"Buffer","data":"BZn8sJB4s4YnpAoQGcDoXaEoi4l01UDdh1eCCX7sXVQw"}}],"platform":"android","routingInfo":{"type":"Buffer","data":"CAgIDQ=="},"lastAccountSyncTimestamp":1751805994,"lastPropHash":"3R9Z39","myAppStateKeyId":"AAAAAOQD"}