{"noiseKey":{"private":{"type":"Buffer","data":"4B4PQglBzAOFQEwyQO2nMHtuvZ8lqS9SwS/f9vay0Wc="},"public":{"type":"Buffer","data":"plrx0q6iDcYObeRV7I+Ao3A4LmkwYor+kVJDTZ5Dwz4="}},"pairingEphemeralKeyPair":{"private":{"type":"Buffer","data":"uKL5y1wiuW2FogVnAznnDwBraB1uasTUwkBAj7zl6UI="},"public":{"type":"Buffer","data":"RMoEsW902AYdDlriv+5Y8NhMgm2qNy9UPg/c5tCUFUM="}},"signedIdentityKey":{"private":{"type":"Buffer","data":"8P3Z76dL3DPBQtWjCnTlPaeQgHdvTmrIN37JLBz2q3E="},"public":{"type":"Buffer","data":"teQ5nfm5Meb+sXCz/uM+bIo0KO/GCXIzIsU3bEVWNR8="}},"signedPreKey":{"keyPair":{"private":{"type":"Buffer","data":"KHa7nPJwU8WvUO2o9gYjPg7O3Muiyk4Dahu4zwe0EV0="},"public":{"type":"Buffer","data":"96DW9FP3vRexdYbGqvaJNdg+SbaAe3o5RKkakik5UD8="}},"signature":{"type":"Buffer","data":"xEOqlko0IrRw58SLQRBWSW/B3ws+cFMZIASfGHRwgYz+XBzMOH1Mi9lzY3cUnVpiVcADfj3L3/1xN31JxYjJhQ=="},"keyId":1},"registrationId":180,"advSecretKey":"fej5XxJI+3mw6W+KYR3OQ60wHbUoHyzA8PdQ9zQXfD4=","processedHistoryMessages":[{"key":{"remoteJid":"94783187572@s.whatsapp.net","fromMe":true,"id":"9DE1573C0E5876EF42CDB188E9304E57"},"messageTimestamp":1751966074},{"key":{"remoteJid":"94783187572@s.whatsapp.net","fromMe":true,"id":"08F57ED8CE76B516D402A658C7679E57"},"messageTimestamp":1751966083},{"key":{"remoteJid":"94783187572@s.whatsapp.net","fromMe":true,"id":"2F74DDF05001A54358E3950D638B0C6F"},"messageTimestamp":1751966097},{"key":{"remoteJid":"94783187572@s.whatsapp.net","fromMe":true,"id":"FD5A135E4DABB429994084F23037268B"},"messageTimestamp":1751966097},{"key":{"remoteJid":"94783187572@s.whatsapp.net","fromMe":true,"id":"A48871ABA26FA7E5F557EE7A57615694"},"messageTimestamp":1751966098}],"nextPreKeyId":152,"firstUnuploadedPreKeyId":152,"accountSyncCounter":1,"accountSettings":{"unarchiveChats":false},"deviceId":"b-INdhyyRIy1eQbO1yKbnA","phoneId":"b4f0f903-c1b4-4f53-90c1-0d49cdec50bf","identityId":{"type":"Buffer","data":"2V/zX6srVcfOzeD+dug0lQV2Iww="},"registered":true,"backupToken":{"type":"Buffer","data":"8q8hAYcOm++agwwRQoWISuB95/c="},"registration":{},"pairingCode":"H5BBDQDD","me":{"id":"94783187572:13@s.whatsapp.net","lid":"228072007708837:13@lid","name":"zoona🤝"},"account":{"details":"CPyqzN4FEOvCs8MGGAcgACgA","accountSignatureKey":"ckwDgZcDYt/bFoZtB0uE/B3OtNAKqZRROM/2Lbq47HA=","accountSignature":"S7fLTh22YRXPkv05qFlXHlgTpec1kRAYMVr/rwkr3KsmGqcaCBzkj6UmALlATHTSxbmxJlwn7yuagMqLt4zTBg==","deviceSignature":"lo+ily39MgQJ7UMi4zqRtRZ4wY+GjK8yjCXZXMxDydDHgs7UCWDgZByHRzcHLqmkc/2RXIXn9XS0gdLC30o/gg=="},"signalIdentities":[{"identifier":{"name":"94783187572:13@s.whatsapp.net","deviceId":0},"identifierKey":{"type":"Buffer","data":"BXJMA4GXA2Lf2xaGbQdLhPwdzrTQCqmUUTjP9i26uOxw"}}],"platform":"android","routingInfo":{"type":"Buffer","data":"CAIICA=="},"lastAccountSyncTimestamp":1751966072,"lastPropHash":"PWk5B","myAppStateKeyId":"AAAAAMLS"}