{"noiseKey":{"private":{"type":"Buffer","data":"6LeDGMDjjdopwwkKuO5r1wdXXHIb6q9JqG6DEmMO0nI="},"public":{"type":"Buffer","data":"VdBa10N4UwnZFEQHtmGlh8Nu1eBcXdXDg+keNVXKo0A="}},"pairingEphemeralKeyPair":{"private":{"type":"Buffer","data":"iBWb0nvL/oXAx/N5CbTM0k8jq34U8V9QsrnBUXsDTmE="},"public":{"type":"Buffer","data":"MSOThYgOlKHcQ8WXJGTSjB3SzT6nz/WRhqrWNrfYS3c="}},"signedIdentityKey":{"private":{"type":"Buffer","data":"oAPwcO/Uc/qtcL2YP5GIfCktI3PFyumwbWnuca2Jy0Y="},"public":{"type":"Buffer","data":"4rljPnSCEj1PMoFzVGYp66fzMCAl7e05hVy1EAhOdzw="}},"signedPreKey":{"keyPair":{"private":{"type":"Buffer","data":"eEK3aR0hvTfKP8tRW5uaroQLyW/VxNb3h2E/tib1flA="},"public":{"type":"Buffer","data":"OPi83unv1M0qmOpq7u9kwyQT/a37YbgkmO0E2ig9FAM="}},"signature":{"type":"Buffer","data":"P7lWAf7u8/PnZiuP72VSrpXpLuXPCXga7pb6X6aynjOg3FqiBBRV6SOUL+SGvQ6xG5/6SYfDxUjedtwfggILCQ=="},"keyId":1},"registrationId":140,"advSecretKey":"pe3qz/aJSUiz9ARUFM8JmfEIF+kRp10bqxDyLajVCQI=","processedHistoryMessages":[],"nextPreKeyId":1,"firstUnuploadedPreKeyId":1,"accountSyncCounter":0,"accountSettings":{"unarchiveChats":false},"deviceId":"_vi7FiNEQVSXmO6zOtlDgA","phoneId":"e942c4b4-3ff8-4e8a-8b4d-18d048bd59cb","identityId":{"type":"Buffer","data":"5oyT8zY8WwLnH8E1tq6WNoAZq/o="},"registered":true,"backupToken":{"type":"Buffer","data":"NmsSdwp4Kd2puAODaQsVOn2k9QQ="},"registration":{},"pairingCode":"MYN78C4J","me":{"id":"94742241526@s.whatsapp.net","name":"~"}}