{"noiseKey":{"private":{"type":"Buffer","data":"ELCUNG9P2j7497TYTPg0hpkSP+TlCfXuScvM1ipdW1I="},"public":{"type":"Buffer","data":"+l9ERzCkDspqur9SrkibxCX+t1H8fEyntOm37IH6IWo="}},"pairingEphemeralKeyPair":{"private":{"type":"Buffer","data":"OBypCP0bpQzn+RTzHefOoIzhxzBury4XOKpvemG040I="},"public":{"type":"Buffer","data":"YDjINRNw24PTlOKna6VGEhPt3t+AXW0bEDf9ttcRUW4="}},"signedIdentityKey":{"private":{"type":"Buffer","data":"INJfKl6p3utuHt9ZLzwsBTNn8Win744R+6QDKhhmc1I="},"public":{"type":"Buffer","data":"F/YhUwMS8FvwHAqBd2e+Rle9uyNOh4XT5hbNK7JTqSQ="}},"signedPreKey":{"keyPair":{"private":{"type":"Buffer","data":"8JvO72SkSVl8D6/kCHWdCL4NhUN3KicUyNnmYwXobEs="},"public":{"type":"Buffer","data":"nGu/19aliCQJ3NUR4AdDsPzIWyB3fkcnOSPMPOsQKQE="}},"signature":{"type":"Buffer","data":"rfHNrNaXaAeRw+FQaBiVxqeDyjkBdb/BhrVQcJ45NKcrZkaV3/IF5xOrWmVPfpU2nsGHxQW33T9RSba/xw7mCg=="},"keyId":1},"registrationId":121,"advSecretKey":"6MCCj9DFcCjhQLgyXc6dlFoMGAmGMVpzWcYw0PiRxIc=","processedHistoryMessages":[],"nextPreKeyId":1,"firstUnuploadedPreKeyId":1,"accountSyncCounter":0,"accountSettings":{"unarchiveChats":false},"deviceId":"qO63lZQeReu_CAi50wQxmw","phoneId":"5ca1620a-bca8-46bb-ac92-ae25d95c695e","identityId":{"type":"Buffer","data":"r1lYUX4mR3Bv6Gi9hH3ydMyD+/g="},"registered":true,"backupToken":{"type":"Buffer","data":"uIoQp4EYDkxeXWdPY2KQZ+gG2fc="},"registration":{},"pairingCode":"XGGHJYBQ","me":{"id":"94714165084@s.whatsapp.net","name":"~"}}