{"noiseKey":{"private":{"type":"Buffer","data":"EMxJKPxkOrlKj43wpwYPjU0AIp+Nb1shNfCWAWMLflA="},"public":{"type":"Buffer","data":"b4/DhDNLzJ3Szzhi2VnUzlLepS0iturs2DiAhjZ4eWc="}},"pairingEphemeralKeyPair":{"private":{"type":"Buffer","data":"uClujONjt8NYDPi2gYQeM/tchNSjGi6V+JGnK+UOd3Q="},"public":{"type":"Buffer","data":"OagOmeAm465qZ3h4QCF0cOBKguLO39lv2LnW0MXTETA="}},"signedIdentityKey":{"private":{"type":"Buffer","data":"sIuN/PvtLDUOtKWbU/99i/CnzSYGEbVxrPWN3EEDwXY="},"public":{"type":"Buffer","data":"L/1CqlWFO07jAk0qgjv91A/vA7yqphkgwoptVF+F6Fc="}},"signedPreKey":{"keyPair":{"private":{"type":"Buffer","data":"QFmjwCWQMtpIpbiFWFu7ln+XohXpfWmcGZVeqIVjclY="},"public":{"type":"Buffer","data":"Mbgbb3wXaqcV8I7FzWvPCLzTfCgjtiuZy65KznrY8xM="}},"signature":{"type":"Buffer","data":"Mh2t2r8bJxpJYanCZ7M5LQk+UldG6jGhTor57/jpfjY+9lNg4eA6WPrTLFv48TV/J6Rf0ENUlPC8y740tp+MCg=="},"keyId":1},"registrationId":232,"advSecretKey":"tmD+tDrwOmfd6FWYnxVPu+EFIznj1ryella2M9QkKxQ=","processedHistoryMessages":[{"key":{"remoteJid":"94760332855@s.whatsapp.net","fromMe":true,"id":"1880ED2692EC6AAC80584F2C91896E5E"},"messageTimestamp":1751762986},{"key":{"remoteJid":"94760332855@s.whatsapp.net","fromMe":true,"id":"5FECC658805A936B9E7A85DA24A4CF2F"},"messageTimestamp":1751762986},{"key":{"remoteJid":"94760332855@s.whatsapp.net","fromMe":true,"id":"9CCB8EB9EC639BB342FF9E9EECC3B722"},"messageTimestamp":1751762995}],"nextPreKeyId":32,"firstUnuploadedPreKeyId":32,"accountSyncCounter":1,"accountSettings":{"unarchiveChats":false},"deviceId":"2XPB_ClARGeydrjxz0VzPw","phoneId":"ec23bbe1-716a-4c6a-8041-9537d74f33c9","identityId":{"type":"Buffer","data":"Ohto3VcIwfFyOz31z66OWp12lOg="},"registered":true,"backupToken":{"type":"Buffer","data":"vv4yj3o7IsU7cKFcgn/LZ/vwDLI="},"registration":{},"pairingCode":"ZXEBTFAM","me":{"id":"94760332855:6@s.whatsapp.net","lid":"46274212552715:6@lid","name":"😘"},"account":{"details":"CMeW7LkBEJqQp8MGGAEgACgA","accountSignatureKey":"Zv/ElMU9UZ4Xo7nl+INFlt88SfmaB6DQeqnNijIhpBs=","accountSignature":"QjHwPXjKWIGHtkE9C7Dp48PBlIotaWdC5DfodA1PG7ZPmAOvuyFt+qczW4DWH00OjtgnuzoLvkMI3+YPJ4jeAw==","deviceSignature":"I9WeXHQFZNieqxDvGQQtQGX7xZ4wNCFtBDgMrMYlkfKgNU+x4/RryJ4Ro+U99VFoL4lq/2frxhDosfahwafbDw=="},"signalIdentities":[{"identifier":{"name":"94760332855:6@s.whatsapp.net","deviceId":0},"identifierKey":{"type":"Buffer","data":"BWb/xJTFPVGeF6O55fiDRZbfPEn5mgeg0HqpzYoyIaQb"}}],"platform":"android","routingInfo":{"type":"Buffer","data":"CA0IBQ=="},"lastAccountSyncTimestamp":1751762983,"lastPropHash":"1K4hH4","myAppStateKeyId":"AAAAAD6W"}