{"noiseKey":{"private":{"type":"Buffer","data":"WFQ0Se4NTmGAU9OJwoAPLxRa2RoLYpMNZy16Ldn7e3U="},"public":{"type":"Buffer","data":"j3MNYcMa1JLnPHYcWbVr7aabwGz0eNYe2RBzKbdaGks="}},"pairingEphemeralKeyPair":{"private":{"type":"Buffer","data":"OITX15U0h8SM8cZdwk6NkLaJRKpBKtN6KCW10NRMf3U="},"public":{"type":"Buffer","data":"tAC0iFUuBqoqdDCFQe8w+MZgGzJrtZDHJ26K3Zb33CA="}},"signedIdentityKey":{"private":{"type":"Buffer","data":"YAAoxSXL9cEiNU8G1ySjr6VIu8EdmIs/ooUW5lKn6lc="},"public":{"type":"Buffer","data":"AUG83yEOHc+snyNU0iUrnbnbn2IGPuZ25be8rbfE0DA="}},"signedPreKey":{"keyPair":{"private":{"type":"Buffer","data":"EBqPqcNQNbw4eFwxmnlR95fJuTSv7d33B5XDE6Wf/V0="},"public":{"type":"Buffer","data":"TPNmdArHHPCK9Ik+iOXcZrfH6Jn5yd14k+0LIE/W9zE="}},"signature":{"type":"Buffer","data":"kKzFH0WVuBeJY2oWVQT3wD6wV7Mb0LRobZeqL72nUSNG0obEeonoBn4wIfxeIgleMNzE0LRQkYi2XHQSiH9+iQ=="},"keyId":1},"registrationId":41,"advSecretKey":"8+FDGzLuS6WvOMvliHKB21p5AtHmVEIZSmi+Gi+nyV8=","processedHistoryMessages":[{"key":{"remoteJid":"94768800598@s.whatsapp.net","fromMe":true,"id":"B37654A6C4A78059A2DB91BF31010D45"},"messageTimestamp":1752161321},{"key":{"remoteJid":"94768800598@s.whatsapp.net","fromMe":true,"id":"7906E5D646ADD93B32CD8F08CE92697D"},"messageTimestamp":1752161332},{"key":{"remoteJid":"94768800598@s.whatsapp.net","fromMe":true,"id":"832B3FF6F22C03064A0B634A9A6DFC25"},"messageTimestamp":1752161440},{"key":{"remoteJid":"94768800598@s.whatsapp.net","fromMe":true,"id":"7667F60CEBF77EC414B87CE83AE439AA"},"messageTimestamp":1752161536}],"nextPreKeyId":79,"firstUnuploadedPreKeyId":79,"accountSyncCounter":1,"accountSettings":{"unarchiveChats":false},"deviceId":"8G_zQsllTkCoEfYIso-2pA","phoneId":"ad69021e-7804-444c-92c9-5974adef8e87","identityId":{"type":"Buffer","data":"MnE9M0dNhFeUXv/UTl4Xk2BZ874="},"registered":true,"backupToken":{"type":"Buffer","data":"pc/MLkz3pSCKXxUJJXpz6mt07zg="},"registration":{},"pairingCode":"Y8C8GEWN","me":{"id":"94768800598:6@s.whatsapp.net","name":"Nidusa","lid":"23515482857639:6@lid"},"account":{"details":"CJXFj7YCEIW4v8MGGAQgACgA","accountSignatureKey":"/Y58ERqaaR+bELwSJcay406NFe5F5LVtF2G7ebwpflM=","accountSignature":"isStO0IKoexQmuS4Lo16VnTd3zQKPnOusMa6eOszWh5bsZTeVIg51/A5H/SwXMKG+m793BzbcOZ9wxStMlyECQ==","deviceSignature":"QXuQenxXCnkoMAknSkrejYsYUymtiJP4eDEf5LHN961zKKegxl1CWm+wzNjLdBEB8M3TFrrgfdsOSzo4iMIviw=="},"signalIdentities":[{"identifier":{"name":"94768800598:6@s.whatsapp.net","deviceId":0},"identifierKey":{"type":"Buffer","data":"Bf2OfBEammkfmxC8EiXGsuNOjRXuReS1bRdhu3m8KX5T"}}],"platform":"smba","routingInfo":{"type":"Buffer","data":"CAgIAg=="},"lastAccountSyncTimestamp":1752182604,"lastPropHash":"2V77qU","myAppStateKeyId":"AAAAAAmR"}