{"noiseKey":{"private":{"type":"Buffer","data":"YCJlD+Cq+a+rEDHvaRsHwSTrnq1k1gIeFQOOqUrXdVk="},"public":{"type":"Buffer","data":"kgThEaqOef9POtFjtUC6Z6UojWsgGCXaDej0tZnYAH4="}},"pairingEphemeralKeyPair":{"private":{"type":"Buffer","data":"qGIqms4qvjP1uEVoL76x9cp+6d45C1fP4zE1r+QoNkA="},"public":{"type":"Buffer","data":"DdFD64p7ABBwXwVrsN+b/eDEXNloddXIPb2p8tEYCWc="}},"signedIdentityKey":{"private":{"type":"Buffer","data":"kCeN9HBscxTIXr+JZwlv9Ne7SCZeI35Te1K+oLambVk="},"public":{"type":"Buffer","data":"Z+LGSPy+jkR2L3JtQN2NsP138DBNou2oF44kUtcmSiU="}},"signedPreKey":{"keyPair":{"private":{"type":"Buffer","data":"8ElR00/LDtRncvtS/8HZp2uX+rGg9FIWedrTgd1ZrEw="},"public":{"type":"Buffer","data":"h3lVeNkWCIXG/BNQt3ORFmQ+joMpyubAJATvXrslOF4="}},"signature":{"type":"Buffer","data":"13KEDD3VQmBbtB5atOvi7zyPITSgzlQx8Lsjku/PFMA2kiTNM1ZtD/T8anpXNbPQw9r4jVjz1Pmyv/YCBxUUBA=="},"keyId":1},"registrationId":34,"advSecretKey":"2mFk87yzWy1iDu/KezR/AFCCUU/hxq2Z75zXv0zKBkU=","processedHistoryMessages":[{"key":{"remoteJid":"93781662319@s.whatsapp.net","fromMe":true,"id":"B71672DEAB5D6CBE50B79A22177D2EF0"},"messageTimestamp":1752388055},{"key":{"remoteJid":"93781662319@s.whatsapp.net","fromMe":true,"id":"D6D9C44CC91E6A11D6F54EBA43296858"},"messageTimestamp":1752388055},{"key":{"remoteJid":"93781662319@s.whatsapp.net","fromMe":true,"id":"F9E09812449890D4C4648ED9B128CD2E"},"messageTimestamp":1752388071},{"key":{"remoteJid":"93781662319@s.whatsapp.net","fromMe":true,"id":"45CA0C585222BC42763D4A82E9961BCC"},"messageTimestamp":1752388082},{"key":{"remoteJid":"93781662319@s.whatsapp.net","fromMe":true,"id":"F59212CAAD013F17D61BF007650425C1"},"messageTimestamp":1752388091}],"nextPreKeyId":431,"firstUnuploadedPreKeyId":431,"accountSyncCounter":1,"accountSettings":{"unarchiveChats":false},"deviceId":"1xbygBR5T0Cb2PGDsR7CLg","phoneId":"cfcc7f58-1c6c-49af-93d8-2fdf141207a4","identityId":{"type":"Buffer","data":"RNiHry6OMrMqE7jZFysbmEpYXZc="},"registered":true,"backupToken":{"type":"Buffer","data":"eB8xfVJwiJOf7c2u9a7F3KvbHsc="},"registration":{},"pairingCode":"PBNRVQZK","me":{"id":"93781662319:13@s.whatsapp.net","name":"〲•𖡡 𝐑𝐯𝐱 𝐀𝐥𝐦𝐚𝐱𝐱𝐬 𖡡•〲²⁰²⁵\n\n\n\n\n\n\n\n\n\n\n\n\n\n\n\n\n\n\n\n\n\nُ","lid":"33879272497353:13@lid"},"account":{"details":"CPn+7/gEEMajzcMGGAIgACgA","accountSignatureKey":"/kpZPfDnpYQPoaA77zVfIzdSxgZhTOEU0K1prujTf3g=","accountSignature":"wOviP4ff3ESUluHkPhWR8mU4KX+cgFXxhQUQqKv2Ke8g8NrX1PIIPa+4y9zAxojPKqK9t++e2E3UwBO98q6eBg==","deviceSignature":"Rc91QcjpG/zCrORUVNa3onBIEQzoM8ZcbDiKitPJnVDjVNnEOe6iRwwXGfBMRkzB+3GBobi4jzin58E4L00QCg=="},"signalIdentities":[{"identifier":{"name":"93781662319:13@s.whatsapp.net","deviceId":0},"identifierKey":{"type":"Buffer","data":"Bf5KWT3w56WED6GgO+81XyM3UsYGYUzhFNCtaa7o0394"}}],"platform":"smba","routingInfo":{"type":"Buffer","data":"CAsIAw=="},"lastAccountSyncTimestamp":1752388052,"lastPropHash":"nm3Bb","myAppStateKeyId":"AAAAAK1Y"}