{"noiseKey":{"private":{"type":"Buffer","data":"mK7+CH5gSQt+cqN9TWLPlUXIBAoRO7SFpt4lIRsEFW4="},"public":{"type":"Buffer","data":"onflQZTxEaVas4VS2ljEAYnBMfBScETq2oHq+dk1aAE="}},"pairingEphemeralKeyPair":{"private":{"type":"Buffer","data":"0NeebEYRmZWDXIjAi7EtjMb38xPV2RFZxwiO4YVIi0c="},"public":{"type":"Buffer","data":"dLyXg7adZO0rEjJ3pLFEefqF1rOdA23Al8AcUpI3BAI="}},"signedIdentityKey":{"private":{"type":"Buffer","data":"INglQnRa0eo9V5TUnq/rvmkxdh5F9LImqOLWxUNFfVY="},"public":{"type":"Buffer","data":"2q9hSXcKBtearqrD3rhntO/DOcV0e5gJtxXvuNggQnE="}},"signedPreKey":{"keyPair":{"private":{"type":"Buffer","data":"gFbKuC08L2duVu2VeHR2gs3pT6aqjIR/W0Asv8huNWM="},"public":{"type":"Buffer","data":"JCRU+xpFQHu5DP6sRMtnprK399j97iOpjyNKDr/Wr38="}},"signature":{"type":"Buffer","data":"Gn730YZxXArSyfnE7cHJLg2CAoVFWX8Mtegmz9xMnksphrDLhv9+IYFE4FvCWsKRkUgUGXYm6d4+yGV3f3YQhA=="},"keyId":1},"registrationId":70,"advSecretKey":"P1QKA2Mx3UeSI9xqeZ8jHftrExi5cMNtm5OKnP0pb0E=","processedHistoryMessages":[{"key":{"remoteJid":"94783125935@s.whatsapp.net","fromMe":true,"id":"246B9AD937C036A1D3BA9682FAE910DE"},"messageTimestamp":1751919646},{"key":{"remoteJid":"94783125935@s.whatsapp.net","fromMe":true,"id":"82FE00FFE996F03FEECAF2A72BD7ED16"},"messageTimestamp":1751919647},{"key":{"remoteJid":"94783125935@s.whatsapp.net","fromMe":true,"id":"C83C795A900F226B867A97EF62861E05"},"messageTimestamp":1751919649}],"nextPreKeyId":31,"firstUnuploadedPreKeyId":31,"accountSyncCounter":1,"accountSettings":{"unarchiveChats":true},"deviceId":"BHY7MSZ8RHWyU4GqM8hj7A","phoneId":"19838297-6695-46a6-aba9-622654773e06","identityId":{"type":"Buffer","data":"1MEBuakK3e6Ts+xyEXFSCLgr1RM="},"registered":true,"backupToken":{"type":"Buffer","data":"0NtrykfvC+hf/5mdX8tWc9Nf2q0="},"registration":{},"pairingCode":"43YZSFEY","me":{"id":"94783125935:40@s.whatsapp.net","name":"囧囧ʀᴇᴀʟ 𝗕𝗟𝗔𝗖𝗞 𝗛𝗔𝗖𝗞𝗘𝗥","lid":"190409405923546:40@lid"},"account":{"details":"CIvgy8UEEI/YsMMGGAEgACgA","accountSignatureKey":"yXdg3BXzGof+vBNoHgGm/XnbhdUPcNJVMV5oZfSXVW0=","accountSignature":"n0/2brxr/RxCfcRDgggCMNVFKXaAkIb6Hg3QPnW5Qi1wVNJjOwuKVryIkSN9m062P40etJUGmfRrcXHH2qo1BQ==","deviceSignature":"0gfjQ48Pr6pz3CbMLRUAhb5pM2MsbWEuRLNMU6YElK1KAe5KigzGwWKMOh+V2pMqvA8pnYJRdCtT270cTZfxiw=="},"signalIdentities":[{"identifier":{"name":"94783125935:40@s.whatsapp.net","deviceId":0},"identifierKey":{"type":"Buffer","data":"Bcl3YNwV8xqH/rwTaB4Bpv1524XVD3DSVTFeaGX0l1Vt"}}],"platform":"smba","routingInfo":{"type":"Buffer","data":"CAUICA=="},"lastAccountSyncTimestamp":1751924506,"lastPropHash":"3R9Z39","myAppStateKeyId":"AAAAALCN"}