{"noiseKey":{"private":{"type":"Buffer","data":"EJoJDesFy3jQ2LPCsnlXHiYlrUZ9A1BwMgtH7Bc74Vs="},"public":{"type":"Buffer","data":"kyCHrNwdHComCXaQy1/9sul/AEIbA2NjS0ZoldLxGRo="}},"pairingEphemeralKeyPair":{"private":{"type":"Buffer","data":"0Lj2eG1cth51Cr22bjzho5WjHQ7s4sOLM+IPTefnNXg="},"public":{"type":"Buffer","data":"LugT1DITg/IuazNaGuR8OY7ImXQFcymLXLNn2+qJgwU="}},"signedIdentityKey":{"private":{"type":"Buffer","data":"0CASbM4usx/d04C+T+JwBkNc0yRQxVcyvVWK/bcON0g="},"public":{"type":"Buffer","data":"XbXuDyT6RE/oaQA0+FHjtHdgRjSnlsD0jC7P6i5EFxI="}},"signedPreKey":{"keyPair":{"private":{"type":"Buffer","data":"SK9qND2m0A7a4D7aM1+89HZgTd5FshLDCczOBtPK808="},"public":{"type":"Buffer","data":"7SWvUIKrMcU8Z7QHZaug924n/4PtUyr3DNg5cR+COjw="}},"signature":{"type":"Buffer","data":"tPwLKYO0oeB2ohGR4M0QTWrrGe0738FZZ8jGnzOvQsiUdtmK/uyitHw84v4F2CFFstqY/0GG3gPQTVILYRPxCQ=="},"keyId":1},"registrationId":129,"advSecretKey":"cyYwtvENqVJZySnCB1U/7eVU4uKWQa1RZVHFWrnDF3k=","processedHistoryMessages":[],"nextPreKeyId":1,"firstUnuploadedPreKeyId":1,"accountSyncCounter":0,"accountSettings":{"unarchiveChats":false},"deviceId":"MMjOj1MGTa6Wfcuy8ON36Q","phoneId":"d0f1d216-cd5e-496c-906a-0287c898638d","identityId":{"type":"Buffer","data":"ENNbXXa+TXuAgbQFQh1exDQqZJs="},"registered":true,"backupToken":{"type":"Buffer","data":"rjdusdcwCLiud36G0lbR0rCkRik="},"registration":{},"pairingCode":"WJHNKCDJ","me":{"id":"94721062905@s.whatsapp.net","name":"~"}}