{"noiseKey":{"private":{"type":"Buffer","data":"yLNgipusOK9DriJeNegYVpkKKjNmZYXqFgKgoZf9918="},"public":{"type":"Buffer","data":"zo2ihbTCKWN/ExDn6FDzxk5yzshooULloKie4k3FvnI="}},"pairingEphemeralKeyPair":{"private":{"type":"Buffer","data":"8C9VzCKis9dfHgOeXypkBu8/jLp29S43swKaY/xpLHs="},"public":{"type":"Buffer","data":"biPaWRK6xVAp8fsLiuc+3h9h0KvdWtQNxOBBQgGn9yQ="}},"signedIdentityKey":{"private":{"type":"Buffer","data":"mDQXeqyc7izI4A4xBZs+S3XkGFEyJVDVHm+XGokb2U0="},"public":{"type":"Buffer","data":"nQqg6e+i0eftDq2VeqcLkyJ+hfkPo+Pxw1zE6CeJ+Q0="}},"signedPreKey":{"keyPair":{"private":{"type":"Buffer","data":"cOoC87I6/Td7ltQVz+s9l7jZgX9ywD32jSmSrSlEnls="},"public":{"type":"Buffer","data":"fUyptDmoLvJLDOb+2sPDWnzg7xJpGkmzMWcXv/UfZQ0="}},"signature":{"type":"Buffer","data":"bGGaIgovl4Ncw+xkZsb1q3PEHHCChhZqWaeYuakpm38cx/yQ6gu7F9ic2iQTefCVBZLvHSv2NNhG/fTJwrAgiA=="},"keyId":1},"registrationId":18,"advSecretKey":"aOs57J5XfcC8WrFmwyZjViROGJjCOyHpSAWfIxdhnFQ=","processedHistoryMessages":[{"key":{"remoteJid":"255786303808@s.whatsapp.net","fromMe":true,"id":"3ACDE58CCCA041EA049B"},"messageTimestamp":1752382426},{"key":{"remoteJid":"255786303808@s.whatsapp.net","fromMe":true,"id":"3A10FC43C60E85B7F161"},"messageTimestamp":1752382429},{"key":{"remoteJid":"255786303808@s.whatsapp.net","fromMe":true,"id":"3AFB2ECFD47689A6D86B"},"messageTimestamp":1752382436},{"key":{"remoteJid":"255786303808@s.whatsapp.net","fromMe":true,"id":"3A17EF265CEEADFA1347"},"messageTimestamp":1752382444},{"key":{"remoteJid":"255786303808@s.whatsapp.net","fromMe":true,"id":"3A3BD347F6B5F582A8B2"},"messageTimestamp":1752382448},{"key":{"remoteJid":"255786303808@s.whatsapp.net","fromMe":true,"id":"3A110930415FB08D9EDF"},"messageTimestamp":1752382449},{"key":{"remoteJid":"255786303808@s.whatsapp.net","fromMe":true,"id":"3A03124CB254DBE9410F"},"messageTimestamp":1752382450}],"nextPreKeyId":31,"firstUnuploadedPreKeyId":31,"accountSyncCounter":1,"accountSettings":{"unarchiveChats":false},"deviceId":"7R9XYPKJQgCTSYk0cwBd6g","phoneId":"f38334fe-aa47-4cd0-99dd-fa7b2346c33f","identityId":{"type":"Buffer","data":"xRcOBk5c2HwnCicihf2nfy1STag="},"registered":true,"backupToken":{"type":"Buffer","data":"0KMXbY+9Ig0izhzDlsFqVXsnhTQ="},"registration":{},"pairingCode":"YJPWE6A6","me":{"id":"255786303808:82@s.whatsapp.net","lid":"238246214779025:82@lid","name":"Wolfgang Sagari"},"account":{"details":"CIPXwoIGEMn3zMMGGAEgACgA","accountSignatureKey":"ThJ+IuO0lQJjjoEX6JPbtWyZUvltPiP8e91bKxv1f3Y=","accountSignature":"cg0RZiuMglInSlGFlXawhEXUxy15afSAiqboN727olFQ6QTaIn0ZCkNu89yhPIQFiPm1YTgUYQFtOlkPNTQHAw==","deviceSignature":"5EDFWWSDjDdL2f0iwQwbqzriCwxQTkw6Q74lEmwZz+ccdpxAWiSpc8+ntUZL0YxDUn99/l318TJJh46fPfNBhg=="},"signalIdentities":[{"identifier":{"name":"255786303808:82@s.whatsapp.net","deviceId":0},"identifierKey":{"type":"Buffer","data":"BU4SfiLjtJUCY46BF+iT27VsmVL5bT4j/HvdWysb9X92"}}],"platform":"iphone","routingInfo":{"type":"Buffer","data":"CAkIAg=="},"lastAccountSyncTimestamp":1752382422,"lastPropHash":"3gPUJk","myAppStateKeyId":"AAAAAO3S"}