{"noiseKey":{"private":{"type":"Buffer","data":"cO1b1mQsr1ua+W+Wy1XnMH6SDOKtQ7Ib+xWLGJXL7lg="},"public":{"type":"Buffer","data":"YF8RGOFQVItKd/JedYuz4Bajo8vIs2XxddoLtO7SJl0="}},"pairingEphemeralKeyPair":{"private":{"type":"Buffer","data":"yIayUqo7qvCLBLwuohVAAIj1voLlqUw5BX3rCSj1N3E="},"public":{"type":"Buffer","data":"ODoKLo85u+eTRmm0RSJz+xuhwVCrPFUQigT0Znc6eRA="}},"signedIdentityKey":{"private":{"type":"Buffer","data":"MPbFN+ezljSTZef6I2cYSV1YiEdOd16SrSusAkNo31w="},"public":{"type":"Buffer","data":"L2ZGj05md9RM9IzPz22W/Y5mYcbY6ZsuxfwGT12OyWc="}},"signedPreKey":{"keyPair":{"private":{"type":"Buffer","data":"cCXQIxpu98f44SmF5zsNyoG0DpUu4ikqV/wtGxN6M2E="},"public":{"type":"Buffer","data":"iWgMsECWAdbvvefYT6LA8oMxOyOL0mm3J/8GDWrGsWM="}},"signature":{"type":"Buffer","data":"691dwYnBLk7HrrueKt2gfr0iXoFv3FXnuqZj2U40MlvDxdv2+eGLEXdnAL51yVZZ5FT4fUje9r6GTkNmszUjBg=="},"keyId":1},"registrationId":53,"advSecretKey":"MINe2GgDYK7OtybdL/JlSTNtbPyB9CdnMCdHs1226HQ=","processedHistoryMessages":[{"key":{"remoteJid":"94784686205@s.whatsapp.net","fromMe":true,"id":"75943CDB8B9C768D5E7FEE1EA814E496"},"messageTimestamp":1752309361},{"key":{"remoteJid":"94784686205@s.whatsapp.net","fromMe":true,"id":"72BACD87FC0096C638731596016460E9"},"messageTimestamp":1752309363},{"key":{"remoteJid":"94784686205@s.whatsapp.net","fromMe":true,"id":"29173618EB336CC04E92FBD7F20EDFC3"},"messageTimestamp":1752309441}],"nextPreKeyId":31,"firstUnuploadedPreKeyId":31,"accountSyncCounter":1,"accountSettings":{"unarchiveChats":false},"deviceId":"ls90EqNRSempZ6MIIiXg4w","phoneId":"9f91f66f-6b2b-4fdb-a638-8427faa07e36","identityId":{"type":"Buffer","data":"UlNGk+frair214q43ny0EvLNY1M="},"registered":true,"backupToken":{"type":"Buffer","data":"8i2Q20XOsD0Vbx4CNUFHv9Lx0eU="},"registration":{},"pairingCode":"S5GJDFL8","me":{"id":"94784686205:1@s.whatsapp.net","lid":"112232427983080:1@lid","name":"Ko_TA_Malli"},"account":{"details":"COX9nc4GENu8yMMGGAEgACgA","accountSignatureKey":"R0AVM9X/H0y3gIyBtwE9feKRLNfIMJt9jvQTn6WL20E=","accountSignature":"crlPQHJQ8AfdUiNY+q1dR2fb/jUAnWCLP/+lWdbhI3zTNUcwv8EQ8eGXKGQ28NKrx/ZgjQNV4paW6CGU95ccDg==","deviceSignature":"pNOqJVZs6UKDpc7mC1cGTX1AlfmC9/1NDLFRgkk5xlpJH28bSE+8jRfMYSkL4z22oSa1QzuNnJ8mx57sai60Dw=="},"signalIdentities":[{"identifier":{"name":"94784686205:1@s.whatsapp.net","deviceId":0},"identifierKey":{"type":"Buffer","data":"BUdAFTPV/x9Mt4CMgbcBPX3ikSzXyDCbfY70E5+li9tB"}}],"platform":"android","routingInfo":{"type":"Buffer","data":"CBIIDQ=="},"lastAccountSyncTimestamp":1752309472,"lastPropHash":"PWk5B","myAppStateKeyId":"AAAAAGju"}