{"noiseKey":{"private":{"type":"Buffer","data":"wLbuwvEnpwcSNCBVFMBNLJoYMcptkV1tDvWWJr8XFnM="},"public":{"type":"Buffer","data":"ECawTvYzvMmyaX7Ku6BfOK+4pxrtS5LxQgBtQiveTDg="}},"pairingEphemeralKeyPair":{"private":{"type":"Buffer","data":"WJgsvFOhPyDsXouITOOo9waMJSbZPmH1GC3hlGnksXY="},"public":{"type":"Buffer","data":"CFRW0P+xYLg5Hq706aXGj8I2m0t2t/mBsTkxITlyzik="}},"signedIdentityKey":{"private":{"type":"Buffer","data":"AOHKZSrPCQtBLcP89ZAHRvKZBbssWjQyTFEYwe4xWm8="},"public":{"type":"Buffer","data":"2rWfbauThrUsGdUv0BzO4SexR7OihlufgvN9tdksogU="}},"signedPreKey":{"keyPair":{"private":{"type":"Buffer","data":"8H/BGXAEaJDTP/jAzDe2PbXVZBHfSlRKgI8+ryfw2GA="},"public":{"type":"Buffer","data":"qQBJVTPyseG2wljvTsfb558OkE1M4VM5Kw7JiMzWuzU="}},"signature":{"type":"Buffer","data":"YEzoTsE4UWg9B1kak7ReRLb0wIG3TCCWvkAC7Y5SEurkdGkkN0LrAj0zaZZM7/W1CIFTyOmM/9cTwL3CPLfAjw=="},"keyId":1},"registrationId":231,"advSecretKey":"s1M/+90Q/LCUc/IetQukhs7znBV1wqg3muaeLid5UKs=","processedHistoryMessages":[{"key":{"remoteJid":"94757958541@s.whatsapp.net","fromMe":true,"id":"59ACCA3B60EC2F187D45D801CB71276F"},"messageTimestamp":1752413513},{"key":{"remoteJid":"94757958541@s.whatsapp.net","fromMe":true,"id":"3A8FFEE45AB88B86BA2A65427B6BE9A5"},"messageTimestamp":1752413516},{"key":{"remoteJid":"94757958541@s.whatsapp.net","fromMe":true,"id":"1050FC4B692C2C80BAF3C07D1911126C"},"messageTimestamp":1752413549},{"key":{"remoteJid":"94757958541@s.whatsapp.net","fromMe":true,"id":"99FE360D17A7664DFA9077892B7BD4DD"},"messageTimestamp":1752413578},{"key":{"remoteJid":"94757958541@s.whatsapp.net","fromMe":true,"id":"C63C53C4A1CD315BE7A58F581B94AC6B"},"messageTimestamp":1752413607},{"key":{"remoteJid":"94757958541@s.whatsapp.net","fromMe":true,"id":"A8ED2986D356362634546B767F76D5D3"},"messageTimestamp":1752413639},{"key":{"remoteJid":"94757958541@s.whatsapp.net","fromMe":true,"id":"CF04F77C18F82AC19220B882D0E0F9D3"},"messageTimestamp":1752413646}],"nextPreKeyId":114,"firstUnuploadedPreKeyId":114,"accountSyncCounter":1,"accountSettings":{"unarchiveChats":false},"deviceId":"XmIkPofATemPdEpf9F1YZA","phoneId":"9092f395-bbe1-4a06-8c36-dc1d1ed40dec","identityId":{"type":"Buffer","data":"zSfUljx+toR28ImNrjHWaDrbx24="},"registered":true,"backupToken":{"type":"Buffer","data":"tp/XJhkcht32TPSgKxsakYIXuDI="},"registration":{},"pairingCode":"J7CA6HLK","me":{"id":"94757958541:21@s.whatsapp.net","lid":"193673648144569:21@lid","name":"Ｔ | ° Vιƚԋαɳα...🖤🕊️🍂"},"account":{"details":"CNzt+bcFELPqzsMGGAEgACgA","accountSignatureKey":"KFTMbxEyrXE/Rz1ITe0Oiid9VW4sOduSeh2TLqBQOHw=","accountSignature":"GE3VSb26xC9vi8lKV/2iwykZ6AAvxhYc+96utSAmHe/ox9mw/Zoi+v3HjFNzzVA63mxHQwokJfnlOPHHQHqBAg==","deviceSignature":"JSAjF0fNN8Ap+D6M6Us0+TLyo0wJGkOBow5NX2aVIZxe9cK0NgCWsp3KWEuv0zGUrkPHl9RESEtYEUQOsyLWgA=="},"signalIdentities":[{"identifier":{"name":"94757958541:21@s.whatsapp.net","deviceId":0},"identifierKey":{"type":"Buffer","data":"BShUzG8RMq1xP0c9SE3tDoonfVVuLDnbknodky6gUDh8"}}],"platform":"android","routingInfo":{"type":"Buffer","data":"CAsIBQ=="},"lastAccountSyncTimestamp":1752415002,"lastPropHash":"1K4hH4","myAppStateKeyId":"AAAAAElN"}