{"noiseKey":{"private":{"type":"Buffer","data":"oNtPzxMRX28N8fXpyIQKUx5g7vks1bSkx+k3mlFlgWA="},"public":{"type":"Buffer","data":"HHrh7QOW00+u961egE55JVHMRPQPlOeOZup3Ld6+3B0="}},"pairingEphemeralKeyPair":{"private":{"type":"Buffer","data":"4GuzjHbxKm0Kw4BVUfgmReU6l0rZnZN133tp+gE+820="},"public":{"type":"Buffer","data":"/kBkr44h/G0Udy/2xcQCJl9awttfWsLBqVZaKoxQIDY="}},"signedIdentityKey":{"private":{"type":"Buffer","data":"yK951DZW/R2Es2GiHX8gb8dLSexzL5WlGMvuGF9Y2Fs="},"public":{"type":"Buffer","data":"D3/tRxyTLIlABDYmAjgupMqRfDikoXZzB7+Dn5vO9yQ="}},"signedPreKey":{"keyPair":{"private":{"type":"Buffer","data":"GLHQckCcC7pH5VkaRdf3ZNJ60OzMSK0V6WEvCij202w="},"public":{"type":"Buffer","data":"tYmmiCfHC6B2R5CwD97X6TIsDR7Pa06p6obYA2iD0CY="}},"signature":{"type":"Buffer","data":"QKU50MSxNCdiYmZAy8RLUG3l9Tst1RhKO21oCMKbfn+p0sjSWv+C56CHHES6LSH0s1vgH6sUgi0TQK0eNxX7Cg=="},"keyId":1},"registrationId":89,"advSecretKey":"GDvTRzLH6Ltryghapk1Gu6TuZzeB0WmRwu9p4mI03nY=","processedHistoryMessages":[{"key":{"remoteJid":"94769320708@s.whatsapp.net","fromMe":true,"id":"0DCAEB38B8A9BCF33AC2D8F72524EB3D"},"messageTimestamp":1751870024},{"key":{"remoteJid":"94769320708@s.whatsapp.net","fromMe":true,"id":"9530534445FE7C27452FD2537FAF6DE4"},"messageTimestamp":1751870024},{"key":{"remoteJid":"94769320708@s.whatsapp.net","fromMe":true,"id":"6B9C69AC274403E14D643BFB653E6669"},"messageTimestamp":1751870045},{"key":{"remoteJid":"94769320708@s.whatsapp.net","fromMe":true,"id":"6A9E80B8B44E09927A9C353C4BBE4E68"},"messageTimestamp":1751870046}],"nextPreKeyId":51,"firstUnuploadedPreKeyId":51,"accountSyncCounter":1,"accountSettings":{"unarchiveChats":false},"deviceId":"9Ts0ItwfRd2W2qB_0C2WBA","phoneId":"db8f84dc-969a-4522-aece-75c7e52ee215","identityId":{"type":"Buffer","data":"qEqHq38czuYYsrrRMs6Psl5VaNY="},"registered":true,"backupToken":{"type":"Buffer","data":"LIigzYvKfHBWvH3xkvtS4aRLFDk="},"registration":{},"pairingCode":"DQ532CM4","me":{"id":"94769320708:1@s.whatsapp.net","lid":"213430397091893:1@lid","name":"nima"},"account":{"details":"CN7mgeQBELfUrcMGGAEgACgA","accountSignatureKey":"z/ULD+e5gmkOIVy3FVvnL1FTbio6ZMIocC++ZNo+l2g=","accountSignature":"yQ+lzorNw0xv6+uNTB6xSTTBrn5oSIC6pcAngLXKFFpTl+bi2da//Zj3KqNRJxrkWMfMTh5vJrZA902cl2n7Dw==","deviceSignature":"pUCTXYyAbYiq0JC0w4P2w4SZ4cXA+qVUZ2Abzxu9DaWfjKpSpdBe9/Zwl8WFByiBsU4oV30oI5Z6ifU2hNOfDg=="},"signalIdentities":[{"identifier":{"name":"94769320708:1@s.whatsapp.net","deviceId":0},"identifierKey":{"type":"Buffer","data":"Bc/1Cw/nuYJpDiFctxVb5y9RU24qOmTCKHAvvmTaPpdo"}}],"platform":"android","routingInfo":{"type":"Buffer","data":"CAgIDQ=="},"lastAccountSyncTimestamp":1751870066,"lastPropHash":"3R9Z39","myAppStateKeyId":"AAAAADKe"}