{"noiseKey":{"private":{"type":"Buffer","data":"UHJq0O5JuOzsAo+ngLxKs0RK0aWVlc/FOGAVR0zWllg="},"public":{"type":"Buffer","data":"BLB33AKv4H/Q1WSuo3jXDyPkNcmLJpqZzrR/dbf6Jm0="}},"pairingEphemeralKeyPair":{"private":{"type":"Buffer","data":"IFYIzy9jfjskCma8z3s/j4RzYthV6+MoUc0OtZXPXGY="},"public":{"type":"Buffer","data":"aW5Lsowq2hKgLK0fcVfk2emD5GBFpeHgKF2odxyLBwg="}},"signedIdentityKey":{"private":{"type":"Buffer","data":"IDRaeZFIqzYlWMLeBMvct2W+GUATxlbMNzB5C4/De3o="},"public":{"type":"Buffer","data":"F0Xac2AfSxsc9jcnVYq059jRBIVqHt0LoP3VXQ+KxVk="}},"signedPreKey":{"keyPair":{"private":{"type":"Buffer","data":"UC2RSqI/ElywDrehnC/u7HEEhLGBUxfUqFT8vehkGWo="},"public":{"type":"Buffer","data":"A+YMhQAtJipfDKBNuYweGlxXa4oPrORqzxx5Cu2YiSM="}},"signature":{"type":"Buffer","data":"3mzMl6FJTWM2/I4ToRCKuMaruEZXmf+r+zm7TghF8vrhIz63YNdbfUpXCT9F9q8NZDGBX4EEaurS3l5n6uRjgg=="},"keyId":1},"registrationId":139,"advSecretKey":"KaqTsD0CxAGgpJsWgX4U8GmmvpOS2muYVUo4EbtDtHY=","processedHistoryMessages":[{"key":{"remoteJid":"94767572980@s.whatsapp.net","fromMe":true,"id":"3A02B5E5C22B799704C3"},"messageTimestamp":1752337257},{"key":{"remoteJid":"94767572980@s.whatsapp.net","fromMe":true,"id":"3A8A0789123FC9E57AD6"},"messageTimestamp":1752337262},{"key":{"remoteJid":"94767572980@s.whatsapp.net","fromMe":true,"id":"3A8F22FAF06384121352"},"messageTimestamp":1752337308},{"key":{"remoteJid":"94767572980@s.whatsapp.net","fromMe":true,"id":"3A78A7CBD84889407A83"},"messageTimestamp":1752337327},{"key":{"remoteJid":"94767572980@s.whatsapp.net","fromMe":true,"id":"3A4DB070D1B5005649C4"},"messageTimestamp":1752337372},{"key":{"remoteJid":"94767572980@s.whatsapp.net","fromMe":true,"id":"3AFD54C775FF4FC38EE1"},"messageTimestamp":1752337375},{"key":{"remoteJid":"94767572980@s.whatsapp.net","fromMe":true,"id":"3AA146D67E1396F8753B"},"messageTimestamp":1752337392},{"key":{"remoteJid":"94767572980@s.whatsapp.net","fromMe":true,"id":"3AAFD228FB04649B3753"},"messageTimestamp":1752337611},{"key":{"remoteJid":"94767572980@s.whatsapp.net","fromMe":true,"id":"3A3F4BF2DB1B23A8D08F"},"messageTimestamp":1752337639}],"nextPreKeyId":144,"firstUnuploadedPreKeyId":144,"accountSyncCounter":1,"accountSettings":{"unarchiveChats":false},"deviceId":"Nu7-VFsMTpOQ731fK7vzxA","phoneId":"753f654b-7b92-4a13-aca0-28acf1e41955","identityId":{"type":"Buffer","data":"Jlyag7bCO0i4qLaLCcRrk+BYTe4="},"registered":true,"backupToken":{"type":"Buffer","data":"GM0Ro6QJ+OhWLCy7ubMViw0lJd8="},"registration":{},"pairingCode":"CARZ1TQD","me":{"id":"94767572980:43@s.whatsapp.net","name":"Rush","lid":"69050692538520:43@lid"},"account":{"details":"CKGKsroDEM2WysMGGAEgACgA","accountSignatureKey":"0Rh84Vdroq8ShwL3GtX58RMGpFawellUo3SQANMC2n8=","accountSignature":"y1cxee28dId8X1OKN5Ihs556MVMqC6OieEhXZ4byvhrn2LK0nTisxW7ju0lWn0uE1ePJMNMZvlwZ1v9HZ1HACw==","deviceSignature":"1PSfWt7HNN9WJOhxbxyhtLJ9IJz9i+P4fxm2hYoFVZ/H461C/e+kb3q9ybbP7dXUB002lQblyeeYNHDX3k7ZgQ=="},"signalIdentities":[{"identifier":{"name":"94767572980:43@s.whatsapp.net","deviceId":0},"identifierKey":{"type":"Buffer","data":"BdEYfOFXa6KvEocC9xrV+fETBqRWsHpZVKN0kADTAtp/"}}],"platform":"smbi","routingInfo":{"type":"Buffer","data":"CAMIDQ=="},"lastAccountSyncTimestamp":1752343157,"lastPropHash":"2V77qU","myAppStateKeyId":"AAAAACMG"}