{"noiseKey":{"private":{"type":"Buffer","data":"UEYJKmk6WYF/gMW6LZyq/K3EHDJr0nF+IA5xskhGwU4="},"public":{"type":"Buffer","data":"yK744DpkPQWLDc6BmjRC8hFAaeB2NMsThWDVtRU5SGg="}},"pairingEphemeralKeyPair":{"private":{"type":"Buffer","data":"8A6D8p8ER/BMx4GONhkKy58Hp+BJMf9QFCrfVkS3uU0="},"public":{"type":"Buffer","data":"mUMfa+GOlHojZKSVEzG4i0gq2gMhasjiiUfdNKiry3Q="}},"signedIdentityKey":{"private":{"type":"Buffer","data":"qAcKgXGjSQHD8ogsCslODIEMtbcxUilg/mgKf8x6Tmw="},"public":{"type":"Buffer","data":"Oh53mZhgvv8cV1kDcQ63fraSJdRWvoSqx/TTEhgaExI="}},"signedPreKey":{"keyPair":{"private":{"type":"Buffer","data":"2EFwiMjKp6WHgtJwnpL9z0lHJMeE8LiKsKyuH7SbBWM="},"public":{"type":"Buffer","data":"Nx7Z/Ba8NnLBf1noyueoPf4AZZkm/mTcz+j+Y1joEBI="}},"signature":{"type":"Buffer","data":"dnmhRVlPQMLR1WVpsLEIF2eeLN9zTGcgW9ifO5bc90aTX1PgxV3YpgWZskX0biXDBApb9lfwci1wbRvF6CtwCA=="},"keyId":1},"registrationId":39,"advSecretKey":"nVvsqDBpEEfIHRLg5ZlXGXbimd/RNAW5JgSNy1XXLOo=","processedHistoryMessages":[{"key":{"remoteJid":"94729918044@s.whatsapp.net","fromMe":true,"id":"9BB4F9959310479BE289418C563DD1CE"},"messageTimestamp":1751785565},{"key":{"remoteJid":"94729918044@s.whatsapp.net","fromMe":true,"id":"CA443F132C5E8B0CD8B5C117420B01C9"},"messageTimestamp":1751785576},{"key":{"remoteJid":"94729918044@s.whatsapp.net","fromMe":true,"id":"9080B7C4971F11F3DA30950DC7A82C8C"},"messageTimestamp":1751785590},{"key":{"remoteJid":"94729918044@s.whatsapp.net","fromMe":true,"id":"75F6024ACF033DD7F8FEBB13CA62D1F5"},"messageTimestamp":1751785602},{"key":{"remoteJid":"94729918044@s.whatsapp.net","fromMe":true,"id":"04CE2605069EDF2597371203694BE856"},"messageTimestamp":1751785615},{"key":{"remoteJid":"94729918044@s.whatsapp.net","fromMe":true,"id":"22FCB89287DD4877C845943ECD8F0A2A"},"messageTimestamp":1751785627},{"key":{"remoteJid":"94729918044@s.whatsapp.net","fromMe":true,"id":"85B5F907F481257171D50A9E6C659256"},"messageTimestamp":1751785640},{"key":{"remoteJid":"94729918044@s.whatsapp.net","fromMe":true,"id":"0347801C3CE33FBC675DC20D8A810265"},"messageTimestamp":1751785739},{"key":{"remoteJid":"94729918044@s.whatsapp.net","fromMe":true,"id":"457123EF3F761906EC88800C6BD378A3"},"messageTimestamp":1751785753},{"key":{"remoteJid":"94729918044@s.whatsapp.net","fromMe":true,"id":"6C881EB4475269EA1181E24ADD04332D"},"messageTimestamp":1751785766},{"key":{"remoteJid":"94729918044@s.whatsapp.net","fromMe":true,"id":"34A7AE5DFC5292A19FE2226631ADDA09"},"messageTimestamp":1751785778},{"key":{"remoteJid":"94729918044@s.whatsapp.net","fromMe":true,"id":"4D54A869F01245A5BEB5D6BDB30519D2"},"messageTimestamp":1751785794},{"key":{"remoteJid":"94729918044@s.whatsapp.net","fromMe":true,"id":"E85A8DA9D0FCC773586EED9ECA6BD39A"},"messageTimestamp":1751785834},{"key":{"remoteJid":"94729918044@s.whatsapp.net","fromMe":true,"id":"31869CF2BDD859DB90424F3AC6690B2B"},"messageTimestamp":1751785834},{"key":{"remoteJid":"94729918044@s.whatsapp.net","fromMe":true,"id":"B6650A0577A0A7A5F095312477B26B08"},"messageTimestamp":1751785849},{"key":{"remoteJid":"94729918044@s.whatsapp.net","fromMe":true,"id":"2C5860168288E543891DC7EF85B58173"},"messageTimestamp":1751785862},{"key":{"remoteJid":"94729918044@s.whatsapp.net","fromMe":true,"id":"758CFD6474779B2FFDC8AC350D3595A0"},"messageTimestamp":1751785863}],"nextPreKeyId":228,"firstUnuploadedPreKeyId":228,"accountSyncCounter":1,"accountSettings":{"unarchiveChats":false},"deviceId":"q6ty9iwQSoeuCARXi7aazQ","phoneId":"59c85806-1274-4a5e-8adc-64337b569572","identityId":{"type":"Buffer","data":"Qc5A7/dMBhm8D1vJj9Mues0PXs8="},"registered":true,"backupToken":{"type":"Buffer","data":"8QNBc6tf3DYfTFNuZDvw2A/4i+E="},"registration":{},"pairingCode":"JASA1PEA","me":{"id":"94729918044:73@s.whatsapp.net","name":"𝐒\n\n\n𝐔\n\n\n𝐓\n\n\n𝐈\n\n\n\n𝐊\n\n\n𝐀\n\n\n𝐕\n\n\n𝐈 \n༒________________________________༒","lid":"231615070474256:73@lid"},"account":{"details":"CJSF9Z8FEMLAqMMGGBcgACgA","accountSignatureKey":"jPqEvIDE03/xXPQ4maNG8B3tKbRVVTXN7FbuBsW0xFc=","accountSignature":"OHtFyAKvZPOg48Hi/9xK9t7tv+FeCoRTu1LYGMVZpxHwDs10p/fqNFpWIAtIXO/r+69NDpsLLE7r3XY7o3m1Bg==","deviceSignature":"U38FKeDe9Y8MIy6IX82t7K8t1dWAKyCk34Va04DYh653Ldo0jRcpn0RM63Z3WrN8GNuuNhI36cyqmBU2E2aWBA=="},"signalIdentities":[{"identifier":{"name":"94729918044:73@s.whatsapp.net","deviceId":0},"identifierKey":{"type":"Buffer","data":"BYz6hLyAxNN/8Vz0OJmjRvAd7Sm0VVU1zexW7gbFtMRX"}}],"platform":"smba","routingInfo":{"type":"Buffer","data":"CAIIDQ=="},"lastAccountSyncTimestamp":1751787477,"lastPropHash":"PWk5B","myAppStateKeyId":"AAAAAKkh"}