{"noiseKey":{"private":{"type":"Buffer","data":"2Lx6fSxqNJ/dehvMbplMmuy/oc/Xtyxtl7FZHqRhBE4="},"public":{"type":"Buffer","data":"VkZfTln8M68YnnheDrstiIDnOYgDk8DwmvfHL/IZJVo="}},"pairingEphemeralKeyPair":{"private":{"type":"Buffer","data":"uD5H+aACIjYUS7No6wkZ5MLDl+1EX8767k8P0XVTynI="},"public":{"type":"Buffer","data":"sSazblqQubfoanFpcSq8sWe8cns/aIm8Bwgx/uRd7Qo="}},"signedIdentityKey":{"private":{"type":"Buffer","data":"oMPBWQT9Dbi7SCO0/kG17pvWLH/K65zrdaVaJGjmx3k="},"public":{"type":"Buffer","data":"yOxan7nJv59MgWmndvLDTjpueid+F+jnZTiFtaVSqWA="}},"signedPreKey":{"keyPair":{"private":{"type":"Buffer","data":"kP0F2+TX2tV7NLv1RP1V7S55Hh6ADiqJMAplnIXCuHU="},"public":{"type":"Buffer","data":"ICzTUlnyVr8dgL7lqkPz2+jKdVOaVJ0zyy1ynyzGmUY="}},"signature":{"type":"Buffer","data":"8Udbiv7+Bm29WIj0UwHzFsUhJzsevRMP39kbSfXrBuDxz3cuQvJlpP3Hjvu8We135iqJvK478G3q/eIraAJhCA=="},"keyId":1},"registrationId":70,"advSecretKey":"qnD7oUO4bN2+DfWxXRNKmkd6ma5oYcj0Fuwxm2PMF9E=","processedHistoryMessages":[],"nextPreKeyId":1,"firstUnuploadedPreKeyId":1,"accountSyncCounter":0,"accountSettings":{"unarchiveChats":false},"deviceId":"kEJFitVXQnyaQCj7OttbOA","phoneId":"cf3dff87-75aa-48e6-965d-f7b9c53fbb16","identityId":{"type":"Buffer","data":"6yfYg57f2jPDZCMBelXnf2GoJys="},"registered":true,"backupToken":{"type":"Buffer","data":"CJRS2X0h4Kjuct7aOu1P03dgirc="},"registration":{},"pairingCode":"NYRB1GGS","me":{"id":"201129436974@s.whatsapp.net","name":"~"}}