{"noiseKey":{"private":{"type":"Buffer","data":"kPC7e6c08CDo4kcrYOkYBNskDGzOYRoNS84eJaKDqmo="},"public":{"type":"Buffer","data":"JZMeJ2WUSXawZEmWucxEyYYEO5QljNEamrYoQbJaCT0="}},"pairingEphemeralKeyPair":{"private":{"type":"Buffer","data":"SAwD+xpIJRPFeSAjOynC613aAgw+TDGOeXZNeTKH61Q="},"public":{"type":"Buffer","data":"K/Zb/7e0ASyf0MRWtGNp5LuDdD8SvI8ZP2bnr8TYryk="}},"signedIdentityKey":{"private":{"type":"Buffer","data":"SN/DFm3UboNC6JEW17wJxdGT1gE8wLEO4X03/5bc/FY="},"public":{"type":"Buffer","data":"jbKPEbI5k2mHXR1j6CcY3b/qjoLqstPkE0/FJRbDrl4="}},"signedPreKey":{"keyPair":{"private":{"type":"Buffer","data":"mEjEX03TBnj+qLUp7/5vCX+MjaCd9KNCmc5qiut1Qkg="},"public":{"type":"Buffer","data":"W9+0Y2FSfBsCmpR9RhP0x3YdZBagzqtvEAHaRsVAmxw="}},"signature":{"type":"Buffer","data":"j3N18T1ErBgEi63WRZtY+wToj5aduD9WecM3iDvQPIXCfMffJHVKe8qserYk6ztkOChVaSBjxgYDpFWPd5vLDQ=="},"keyId":1},"registrationId":236,"advSecretKey":"8GrlSLupzTCDJNBRgAjMAEsHb1K9LjCkf1Ny5JcgnI0=","processedHistoryMessages":[{"key":{"remoteJid":"94762652978@s.whatsapp.net","fromMe":true,"id":"AB2B28A1386DB5E9EF316D52654E62D5"},"messageTimestamp":1752076955},{"key":{"remoteJid":"94762652978@s.whatsapp.net","fromMe":true,"id":"5019978D8D8899118D528A49F879452B"},"messageTimestamp":1752076988},{"key":{"remoteJid":"94762652978@s.whatsapp.net","fromMe":true,"id":"A820EE7AAD881ED7B74D6CCDBFBF3EA7"},"messageTimestamp":1752077236},{"key":{"remoteJid":"94762652978@s.whatsapp.net","fromMe":true,"id":"0DDDBC822C90A7CED7F5F6366973D620"},"messageTimestamp":1752077237},{"key":{"remoteJid":"94762652978@s.whatsapp.net","fromMe":true,"id":"979C28896FA5D0F71E438F28C7DC6912"},"messageTimestamp":1752077254},{"key":{"remoteJid":"94762652978@s.whatsapp.net","fromMe":true,"id":"5E7A00EB179DBB3CD7FD9D1624A70F32"},"messageTimestamp":1752077336},{"key":{"remoteJid":"94762652978@s.whatsapp.net","fromMe":true,"id":"5EE4A11A9D2A0238E37B5F3BD3C9F32C"},"messageTimestamp":1752077406},{"key":{"remoteJid":"94762652978@s.whatsapp.net","fromMe":true,"id":"1FBC071A7B78C04A7A4C887F0DE7DB2F"},"messageTimestamp":1752077548},{"key":{"remoteJid":"94762652978@s.whatsapp.net","fromMe":true,"id":"AA243D9E419AD70015C3678CFC8AC849"},"messageTimestamp":1752077548}],"nextPreKeyId":1295,"firstUnuploadedPreKeyId":1295,"accountSyncCounter":1,"accountSettings":{"unarchiveChats":false},"deviceId":"IO9QL-QASpO8bUWxn3HwBw","phoneId":"8b8ef8ab-3494-492d-a3c5-2e1fac97adfa","identityId":{"type":"Buffer","data":"hs6uMtr+KaN6pXHVQFi8r2tPnHM="},"registered":true,"backupToken":{"type":"Buffer","data":"yvmd7aJuQweM05zqY5CVN9IZIEo="},"registration":{},"pairingCode":"EW281YKX","me":{"id":"94762652978:1@s.whatsapp.net","name":"𝐂 𝐇 𝐀 𝐍 𝐔 𝐊 𝐀","lid":"151419239854241:1@lid"},"account":{"details":"CNargt4BEOykusMGGAEgACgA","accountSignatureKey":"wx09Fkzf4m5CzeX3+BcSUF3d0S0zb4lElIyZo5JCWxM=","accountSignature":"vU/sOuw212dAyJTmCT50IAZxrJqvUepx8CG8RX6KAkhOwD+eUBy7FKPIi6gStdqBZ7EmsL/ye3eXs5GNON3pAw==","deviceSignature":"AWfd0UGW/ZLYB3BUpbz9Z2FUW/6ouBl0Ha/TLcYdpdzexm7XdUqmzpVhzqLjK/qezqpxr4cNoQ3b6+ePcOI8BA=="},"signalIdentities":[{"identifier":{"name":"94762652978:1@s.whatsapp.net","deviceId":0},"identifierKey":{"type":"Buffer","data":"BcMdPRZM3+JuQs3l9/gXElBd3dEtM2+JRJSMmaOSQlsT"}}],"platform":"smba","routingInfo":{"type":"Buffer","data":"CAMICA=="},"lastAccountSyncTimestamp":1752350546,"lastPropHash":"1K4hH4","myAppStateKeyId":"AAAAAOyb"}