{"noiseKey":{"private":{"type":"Buffer","data":"6OK81yI5lo2Vpm68i4a8xSElGVCWlZtSexZV1BevOF4="},"public":{"type":"Buffer","data":"7MkG8MTvtOjnqJ66yNA68rjN1kTPa2gRHXm2kP62vj0="}},"pairingEphemeralKeyPair":{"private":{"type":"Buffer","data":"gLWSRt6hWlcTgKnH0XU3bVyqR60iZVZbUpVL5MGGM2A="},"public":{"type":"Buffer","data":"9ieLpVkgkzEaDUieqNDtgqZXqclguHHyb3O7bvXph3Y="}},"signedIdentityKey":{"private":{"type":"Buffer","data":"UJvCy4226TdjvKYCjPMMcwGWKaLpOcqsXfbKE02pP2I="},"public":{"type":"Buffer","data":"ecyZsOXUJtyojHceYp4FlGgaNIzeK/OZjHfe9a+SCk8="}},"signedPreKey":{"keyPair":{"private":{"type":"Buffer","data":"EEe3nMbkKfEuECGE2DuT5Ue37YlI0R/US/oGpLcWTXQ="},"public":{"type":"Buffer","data":"025dh38/f+QJVFZbZOVeae6IyZ1j+TwpAEAhsM8b/G4="}},"signature":{"type":"Buffer","data":"pX4BezY60yZDmy0EHXur030wvij4WPgGCH2XSn5Li9E2WbOEbgQAH7L1QJT4L8rlvpTazPp2X+QmBJeibLA3jg=="},"keyId":1},"registrationId":50,"advSecretKey":"kJ3k/8mE9aCZYU/MJ1dhqg/HTR4eLoO3/R6eruJfuTA=","processedHistoryMessages":[{"key":{"remoteJid":"94752820708@s.whatsapp.net","fromMe":true,"id":"F4FD940CADB9B5337032DF9C8E4825CB"},"messageTimestamp":1751731550},{"key":{"remoteJid":"94752820708@s.whatsapp.net","fromMe":true,"id":"6470424641F8F5AC625257815B584BDA"},"messageTimestamp":1751731552},{"key":{"remoteJid":"94752820708@s.whatsapp.net","fromMe":true,"id":"DD8290441929AAA379C7A2A1F3416228"},"messageTimestamp":1751731592},{"key":{"remoteJid":"94752820708@s.whatsapp.net","fromMe":true,"id":"9EE75A81F74F28061D6ED0A8CEC36E60"},"messageTimestamp":1751731594}],"nextPreKeyId":726,"firstUnuploadedPreKeyId":726,"accountSyncCounter":1,"accountSettings":{"unarchiveChats":true},"deviceId":"ptJZoptGTNCpKmfSvVXyXA","phoneId":"e15d1059-3469-48a7-b9ed-f6d816930064","identityId":{"type":"Buffer","data":"7MtxAuDMd8Rs+eOwrJp0yC1psW0="},"registered":true,"backupToken":{"type":"Buffer","data":"JHl+YIhHj1DgUN8D3EptXzxNvNU="},"registration":{},"pairingCode":"ZRF8MXTC","me":{"id":"94752820708:43@s.whatsapp.net","name":"DiLeSh 《OFC¤","lid":"69059299287124:43@lid"},"account":{"details":"CMv325wGEMCapcMGGAIgACgA","accountSignatureKey":"ML/cqzy7Zc0KH9snFwL+wY3ECglmf1RpzRo8LfZZr1o=","accountSignature":"wXbSZlP0ZdiPR8KR0k5SzF/Z4jTKy8NqA1SBR9TM2IU72xYThkYBtlypj0wLWN6NoDueFe+XySlPOW0gg/RaBA==","deviceSignature":"RuJXcqNlOmS+gCwYNoo6IgJx8N3vfDptcqpevmkOHjP52+2JNVdHjWKfGC5zuMGOhl9Dp53JsbOnpo9t9KZGjQ=="},"signalIdentities":[{"identifier":{"name":"94752820708:43@s.whatsapp.net","deviceId":0},"identifierKey":{"type":"Buffer","data":"BTC/3Ks8u2XNCh/bJxcC/sGNxAoJZn9Uac0aPC32Wa9a"}}],"platform":"smba","routingInfo":{"type":"Buffer","data":"CAUIEg=="},"lastAccountSyncTimestamp":1751737515,"lastPropHash":"PWk5B","myAppStateKeyId":"AAAAAHsg"}