{"noiseKey":{"private":{"type":"Buffer","data":"SDsmOA1x2+eEjcJg3ftKUhuKob3Wvw/w7PbMaHT1O3o="},"public":{"type":"Buffer","data":"0JKD46iUe+hfm0CPbSV8nER6GDhQcox8VNi7b71DGn4="}},"pairingEphemeralKeyPair":{"private":{"type":"Buffer","data":"oAjIS7CAIhzmWK8bBZMp8MA36shlq15q5IyXVmdFPGQ="},"public":{"type":"Buffer","data":"J4BIorscoPFfss+r25VG8ucxlGRfAISFRWjZBKsEu0A="}},"signedIdentityKey":{"private":{"type":"Buffer","data":"OMJnjmPMTjUEjfMBAKoG+BpR7SxcSFKYjfs5BTkEmUE="},"public":{"type":"Buffer","data":"ug4nR0McScb0UuZ2y+inyIxrRfeggndobOmdlT7U924="}},"signedPreKey":{"keyPair":{"private":{"type":"Buffer","data":"CFvrQx1IGdGvZRBmET54CpCvFVO1ZU2Xbo2xbQjfhkk="},"public":{"type":"Buffer","data":"d+FMTX+cWtK6DNRDFo9gVbhJYBEowIOJth2VWZ8AdiA="}},"signature":{"type":"Buffer","data":"sCyN43eUCjWE520g3RsLuiFBjAhhVtfp50C9mcgeAE3mMgeHlqi9L7ge7+U2AUF6H7xHvJ0GDRlPbm34Wu8BjA=="},"keyId":1},"registrationId":64,"advSecretKey":"XFHgMW7S7ziQ+CUdeLgdSR7aC+aTz0eTEvVghta/upA=","processedHistoryMessages":[{"key":{"remoteJid":"94724572508@s.whatsapp.net","fromMe":true,"id":"B82F3F2488D4B83C11E3C3635D55A287"},"messageTimestamp":1751976243},{"key":{"remoteJid":"94724572508@s.whatsapp.net","fromMe":true,"id":"72F7B5D5477537C5B6DEAA40BE07690D"},"messageTimestamp":1751976243},{"key":{"remoteJid":"94724572508@s.whatsapp.net","fromMe":true,"id":"337F01ED6115449E6FF1E98AEB2AD095"},"messageTimestamp":1751976267}],"nextPreKeyId":280,"firstUnuploadedPreKeyId":280,"accountSyncCounter":1,"accountSettings":{"unarchiveChats":false},"deviceId":"91g6tumcTT62u1CSqpSuSw","phoneId":"a992c359-c66a-432a-8ebe-2da1991c3c6a","identityId":{"type":"Buffer","data":"+XiAXcV3iDMxy5WSt8/hKm79mDU="},"registered":true,"backupToken":{"type":"Buffer","data":"GPcqN+brrqRDmCbR7yYbR/n8WXQ="},"registration":{},"pairingCode":"HPJ6T5HM","me":{"id":"94724572508:1@s.whatsapp.net","name":"wajira_nilmini","lid":"35511376846973:1@lid"},"account":{"details":"CLr+x4kGEKSStMMGGAEgACgA","accountSignatureKey":"415EQo8hqix8l3FvXl5oCTiioCUIGhDuiQ3E9NFP1Sg=","accountSignature":"6+ITEOJyfBjZK+9ham7wetkHn/DJ3HM26TcpSNxLGmTMew5SRsY+MGehbkkaDCBiFPdYi9eTM6d+djtXcR3lBw==","deviceSignature":"B6L1hAJiQgYb7qH5y+bvBcQJyqkzBFmYQiuoynZjffPgSxixCn8kBhQIAaYWuQXWtkxteMp2CmyC1mORbkn0iQ=="},"signalIdentities":[{"identifier":{"name":"94724572508:1@s.whatsapp.net","deviceId":0},"identifierKey":{"type":"Buffer","data":"BeNeREKPIaosfJdxb15eaAk4oqAlCBoQ7okNxPTRT9Uo"}}],"platform":"smba","routingInfo":{"type":"Buffer","data":"CA0IBQ=="},"lastAccountSyncTimestamp":1752002922,"lastPropHash":"3R9Z39","myAppStateKeyId":"AAAAAKm/"}