{"noiseKey":{"private":{"type":"Buffer","data":"sAfxU28G24/yMQMPT6jQu9E3hSVvQnO5LEwtazEqukE="},"public":{"type":"Buffer","data":"yIi5IOsBBCzzcjYzaOI7B1qUOZMXG7JAQ1oKJg1eeyc="}},"pairingEphemeralKeyPair":{"private":{"type":"Buffer","data":"mK97Wgp8FNvIIU8ymGH9Wz/8ndX7U03Cefpq0XqjDko="},"public":{"type":"Buffer","data":"Jk1qBlGDS8hHswHu1ztpU94jdIycIBcrYqsc8e3gwg8="}},"signedIdentityKey":{"private":{"type":"Buffer","data":"wOi4MGQfaU7f4RnmLQS3U2XGRv70AOBy35q2KZqi4Vw="},"public":{"type":"Buffer","data":"C54iGfN9IM97gnD5UZ3lxj89pNCnT3aolEYYk3WdyyY="}},"signedPreKey":{"keyPair":{"private":{"type":"Buffer","data":"GDpDHSd2GsfoDh5vl0nEDiespIjF7eeuFkIupZ+vkX4="},"public":{"type":"Buffer","data":"DiS3AoHR1P6FdnB33B66xgt7x97ikMzvgGMuVeh8uFY="}},"signature":{"type":"Buffer","data":"tZUgG0U8Gw7iZAhqPKfkT2s/A6cHnpVDvHyS2eJq9mSIyL3CJKpPGPy2ONspkxEbkQfCtsaF/+Tb6iopThwSig=="},"keyId":1},"registrationId":145,"advSecretKey":"i1ishDk8Mxl8WJOvuq06hOIwDOzOBCYTRN4el3eTOQU=","processedHistoryMessages":[],"nextPreKeyId":1,"firstUnuploadedPreKeyId":1,"accountSyncCounter":0,"accountSettings":{"unarchiveChats":false},"deviceId":"rSSVcG0kQECoYeDCtXAeYA","phoneId":"60b889b4-7a5f-4194-a44c-23774ab41d36","identityId":{"type":"Buffer","data":"QZTR7v3UbU/ylfsv/p6ap7FwDY4="},"registered":true,"backupToken":{"type":"Buffer","data":"qKLQqbMOTdXUIDnTlV6vQqzN7co="},"registration":{},"pairingCode":"Y19QAQCD","me":{"id":"94763472785@s.whatsapp.net","name":"~"}}