{"noiseKey":{"private":{"type":"Buffer","data":"EOop9Rz66Ta1I6K/re7VLsTKdCbZxvccyMAa39tASm4="},"public":{"type":"Buffer","data":"Bj7gCFKKAHUPmEbBFznZtNL4YZ2lNC0x3t+1Bq8gl1c="}},"pairingEphemeralKeyPair":{"private":{"type":"Buffer","data":"8GWr8dw8AJDiKu/R+ng31XqjIlHE7z/SMy+dxoQiamY="},"public":{"type":"Buffer","data":"wngH7OpFqAsNNMO/lW4eJixIvp2undGV6uW8AzCwFyc="}},"signedIdentityKey":{"private":{"type":"Buffer","data":"uDwqjCySvwD9ruFI69/6w+vK8VGEeAw9xDDY0j0SZlk="},"public":{"type":"Buffer","data":"lu6Oh9L9Sb4xNtBt4gwaZuKE286YAx98rAwEscd1CDY="}},"signedPreKey":{"keyPair":{"private":{"type":"Buffer","data":"+PTeN4gstvumI9VGfd6spOScDaZRiRoXm5fNfGPLV0w="},"public":{"type":"Buffer","data":"fWbQX32TZMUYpmJsCQILua7a9msiqrJu0ql5VyRlUGk="}},"signature":{"type":"Buffer","data":"RaRROeq/PDbUFpIbySyYQ4bNIJSsvFciYNfNppYC/1N0t7cDh5Nv1ylNZ+qL7bk8zfrXKQfd+OU6XrbXAc4Ygg=="},"keyId":1},"registrationId":71,"advSecretKey":"JfVzVcrvQQYUyjwX3RbT2cAuM9sVxwm4AEjW4rR+tJ8=","processedHistoryMessages":[{"key":{"remoteJid":"94761874201@s.whatsapp.net","fromMe":true,"id":"6A2B36CB9FDDE0973EAC64E2A60637B2"},"messageTimestamp":1752211959},{"key":{"remoteJid":"94761874201@s.whatsapp.net","fromMe":true,"id":"49159B60BA0D3F7E544BEF40B9B1359F"},"messageTimestamp":1752211960},{"key":{"remoteJid":"94761874201@s.whatsapp.net","fromMe":true,"id":"BA1030D17B60B3831CBEF18E45771ECE"},"messageTimestamp":1752211981}],"nextPreKeyId":31,"firstUnuploadedPreKeyId":31,"accountSyncCounter":1,"accountSettings":{"unarchiveChats":false},"deviceId":"QtxrO106QOGD7iBMKzgBfQ","phoneId":"97c6dc1c-d15a-4ab0-be9e-399c6c727a32","identityId":{"type":"Buffer","data":"bYihh69ZUcH+ybOrYmakdpk85xw="},"registered":true,"backupToken":{"type":"Buffer","data":"j4dXVyftFzPaIcSUy1B8PLHIfZk="},"registration":{},"pairingCode":"HK3FP6ZR","me":{"id":"94761874201:5@s.whatsapp.net","lid":"111549477859551:5@lid","name":"༒༺𝘚Ӂ⃠𝘏Ӂ⃠𝘌♱𝘚Ӂ⃠𝘈Ӂ⃠𝘕༻༒"},"account":{"details":"CJfQ+4AEEOTDwsMGGAEgACgA","accountSignatureKey":"nwjUDvFT3goKoq6J6e4SVSffg9BmOSAKjq02xqACNRg=","accountSignature":"+EeHmTE4XXTonBh22zwGLp1WlGImzg7sqwL5KZJHTOy4nz5JHSIj6CEKXJzL1SjfnVAulpYoJ2Tjax8gm3MNDw==","deviceSignature":"iRQZ3DaCJR9q3wPMxKmP0nmt2znYPzVJmZcwXK619s9OS6nEsfw9bxIYqH883HD04MtzfEK7gWBrItF7hgSKhw=="},"signalIdentities":[{"identifier":{"name":"94761874201:5@s.whatsapp.net","deviceId":0},"identifierKey":{"type":"Buffer","data":"BZ8I1A7xU94KCqKuienuElUn34PQZjkgCo6tNsagAjUY"}}],"platform":"android","routingInfo":{"type":"Buffer","data":"CAIIEg=="},"lastAccountSyncTimestamp":1752211955,"lastPropHash":"3R9Z39","myAppStateKeyId":"AAAAAAr6"}