{"noiseKey":{"private":{"type":"Buffer","data":"0PE0KGwfZYNs9Anq0oYd9zuk6Yikox0I91ZWFqY3CXc="},"public":{"type":"Buffer","data":"m4WMZGi4pl5yHZJfWb7r2KRC+0yqr1/S/pLP38Ddfjw="}},"pairingEphemeralKeyPair":{"private":{"type":"Buffer","data":"sF71AxsuwEiajQDOSeTggo1eLldlaU26A/8Ta+Mc/UU="},"public":{"type":"Buffer","data":"sfKBM4Pxx+QCxQwCT5C3gPz/XIIaaPC5tqfKpQQWfSs="}},"signedIdentityKey":{"private":{"type":"Buffer","data":"0BLd9D1tCIhLTTW3jvXRni4Y6hVwfm53qfphyCOIGEU="},"public":{"type":"Buffer","data":"DbhCsdPa+00WReSwURsTdxNysSzWETyXjdBFPImy80o="}},"signedPreKey":{"keyPair":{"private":{"type":"Buffer","data":"gAKTVCJiWEpZEzqrNc5D9Me+elHZ/TLiVRsGaZogunE="},"public":{"type":"Buffer","data":"Xosv4Pw63BiWABqSE+a3x9bygYt7D4F7gQjab4GJ2VM="}},"signature":{"type":"Buffer","data":"XvqXNCW8kAAJF5kBmjqOXE3+eNKkDbZhpYC4VUQYYWKn+I5Ndc+14zNI+oKVgvl3hnX276pM9G2QAZII0zpGAw=="},"keyId":1},"registrationId":210,"advSecretKey":"v3Ig2Q4BB009nAEwGDqt4q/eIbpxW1QEloxqmoed9XE=","processedHistoryMessages":[{"key":{"remoteJid":"94713624639@s.whatsapp.net","fromMe":true,"id":"2F1465CFFC1405587053D0EE740DFBA4"},"messageTimestamp":1752317335},{"key":{"remoteJid":"94713624639@s.whatsapp.net","fromMe":true,"id":"BAAD17195DEB30D1DFBD7AFCF8BEAA7A"},"messageTimestamp":1752317353},{"key":{"remoteJid":"94713624639@s.whatsapp.net","fromMe":true,"id":"46B67C3E409C5D8295A04B7A75AAB7ED"},"messageTimestamp":1752317356}],"nextPreKeyId":45,"firstUnuploadedPreKeyId":45,"accountSyncCounter":1,"accountSettings":{"unarchiveChats":false},"deviceId":"U952s02ZSpOyIBnbK9ZGQA","phoneId":"57ed2ca1-9247-4f92-b0fb-71cb06b3d7f1","identityId":{"type":"Buffer","data":"GcNI9KtNVr6ZRGtnC0E7ZJVk2Rw="},"registered":true,"backupToken":{"type":"Buffer","data":"6hZQvJvT49lNSK5sGIEhwpgtOCg="},"registration":{},"pairingCode":"49S1SL4J","me":{"id":"94713624639:19@s.whatsapp.net","lid":"183279575678989:19@lid","name":"Kaveesh_"},"account":{"details":"CO2LxJEHEID7yMMGGAMgACgA","accountSignatureKey":"Jvbb4/6RNJdlb7UlmCJxAeOq0r0noZGnBuDCUdqZyH4=","accountSignature":"J0KgIYWybB6vSm6tFuGcFBaggsi9anSW91mfhh4qTl7KKlJ6R78k1FDyJVNf17GHTrAKhRRwEctul4PrcpQ2BA==","deviceSignature":"haLfcyYn6+NHMgila9hC+cJV1RNxV3iEYeBBgI5RfIaO1gH+edqcmiW9lluJNZqscO9ydfmhcoHeY4TL4AqODw=="},"signalIdentities":[{"identifier":{"name":"94713624639:19@s.whatsapp.net","deviceId":0},"identifierKey":{"type":"Buffer","data":"BSb22+P+kTSXZW+1JZgicQHjqtK9J6GRpwbgwlHamch+"}}],"platform":"android","routingInfo":{"type":"Buffer","data":"CAUIEg=="},"lastAccountSyncTimestamp":1752317325,"lastPropHash":"1K4hH4","myAppStateKeyId":"ABEAADC8"}