{"noiseKey":{"private":{"type":"Buffer","data":"0O48PUQn1vPAevsp6eu2At5iD/MMXcFNgbcKouqUPlU="},"public":{"type":"Buffer","data":"qX+2lhIHr6RD/pabLrucauUktXQX3k/EI0COKHNmuDI="}},"pairingEphemeralKeyPair":{"private":{"type":"Buffer","data":"qOqzX/m6kkc2z+9J4rR6k66FcJzdHIjix8kL9mxYcFQ="},"public":{"type":"Buffer","data":"2f3TnFEHv8FyoAbJgNPr1vHi/huvKhK702CPRMqEzls="}},"signedIdentityKey":{"private":{"type":"Buffer","data":"EBFQHn7IBQui5Rx2bR5puBT/Njfab98IFOgB0MNVMkE="},"public":{"type":"Buffer","data":"qCjrFKLqF0OXPPgXe5CdcYGGa5+VmiHZz6MGyq+2qAA="}},"signedPreKey":{"keyPair":{"private":{"type":"Buffer","data":"aIOUVUeWXttAeUO8E00cd1uFV10kRQXMec6PQDeAT3E="},"public":{"type":"Buffer","data":"hP5Kgj1PDMy4Kmvt+AF11/q5D8J54ZuIvnUKEnwwMn4="}},"signature":{"type":"Buffer","data":"MXZ35LRbv55Q8Q6jytC0dPOlRJOmUHRHIQvJ9PmMTKU3Hlo5Z1fEKY31BYoqaPdWdYSVljeZXfs6dqQSGTktiQ=="},"keyId":1},"registrationId":170,"advSecretKey":"mZ33ZfoPPAGylxWrz2R4JBnQi0+9IgQWFxbk6Gl+pCw=","processedHistoryMessages":[{"key":{"remoteJid":"94717533342@s.whatsapp.net","fromMe":true,"id":"BCBDA489F17406FA8D6B41C6E3E5B5C4"},"messageTimestamp":1752375449},{"key":{"remoteJid":"94717533342@s.whatsapp.net","fromMe":true,"id":"B2CED7041A653558F08B66B84C7F878D"},"messageTimestamp":1752375451},{"key":{"remoteJid":"94717533342@s.whatsapp.net","fromMe":true,"id":"828AC478D873E00BAED1F595BEC54A8F"},"messageTimestamp":1752375472},{"key":{"remoteJid":"94717533342@s.whatsapp.net","fromMe":true,"id":"4275D00E0DE88265D0E74BCE754E404F"},"messageTimestamp":1752375473}],"nextPreKeyId":62,"firstUnuploadedPreKeyId":62,"accountSyncCounter":1,"accountSettings":{"unarchiveChats":false},"deviceId":"5hGxz4PNQCORZ2dBJN3xkQ","phoneId":"7a9c4c5e-fc82-4505-8216-c364ea729643","identityId":{"type":"Buffer","data":"CnwyNRU/3sr/omac03lvJjeTXRg="},"registered":true,"backupToken":{"type":"Buffer","data":"s/1YWmpr5/LTR6t9hWLCUNJeACk="},"registration":{},"pairingCode":"M2LXCBRH","me":{"id":"94717533342:27@s.whatsapp.net","name":"kakashi hatake ( sasuke )","lid":"142168299716843:27@lid"},"account":{"details":"CNCA2LUDEPzAzMMGGAIgACgA","accountSignatureKey":"Xq/Er+UNP8owZIAhbPWP6jMIRynRZiyOjFyfhUJ0NRw=","accountSignature":"Pn8Ah28R25QxIUFnz3vPHdgoBC4kdAk4oJeGkNKsU8d6b4AGV665Iu8TuGkHElZWPpic+xNxfY3/dl2v35VYAw==","deviceSignature":"whBhqRayUGy6AQn4q/NVuaul/xWtXxLYYjwv/XjMGeqChAX/+0PJEWuhuCLNIRWBi3N4qej+dTf07kNTa/jJjw=="},"signalIdentities":[{"identifier":{"name":"94717533342:27@s.whatsapp.net","deviceId":0},"identifierKey":{"type":"Buffer","data":"BV6vxK/lDT/KMGSAIWz1j+ozCEcp0WYsjoxcn4VCdDUc"}}],"platform":"smba","routingInfo":{"type":"Buffer","data":"CAkIAw=="},"lastAccountSyncTimestamp":1752375434,"lastPropHash":"PWk5B","myAppStateKeyId":"AAAAADA4"}