{"noiseKey":{"private":{"type":"Buffer","data":"iE2tPaO90hmTYgZQdXVQMJp19iWMYML/kdXxlMZv/2E="},"public":{"type":"Buffer","data":"Tvp12zwooUCnzxKxr4QvVJGxi8hObZYZ0qSsgQTAiiA="}},"pairingEphemeralKeyPair":{"private":{"type":"Buffer","data":"GOdWvrchaq2g0hu8gTNXGm1PVYVLeuO3ykmGF1AjNk8="},"public":{"type":"Buffer","data":"iOwe1sfxrsuijjzL0CZlB+G1H2ys1dXimRLp1s+UXD8="}},"signedIdentityKey":{"private":{"type":"Buffer","data":"SMMsCJCsi3heNNZ8mh19B54QBrSuVr58aqqFYb7JmWw="},"public":{"type":"Buffer","data":"vdRtwTiQbPDPPzmsj8ADlrjCwRGRv87rThb4FIbyo1k="}},"signedPreKey":{"keyPair":{"private":{"type":"Buffer","data":"wGClCgIiPDbRhoCi+Iarvg0WZ2KpVQYwpn7mFmtn0FM="},"public":{"type":"Buffer","data":"oCipVzGTQAFpFGm/AXdxfDRjGzCTx2pJKxOeEWBQOU8="}},"signature":{"type":"Buffer","data":"ylM/Xrsq1BIvJInK/ZbaCM0LKgVa21EbTOKbqSm5lvbUh9JnC8c0/y9VIs8dMdtJVvBJDKa5XQ+K54JcIidQDA=="},"keyId":1},"registrationId":199,"advSecretKey":"v09aAFokauCIGTjJsc8p1H0e2jx8vy3Qkv+ObxYJQhc=","processedHistoryMessages":[{"key":{"remoteJid":"94786596206@s.whatsapp.net","fromMe":true,"id":"77239DB302E1813A68D84E929F382714"},"messageTimestamp":1752304867},{"key":{"remoteJid":"94786596206@s.whatsapp.net","fromMe":true,"id":"165F46C37D349B5D45256024A485DE34"},"messageTimestamp":1752304885},{"key":{"remoteJid":"94786596206@s.whatsapp.net","fromMe":true,"id":"BF0D2B79D2FBD9441544D29338334DDF"},"messageTimestamp":1752305002},{"key":{"remoteJid":"94786596206@s.whatsapp.net","fromMe":true,"id":"AB8CE2B45E68AD14176C622F594862F9"},"messageTimestamp":1752305113},{"key":{"remoteJid":"94786596206@s.whatsapp.net","fromMe":true,"id":"0E886ADE6BF20057535B89D6830EEDF5"},"messageTimestamp":1752305250},{"key":{"remoteJid":"94786596206@s.whatsapp.net","fromMe":true,"id":"8078F29479221ADB30B973A9B185BA66"},"messageTimestamp":1752305544},{"key":{"remoteJid":"94786596206@s.whatsapp.net","fromMe":true,"id":"A3B04ECB6934C4548627143D774ECDF5"},"messageTimestamp":1752305686},{"key":{"remoteJid":"94786596206@s.whatsapp.net","fromMe":true,"id":"DD24BF94B73DF5F65346F91E9574C435"},"messageTimestamp":1752305877},{"key":{"remoteJid":"94786596206@s.whatsapp.net","fromMe":true,"id":"6D93C60E6A60018D00F9B64AD9CFDD2A"},"messageTimestamp":1752307721},{"key":{"remoteJid":"94786596206@s.whatsapp.net","fromMe":true,"id":"FE1E85B2A105686FD27AACCEB495EB5C"},"messageTimestamp":1752307999},{"key":{"remoteJid":"94786596206@s.whatsapp.net","fromMe":true,"id":"DC54909573239FA4303415CCF61CD7A1"},"messageTimestamp":1752308262},{"key":{"remoteJid":"94786596206@s.whatsapp.net","fromMe":true,"id":"6BBF33C99ED35B6ACA0E94552D4CCDBC"},"messageTimestamp":1752325418},{"key":{"remoteJid":"94786596206@s.whatsapp.net","fromMe":true,"id":"A4AA96AC5507639686214F2398FCA3FD"},"messageTimestamp":1752325684},{"key":{"remoteJid":"94786596206@s.whatsapp.net","fromMe":true,"id":"42D20A4E8CF8EF657D6901E12C5A5FCF"},"messageTimestamp":1752325684},{"key":{"remoteJid":"94786596206@s.whatsapp.net","fromMe":true,"id":"EE06586AE295FE019B8AA6313DC2F6A2"},"messageTimestamp":1752325773}],"nextPreKeyId":818,"firstUnuploadedPreKeyId":818,"accountSyncCounter":1,"accountSettings":{"unarchiveChats":true},"deviceId":"mQoJ_UX0TP6mdFvWVBqojA","phoneId":"b9cc7168-8c0b-46ae-90c2-922eccdffac7","identityId":{"type":"Buffer","data":"5RTnT9nVHejcvwEfj51LVqXYADc="},"registered":true,"backupToken":{"type":"Buffer","data":"u3OTCslph1cGZAmPFj4ERqJPuUw="},"registration":{},"pairingCode":"8QJXH29Q","me":{"id":"94786596206:7@s.whatsapp.net","name":"*丨几ᗪ凵山卂尺卂*","lid":"63012018847930:7@lid"},"account":{"details":"CNKokqQEEKWZyMMGGAQgACgA","accountSignatureKey":"tLFznA20GMjYnHW2MFEQo39O7ol8jsE8nGLulkML5hU=","accountSignature":"/1S1wH8gqN1d//gxzzCFUPHxqdb8eIzP4BP7lfXeyc/XDBnyolB/fxgYwWRPfWoB/Rk/BISYGTBoJkh9tK6QDw==","deviceSignature":"1JhdyeIjeoD2n4b/gRAw51sa2iOCdEjEW1zUFCqO+/8Ip4BandmZPNHFVxp45lHiVCKi2UA7qazsYExOCm/MDQ=="},"signalIdentities":[{"identifier":{"name":"94786596206:7@s.whatsapp.net","deviceId":0},"identifierKey":{"type":"Buffer","data":"BbSxc5wNtBjI2Jx1tjBREKN/Tu6JfI7BPJxi7pZDC+YV"}}],"platform":"smba","routingInfo":{"type":"Buffer","data":"CAMIEg=="},"lastAccountSyncTimestamp":1752378523,"lastPropHash":"2V77qU","myAppStateKeyId":"AAAAAMPW"}