{"noiseKey":{"private":{"type":"Buffer","data":"ANPX1gMSBrK9XCiGs5zoeqI4jZoPRF/s/vFTv+Mv43E="},"public":{"type":"Buffer","data":"ovj7TYCJELEszIzaxv7p2si6qxgbytcT/+2EgXQ+ZT0="}},"pairingEphemeralKeyPair":{"private":{"type":"Buffer","data":"OIchQyATTGWTcgy/30z8XxYkSj/FIDka1No72T85hnw="},"public":{"type":"Buffer","data":"fAyVWEzt19reJKOgAjF2mnK082Y4AenvZhOBx8CPLRs="}},"signedIdentityKey":{"private":{"type":"Buffer","data":"QD8e0JlebxTuoT13CHNZCxJ3jmfqrPIXN/HHWF1U9UQ="},"public":{"type":"Buffer","data":"TxRtGgNQhu5KIlnL6lDtfmsLrZAua0OCcxDTtcnnxxM="}},"signedPreKey":{"keyPair":{"private":{"type":"Buffer","data":"gHESv/YHM3N2a7tNKrZJCf6AEnBrsDbbptQsgwlPDno="},"public":{"type":"Buffer","data":"UnKDmaC0s1xwTX11i0DhcqNAAw3deuZ7J/oXpg1Lmy8="}},"signature":{"type":"Buffer","data":"iDvYIVj+20ssSIoUslBdi8BXKW09aHr8x9sM7cx538oDSLEfaEEHKQdwhNZndosudPfCAuqfTgNIzLwVJ119Aw=="},"keyId":1},"registrationId":111,"advSecretKey":"fOycsIJ2mIgzpXA1xgFAiKeCD/3AjMrIzEMSB0Wot2I=","processedHistoryMessages":[{"key":{"remoteJid":"94720336089@s.whatsapp.net","fromMe":true,"id":"6730CF3901E331C71726ADAE420D8457"},"messageTimestamp":1751961260},{"key":{"remoteJid":"94720336089@s.whatsapp.net","fromMe":true,"id":"D2D0361DC5FCC4478030C846396DC587"},"messageTimestamp":1751961272},{"key":{"remoteJid":"94720336089@s.whatsapp.net","fromMe":true,"id":"0BAFFA2B3A9188534CC354229E0781EF"},"messageTimestamp":1751961281},{"key":{"remoteJid":"94720336089@s.whatsapp.net","fromMe":true,"id":"6C286551C0F8C10BE9E74EA16B4DC65C"},"messageTimestamp":1751961290},{"key":{"remoteJid":"94720336089@s.whatsapp.net","fromMe":true,"id":"66BE146D8C49157F2232EA5CBCDB22C5"},"messageTimestamp":1751961292}],"nextPreKeyId":467,"firstUnuploadedPreKeyId":467,"accountSyncCounter":0,"accountSettings":{"unarchiveChats":false},"deviceId":"hX-s1Gi-RCmVz9KXPQ1DSA","phoneId":"81fd3c06-7e94-433c-b0b5-1a53a3025cfc","identityId":{"type":"Buffer","data":"Cs6xPz59SBDyDMvz6VyZxlSfbd4="},"registered":true,"backupToken":{"type":"Buffer","data":"zlGdmaYuMd9oqSmOcRGMTTOncpI="},"registration":{},"pairingCode":"HKB6F5MD","me":{"id":"94720336089:7@s.whatsapp.net","name":"ɪⴕ'ᴢ ᴍᴇ ᴠɪᴇᴡꜱ ; ᴋɪɴɢ ʏᴛ","lid":"175995478913118:7@lid"},"account":{"details":"CNX7moMFEJWds8MGGAQgACgA","accountSignatureKey":"WqDs7b/SlejxowDWrveWUCA8mSZHMAeBtRQqIkXiFH4=","accountSignature":"c9kR5NLdzio4XxHOcDuvA7LuvMWCxtHLNuHjUUqxO9BBao1BlAal6uX6QcQkvXEXnLHoEWNQdlZa89G1nzVwDg==","deviceSignature":"zWQw13qgRM9b1NAmUMgnBBuIcC8gMpzG3XKwgDzbdaahmOvfcXmwtwykqZj4cjpcSzxBLTbuGA+U4K101vsECA=="},"signalIdentities":[{"identifier":{"name":"94720336089:7@s.whatsapp.net","deviceId":0},"identifierKey":{"type":"Buffer","data":"BVqg7O2/0pXo8aMA1q73llAgPJkmRzAHgbUUKiJF4hR+"}}],"platform":"smba","routingInfo":{"type":"Buffer","data":"CAIIBQ=="},"lastAccountSyncTimestamp":1751961253,"lastPropHash":"2V77qU"}