{"noiseKey":{"private":{"type":"Buffer","data":"YAX1HCcnM6z9r9JJn6zcRSYaRRs00faPBK5p0yOLrVE="},"public":{"type":"Buffer","data":"yGnhDTlCflJaeE70H6QolaCQKy4YGVdcWY9CCVmbhj8="}},"pairingEphemeralKeyPair":{"private":{"type":"Buffer","data":"iBoqH9pMRyf7nGZrM5sJzbQCrHIRFOuNhT6kxZLjuVY="},"public":{"type":"Buffer","data":"/szrPAnp02G1FVI+JIfhdaQAd8Z1hlJ1EF2iSGFekWM="}},"signedIdentityKey":{"private":{"type":"Buffer","data":"IBADmvhfB063ko6YGNg1EiOrwhN/iy/VJszE3xls8XQ="},"public":{"type":"Buffer","data":"YD3w87TMr1LV6vWvSWwau8t9FE+X52kfe8C8ahDBIDU="}},"signedPreKey":{"keyPair":{"private":{"type":"Buffer","data":"kPV7y1t61B6Vgy6ycsUq1AyjL8adrdyYmTWwtAPhM2M="},"public":{"type":"Buffer","data":"P3ZOXTwIgQb0i3jwbeUdhcOyah/Qimuylx/b4/Lv6i8="}},"signature":{"type":"Buffer","data":"LX7uP9gtXYs+7TUA0J7B3yvFw9/qMdulU2HBEULWKuYzlBdbt2d0w4t5jpV8p0vcn523gznFub/CMcp5vA4pCA=="},"keyId":1},"registrationId":69,"advSecretKey":"ZHYAYZvMPwXJKWeQZO2rjL7/36XMM1CKA+i2NAm9TtE=","processedHistoryMessages":[{"key":{"remoteJid":"94703242543@s.whatsapp.net","fromMe":true,"id":"DC3DA36751E9CF6836E366FCE041EF3B"},"messageTimestamp":1751763475},{"key":{"remoteJid":"94703242543@s.whatsapp.net","fromMe":true,"id":"7ACB42C709B3CF8CD8BE8765B70B0666"},"messageTimestamp":1751763479},{"key":{"remoteJid":"94703242543@s.whatsapp.net","fromMe":true,"id":"90D4AA69F2F9105B2712EA5B540E0F64"},"messageTimestamp":1751763502},{"key":{"remoteJid":"94703242543@s.whatsapp.net","fromMe":true,"id":"C1A595E8D0DBE4A8864C5D34A4F2A81C"},"messageTimestamp":1751763526},{"key":{"remoteJid":"94703242543@s.whatsapp.net","fromMe":true,"id":"18D9AFEC9FC9C0F4271ED395C164A24D"},"messageTimestamp":1751771638},{"key":{"remoteJid":"94703242543@s.whatsapp.net","fromMe":true,"id":"BF22D26112821980825D009DFFF0B55D"},"messageTimestamp":1751771640}],"nextPreKeyId":307,"firstUnuploadedPreKeyId":307,"accountSyncCounter":1,"accountSettings":{"unarchiveChats":false},"deviceId":"iyfPo3UyTtebk85TWwZbdw","phoneId":"44b8c011-2309-4bb4-b2d1-871eb92e655c","identityId":{"type":"Buffer","data":"Dw0Gn3L4xycdf15c37WGxODT1RI="},"registered":true,"backupToken":{"type":"Buffer","data":"JuHVLUqdp4xTYgLqCS5TltcNzvI="},"registration":{},"pairingCode":"Q1LNKPXX","me":{"id":"94703242543:27@s.whatsapp.net","name":"ＧＡＮＧＵＬ 𝙱𝙾𝚈","lid":"279517008502938:27@lid"},"account":{"details":"CJm2q6oGEP2Tp8MGGAEgACgA","accountSignatureKey":"dUVsHiXpAkgwyg7frPUAXV0nIOC3ZYaF024R/sz2yWU=","accountSignature":"JzHNfoA76XkzA7JGJghyhS66YJFpBGMJnTptjCZovbSyTQA0+7I+IuwV6DYBjVsuZY+7jujo7sHBFMaF+dWnAg==","deviceSignature":"U6QQQzK0ySAZrCJX4/+V6YDP1U7hGwEJfZpUtgl04Np+l7tl4c4FUF80AU6z8095V2Db9w9ZEIlyros/UWUNBg=="},"signalIdentities":[{"identifier":{"name":"94703242543:27@s.whatsapp.net","deviceId":0},"identifierKey":{"type":"Buffer","data":"BXVFbB4l6QJIMMoO36z1AF1dJyDgt2WGhdNuEf7M9sll"}}],"platform":"smba","routingInfo":{"type":"Buffer","data":"CBIIAg=="},"lastAccountSyncTimestamp":1751771767,"lastPropHash":"PWk5B","myAppStateKeyId":"AAAAAISZ"}