{"noiseKey":{"private":{"type":"Buffer","data":"qL9+Lrbx0WHvi2dGe7tUzuZic+a5eM/5U0/hRU7qKkY="},"public":{"type":"Buffer","data":"YKSBanvcqmhD8C+cuLQIPplQIwQs5+N9U255NynZU2s="}},"pairingEphemeralKeyPair":{"private":{"type":"Buffer","data":"cKsH+Tfu/cJfYyeGES1OpyjfuVf0XrF/QoyARUmqwkU="},"public":{"type":"Buffer","data":"WqljxgWBwdqwJRk2tI5TWAIsUaKGvUEfL/ABTi+lnBE="}},"signedIdentityKey":{"private":{"type":"Buffer","data":"wMJASYZsiovzR+etI/z34rc/nTmrMpxmGaS4ri4Bdl8="},"public":{"type":"Buffer","data":"f0p/5ryEI7S7SYCw01yIou49grt1UC+0Wdr++iJjTR0="}},"signedPreKey":{"keyPair":{"private":{"type":"Buffer","data":"wL+n5TdC5DfGEh56LO8UcIfpOOnDP8i1o4qWw+rcVFA="},"public":{"type":"Buffer","data":"IiP8SOsGE9cAvMDhxglZzxHn24gIDTdPaM9GioVK3FA="}},"signature":{"type":"Buffer","data":"iOffhfbtLsahs4RsuMbObFnyjE2wrGZmbEySiYd4wt0qIKXHvVSVqLN2Ep3H8OAEXVQkJhOR8IWwCt9DWwWQCA=="},"keyId":1},"registrationId":102,"advSecretKey":"inczM9G0botv+Bu8lMKKFrmZhiNyeTmohovciFN8Hp4=","processedHistoryMessages":[{"key":{"remoteJid":"94726109770@s.whatsapp.net","fromMe":true,"id":"9E60BDF6BE105BC665EA0CD468DF7FB4"},"messageTimestamp":1751731259},{"key":{"remoteJid":"94726109770@s.whatsapp.net","fromMe":true,"id":"D25C74251D5E3C9575EDFFEE7C7877F9"},"messageTimestamp":1751731259}],"nextPreKeyId":31,"firstUnuploadedPreKeyId":31,"accountSyncCounter":1,"accountSettings":{"unarchiveChats":false},"deviceId":"LlTwrC5zSOyvTsDV_yge1A","phoneId":"dfbac598-35a7-419f-a1d9-a81ebaeac7ff","identityId":{"type":"Buffer","data":"hjuIAvkd04hgvtZttp7GgpdWyw4="},"registered":true,"backupToken":{"type":"Buffer","data":"BzdP9U++GRi6qKFXdOq3Mir4AcE="},"registration":{},"pairingCode":"7P23GXSN","me":{"id":"94726109770:40@s.whatsapp.net","lid":"220624517636278:40@lid","name":"𓆩ᴛʜɪꜱʜᴀɴ ʙᴏʏ𓆪🅥(Bot)"},"account":{"details":"CKmTr9cHEKmYpcMGGAIgACgA","accountSignatureKey":"Fbut1wJ0DI4vJYmQTTItWgsJTqx1uUynplnjh3IZfGI=","accountSignature":"PMbDblQJhu5sIU+sVGMcKVXjH69Mp4Tj+S6tdBkxx5SUr85rJmN0NzqcA1cs/N0FxizCbBLGmfRHKWuDPAJBDg==","deviceSignature":"JlzEW+v0CyA3KXIlKSVFVRsHx6TYq1xlkbt+D4Li2/IMcON8HJ+5PdrDw6zd99rpgWQmDTbGzmTsPsFOMT6fCA=="},"signalIdentities":[{"identifier":{"name":"94726109770:40@s.whatsapp.net","deviceId":0},"identifierKey":{"type":"Buffer","data":"BRW7rdcCdAyOLyWJkE0yLVoLCU6sdblMp6ZZ44dyGXxi"}}],"platform":"android","routingInfo":{"type":"Buffer","data":"CAUICA=="},"lastAccountSyncTimestamp":1751731254,"lastPropHash":"1K4hH4","myAppStateKeyId":"AAAAAOVw"}