{"noiseKey":{"private":{"type":"Buffer","data":"IJDHfkZXbhWt7VK92QH6xEC85kSPInNtIAjOmRzcrUc="},"public":{"type":"Buffer","data":"4/H/wJkMGjDxv59Tv5doXfySZDS2xoPLDFV7Z/xJDF0="}},"pairingEphemeralKeyPair":{"private":{"type":"Buffer","data":"gDhiDCTzZBjJBMw8oeUo1iAScsACd0kVhdBTOT+V80I="},"public":{"type":"Buffer","data":"TfNxynMTcgOJAgCG4atYHSjNjMlBhrT4Ip1ETASNChw="}},"signedIdentityKey":{"private":{"type":"Buffer","data":"CJdXoKNCKKiwb3k3t29iOdDj38iytgAVVB9JjjjMRl4="},"public":{"type":"Buffer","data":"jS0dpCIu/K9xZhajsfw5nBUawMzfC6PyanILt3SAT1Q="}},"signedPreKey":{"keyPair":{"private":{"type":"Buffer","data":"qOQr5pkLyQM0xT7fym6cZDUu8/0KjZD3S6McT+dMgUM="},"public":{"type":"Buffer","data":"wvUxo9i5bp9lMkAxdXDPpgMbpCbUh0GGNt+15PhPHxU="}},"signature":{"type":"Buffer","data":"NWyCUPpXaq/G9mRuaHPXnT61xebdJkAMvq65W0wvrezlvkH9JRFuYfR9pu6tCecOj+lSo4T7wpfLv/NBauJGCQ=="},"keyId":1},"registrationId":99,"advSecretKey":"lDbYyWyun/5Wtdc8ufg4koUt5yPn7btMECgnn094V3M=","processedHistoryMessages":[{"key":{"remoteJid":"94766092463@s.whatsapp.net","fromMe":true,"id":"1F1CFED1FD1BC33306A26212E315B775"},"messageTimestamp":1751776066},{"key":{"remoteJid":"94766092463@s.whatsapp.net","fromMe":true,"id":"1EC313803158E91F44929850191E5408"},"messageTimestamp":1751776106}],"nextPreKeyId":31,"firstUnuploadedPreKeyId":31,"accountSyncCounter":1,"accountSettings":{"unarchiveChats":false},"deviceId":"9ODzq6rQQP-c1toyUGYW9Q","phoneId":"21d5a565-edf3-418a-a168-8ad72d93d9bd","identityId":{"type":"Buffer","data":"WoNsEeXAPDt3JNvtCtknkY9X15s="},"registered":true,"backupToken":{"type":"Buffer","data":"iPR+mzQs2Vjq4zFBHqJyS8qhdsA="},"registration":{},"pairingCode":"3P2MMYW9","me":{"id":"94766092463:6@s.whatsapp.net","lid":"84937826914349:6@lid","name":"ɪɴᴄㅤＵᴠɪㅤᥫ᭡"},"account":{"details":"CM3n44QBELH2p8MGGAEgACgA","accountSignatureKey":"z0KGMKOs7KR1v+GtFcRcKoX99t7OUreHEWJwRLNGPUM=","accountSignature":"VAM+/qdA2Xserzy8xAnMaaZANw8xjvBQYenq5kPnUUAm+BTFzeZRpyNqrywVyKyFZlQdJGPdEJ1/KVbddM5EDg==","deviceSignature":"V7hQkzKDkDyEpt4vs920mjQzRZA/fzwnuhbL+OZRwHlItrn08UzqQz/t5eLgNIzcMU1iPekusoWNfZ1DJYoOBA=="},"signalIdentities":[{"identifier":{"name":"94766092463:6@s.whatsapp.net","deviceId":0},"identifierKey":{"type":"Buffer","data":"Bc9ChjCjrOykdb/hrRXEXCqF/fbezlK3hxFicESzRj1D"}}],"platform":"android","routingInfo":{"type":"Buffer","data":"CAIIBQ=="},"lastAccountSyncTimestamp":1751776085,"lastPropHash":"3R9Z39","myAppStateKeyId":"AAAAADfU"}