{"noiseKey":{"private":{"type":"Buffer","data":"uP3dmQFp/eJRHfozanor6RsUwpYeFF1kPPya4FseznU="},"public":{"type":"Buffer","data":"jlM0QCtnTj3L+tI2c0yABzeEy1mN6lt5KvvB8Y7utwE="}},"pairingEphemeralKeyPair":{"private":{"type":"Buffer","data":"ePd5aAZUGdGakpcsRQ6Tktx72sgzhZrR00yeBpswI0I="},"public":{"type":"Buffer","data":"/x0BECOHrh3B9Pm/JwlT7S9Yy8HOTxwLY+5xwEZVewU="}},"signedIdentityKey":{"private":{"type":"Buffer","data":"aDeGCh+trhTrJFNvHu7WXX5smjfTRjE+CM4JkQXOlHg="},"public":{"type":"Buffer","data":"MGVbtIwsca6boicUB4jI1njSawkvxoMFAEGohYksZW0="}},"signedPreKey":{"keyPair":{"private":{"type":"Buffer","data":"+EKO72CSyV4rcOaOK6RMRblsGj7N9sVaTuuST9Nqd3c="},"public":{"type":"Buffer","data":"TfjmaEbThXsQpDB/UOoPP8YNYWcWcCJ3fDp7HV5keWk="}},"signature":{"type":"Buffer","data":"y+vDTQpyI3Fg5SD3BN/vnvq/qr9E/poPsEAI15270jybxetTJVoBIPjF+bLtoyak8Nw/TA76Gz+nLglTBsVhDA=="},"keyId":1},"registrationId":70,"advSecretKey":"4mCuHgsJHFy8zhW0pnZci8mmAPK3K6kjxv3Zn3huZQg=","processedHistoryMessages":[],"nextPreKeyId":1,"firstUnuploadedPreKeyId":1,"accountSyncCounter":0,"accountSettings":{"unarchiveChats":false},"deviceId":"kABp_qsLRcaoChu2qr-vbw","phoneId":"51034492-0d72-4a1c-9775-15050062846d","identityId":{"type":"Buffer","data":"1XjwGays/1zqcGyFl0sNdfHV4XE="},"registered":true,"backupToken":{"type":"Buffer","data":"4V01cEV9j0acYXjwCRPSjf5gNLs="},"registration":{},"pairingCode":"8DDV7YLP","me":{"id":"94740140564@s.whatsapp.net","name":"~"}}