{"noiseKey":{"private":{"type":"Buffer","data":"8HjttDMq+UYK35dgIV4jb89gtk0Hps/fxcQdsZz7DV8="},"public":{"type":"Buffer","data":"IY3lI0XekMIv/amd6ZhzpnvlNlxBTNdF1+70vpN4QC8="}},"pairingEphemeralKeyPair":{"private":{"type":"Buffer","data":"+ALHgkkrngvywWr18esw9HKdoqDYjkzQfKFSe5K66ns="},"public":{"type":"Buffer","data":"fi5kZ+iTntr9nM9u+53J1TMU6xGqvt96Z0EfBB+K5yY="}},"signedIdentityKey":{"private":{"type":"Buffer","data":"4M9M2Z99wVQneaWLa15GXLPDbA2RJ7hSu1aaHiL63mg="},"public":{"type":"Buffer","data":"p2j27nV3tCqNKZV2wFG7xdJrnD81n2J7edgfO+DulgQ="}},"signedPreKey":{"keyPair":{"private":{"type":"Buffer","data":"cGTGBkfr6tirzPs6eMOoNZoc5vG7sRPsnNUE/2sSwWU="},"public":{"type":"Buffer","data":"LjKaXnTSQGHBbhf/U1bgV2jpXnnCbPz/midPfF4FBkU="}},"signature":{"type":"Buffer","data":"yFJmHbShut/ozkf6UA6ut6CJYOOr8wMYGYg9NATtcJo3USdVV3NTVoyop5ceRNpl5erx9MC0oIRWUL5iMQ1KCw=="},"keyId":1},"registrationId":110,"advSecretKey":"6EzmETqyBDHTGiTE1QLRy6o0oEAVqnyGfoqRLZrCFU0=","processedHistoryMessages":[{"key":{"remoteJid":"94740036841@s.whatsapp.net","fromMe":true,"id":"D8D90526A8D2A94A064328986064CB0D"},"messageTimestamp":1752341101},{"key":{"remoteJid":"94740036841@s.whatsapp.net","fromMe":true,"id":"AE4845308C77FB3FDF53A0576B14385F"},"messageTimestamp":1752341116},{"key":{"remoteJid":"94740036841@s.whatsapp.net","fromMe":true,"id":"E430234DE46FC8F011BC213542F18785"},"messageTimestamp":1752341154},{"key":{"remoteJid":"94740036841@s.whatsapp.net","fromMe":true,"id":"83A1E8179C9DF0AD1BD701D2B5B65A46"},"messageTimestamp":1752341198},{"key":{"remoteJid":"94740036841@s.whatsapp.net","fromMe":true,"id":"CE32688F03FCED86B2C09F84EFC26BFF"},"messageTimestamp":1752341268},{"key":{"remoteJid":"94740036841@s.whatsapp.net","fromMe":true,"id":"E1D60480C86AC05C5D9C25F7F3ADB0B9"},"messageTimestamp":1752341323},{"key":{"remoteJid":"94740036841@s.whatsapp.net","fromMe":true,"id":"30B0C84AE40CB4441065A73BC4C4447B"},"messageTimestamp":1752341338},{"key":{"remoteJid":"94740036841@s.whatsapp.net","fromMe":true,"id":"508D8B4583405FFCBCC482A5F244DA81"},"messageTimestamp":1752341347},{"key":{"remoteJid":"94740036841@s.whatsapp.net","fromMe":true,"id":"7F1E19FCC3FEDE21B833F6D9B791E38E"},"messageTimestamp":1752341373},{"key":{"remoteJid":"94740036841@s.whatsapp.net","fromMe":true,"id":"1E30684DEDB37E610D46B93785C9CB37"},"messageTimestamp":1752341377}],"nextPreKeyId":31,"firstUnuploadedPreKeyId":31,"accountSyncCounter":1,"accountSettings":{"unarchiveChats":false},"deviceId":"-UmxorNTRmShfVcxMCZucw","phoneId":"ccffe53c-94bc-41e5-a727-c8e9188b1dcd","identityId":{"type":"Buffer","data":"clE7HLsqXYOsaE2ULA3xPF4AGpA="},"registered":true,"backupToken":{"type":"Buffer","data":"/uc29ETLRsqJdvvVOn5BV7TDNm4="},"registration":{},"pairingCode":"8NEF6BD5","me":{"id":"94740036841:23@s.whatsapp.net","lid":"23012770365666:23@lid","name":"Wajira Kanthi"},"account":{"details":"COXhjNEEENi0ysMGGAEgACgA","accountSignatureKey":"Sk0NwCHWqrslUV+4cahcL0iwGCZ4LtJnLjTMn47mbBw=","accountSignature":"+FyrSccNGE0GnUmXt9U5sWO+MQ5f7T03Dr6H9rJy9m/gg6s6dLBTxM+5BjMH/gR+vaRTjsgOqAis7nhU4XGPCQ==","deviceSignature":"PNhYL9K/h+QapIHsDZGMlmdT9KUj4sLjQLd0vHURVAAGjULxT8UmHPtZkV2gbmgpt+OIQkS0FTZPBVVTAr5/Cw=="},"signalIdentities":[{"identifier":{"name":"94740036841:23@s.whatsapp.net","deviceId":0},"identifierKey":{"type":"Buffer","data":"BUpNDcAh1qq7JVFfuHGoXC9IsBgmeC7SZy40zJ+O5mwc"}}],"platform":"android","routingInfo":{"type":"Buffer","data":"CAsIDQ=="},"lastAccountSyncTimestamp":1752341094,"lastPropHash":"1K4hH4","myAppStateKeyId":"AAAAAIvS"}