{"noiseKey":{"private":{"type":"Buffer","data":"eDLDeQOlUXf3wYNwQquDFKbdAtN/ThlqhCycG7lle0I="},"public":{"type":"Buffer","data":"RmI8iXC9chwbJZBDW/4Q8aks4QUBDraRzQF4D4IPrWE="}},"pairingEphemeralKeyPair":{"private":{"type":"Buffer","data":"MFt0Mk40Fd0RGW+oALHfO8ARsOb/u5GisJtuAPkqOHQ="},"public":{"type":"Buffer","data":"9r/dRakz3zptzkPoKaxHAQsTCZW3QGXkaLsy4fFAkkc="}},"signedIdentityKey":{"private":{"type":"Buffer","data":"GDkiCztyjTsurPtGC2zzMyfU/4SxVf4aLdqOnvVgz18="},"public":{"type":"Buffer","data":"xRPX8WyzJrcoQSfXpm5DZqZTEiXlL7qT2J5fJYpqBws="}},"signedPreKey":{"keyPair":{"private":{"type":"Buffer","data":"YKLlIW+PM+wg0HLRCwoBUMT/RTEKzYcvCEWd8eb8lVA="},"public":{"type":"Buffer","data":"32CP9kxtmdEhBicBO56dqN64fsVuuTR912zljwnyzFg="}},"signature":{"type":"Buffer","data":"rbzWm1iR6FevGDBzbjS8WXhBXb+TIj9HOI52Eo6s9yQwaLRsU18l6xKarTyCiEcN+t2uu90u+VT9kVjfhvMAAg=="},"keyId":1},"registrationId":26,"advSecretKey":"wIIerpK4aZ10568SLASV221gKrORb2+hoLdgHIWqGR4=","processedHistoryMessages":[{"key":{"remoteJid":"94754103244@s.whatsapp.net","fromMe":true,"id":"AF820C6A6719BB7153E318BCAA5666FE"},"messageTimestamp":1752343614},{"key":{"remoteJid":"94754103244@s.whatsapp.net","fromMe":true,"id":"99C4C07378C1F6AA850F155FFDA21192"},"messageTimestamp":1752343614},{"key":{"remoteJid":"94754103244@s.whatsapp.net","fromMe":true,"id":"50906D2FCC9BAEB99D37373E616D4783"},"messageTimestamp":1752343630},{"key":{"remoteJid":"94754103244@s.whatsapp.net","fromMe":true,"id":"2B1049BEF7E28FA26540CE173241AEA0"},"messageTimestamp":1752343631}],"nextPreKeyId":119,"firstUnuploadedPreKeyId":119,"accountSyncCounter":1,"accountSettings":{"unarchiveChats":false},"deviceId":"RgEf5ZcgQgSB3npw7jZejg","phoneId":"29c0db38-c378-4f73-8519-8726220edcf8","identityId":{"type":"Buffer","data":"0+esYagjOx1MWYoB8j37x1cC0Vc="},"registered":true,"backupToken":{"type":"Buffer","data":"t0do48nDnDoyq03pmibC7Ti8Bmo="},"registration":{},"pairingCode":"SAYVECHP","me":{"id":"94754103244:2@s.whatsapp.net","lid":"244938377842832:2@lid","name":"ᬊ𝐊̲̅ᵃˡᵃ̲ʷ̠ᵉ̲̅̐ᬊ(ʟᴜᴄᴀ xᴅ)"},"account":{"details":"CL+G6ugDEKzIysMGGAEgACgA","accountSignatureKey":"9GYJbi0ZYq9zDmopV1oL/m3m5h4j1j+ICbxkhvuY3nU=","accountSignature":"LztSI+y055gEvbaKUc/3wgofM8EVmPiHt23o0H4qtxRyEXwsZCm3nJde5810TpdwzzDiwsldg48/HprdlOosCg==","deviceSignature":"j44TU3Z40m3Hh8s0p8RNrylkqtQnYH+yPKrb6T5dWh7hAF6L4cOiW2DDygbKtF1oQm3L7IN+xbVYQj3o995VBg=="},"signalIdentities":[{"identifier":{"name":"94754103244:2@s.whatsapp.net","deviceId":0},"identifierKey":{"type":"Buffer","data":"BfRmCW4tGWKvcw5qKVdaC/5t5uYeI9Y/iAm8ZIb7mN51"}}],"platform":"android","routingInfo":{"type":"Buffer","data":"CAsIBQ=="},"lastAccountSyncTimestamp":1752350578,"lastPropHash":"3R9Z39","myAppStateKeyId":"AAAAAHGn"}