{"noiseKey":{"private":{"type":"Buffer","data":"CLAR9Hw3YaNFVIlASExOJXnPStTR/tPJRyn5ZZVyTVQ="},"public":{"type":"Buffer","data":"DEOQaXFytIZFe63nV+7hciWzZWLsVTUPGz5jKwy9NDk="}},"pairingEphemeralKeyPair":{"private":{"type":"Buffer","data":"MFKeoDIn56K0RKtm3HrH2tIkKFSQnfPqBSe24YWKjWM="},"public":{"type":"Buffer","data":"msqEsfk2tXmWteg6Q6rCt9YtdHudNUZAT0AF5WH7Vn8="}},"signedIdentityKey":{"private":{"type":"Buffer","data":"2EiCruOEPHtwYrqalEzjzmJFfxpu+ueejnLN67Rhs24="},"public":{"type":"Buffer","data":"RHPLaNL+PiCo7suxeaXyGMdIC8jE+hrQgkxqFXhkvVw="}},"signedPreKey":{"keyPair":{"private":{"type":"Buffer","data":"eNRcqNHcDfOFamI35cps/HpdkXWrbmvVSuvt+w6L1mg="},"public":{"type":"Buffer","data":"qiGMTIb03CCZAhnAuFxoFcJ6Y2709wtDHiUs5bGNmx8="}},"signature":{"type":"Buffer","data":"QPiPjB43exHbx+8/juXyXqZL/yShPBUo+qHI1reAbqwvmvycx61tZ14uYFLLS070/GUqJPLRFcLB/0BlJOdtDw=="},"keyId":1},"registrationId":135,"advSecretKey":"Jb7xcvRxbSl+G/IvGm206PzAvgs+t5AI8+/v9v37GxE=","processedHistoryMessages":[{"key":{"remoteJid":"94753329583@s.whatsapp.net","fromMe":true,"id":"7278ED3D3E69C52ED6FE19B1FB34066E"},"messageTimestamp":1752298840},{"key":{"remoteJid":"94753329583@s.whatsapp.net","fromMe":true,"id":"C5AE695D011D82AF3B9EF10EE6C03B96"},"messageTimestamp":1752298855}],"nextPreKeyId":33,"firstUnuploadedPreKeyId":33,"accountSyncCounter":1,"accountSettings":{"unarchiveChats":false},"deviceId":"au2KM-M3QyS0ijyMlza0Bw","phoneId":"c22982a5-9722-4778-a20c-f06a7423a268","identityId":{"type":"Buffer","data":"HBrvA5QmIkZRmY7cum5T6XbbLxs="},"registered":true,"backupToken":{"type":"Buffer","data":"S3Q4ZQnMC22jpZyO+ZBlcqXk5O0="},"registration":{},"pairingCode":"SW1TVPKQ","me":{"id":"94753329583:1@s.whatsapp.net","lid":"240565916540932:1@lid","name":"𝙱𝙻𝙰𝙲𝙺 𝙿𝙰𝙽𝚃𝙷𝙴𝚁 ❤️"},"account":{"details":"CPrf/ocEELvqx8MGGAEgACgA","accountSignatureKey":"GkesL2K4zQmWOBzhSsNe8CoHBTrcvH8YzRJ/1TmYpxU=","accountSignature":"nU7i7D6XnqA0u/tF3JWhI9gU2ozQb1MDXCQlrD0ny3+DjOJ/hALOtdPRz51uNwoef5PwQO87eXQIl4vxrd0KBw==","deviceSignature":"nY5yYEKw0dH4w93GWWy1HBIFXAOIBhvRgyXzlETofXH1cbEVrYk8ZyTV/Dfu4t6pEYPEVHy2Aw4nOjkl3Jl+AA=="},"signalIdentities":[{"identifier":{"name":"94753329583:1@s.whatsapp.net","deviceId":0},"identifierKey":{"type":"Buffer","data":"BRpHrC9iuM0Jljgc4UrDXvAqBwU63Lx/GM0Sf9U5mKcV"}}],"platform":"android","routingInfo":{"type":"Buffer","data":"CA0IEg=="},"lastAccountSyncTimestamp":1752298824,"lastPropHash":"2V77qU","myAppStateKeyId":"AAAAAAlv"}