{"noiseKey":{"private":{"type":"Buffer","data":"EANdhdKoJW1cn1808MFq+lyZIQrYxprPPVeqrVhPJGQ="},"public":{"type":"Buffer","data":"RiBdEEyNDMkEB0N0xgCcO5oJikLf6DNf/ooP0E5v834="}},"pairingEphemeralKeyPair":{"private":{"type":"Buffer","data":"INrkSt4OYA03NKe0sy1811+MuJDF/YP6Lc37HPfa9Vo="},"public":{"type":"Buffer","data":"TlN/urosLH+QNraTI3bJwwI4nNyqQjc27+s6JDJYaS8="}},"signedIdentityKey":{"private":{"type":"Buffer","data":"yHe8s9HU4J66OSGkuS2Q5jToAuMSZQG/dPTxokG0c2Y="},"public":{"type":"Buffer","data":"1klBoqrAX46dJCfhW/Z2l9Xz25vSdwq+d19UGAu2zSY="}},"signedPreKey":{"keyPair":{"private":{"type":"Buffer","data":"QPlZqX6aQa42v1w1/Ne6t3zjghweQecjxjVLqphTpkA="},"public":{"type":"Buffer","data":"pGyC9qY3SstoLKKoNYmI3N9tyTm/mhg61nIxJZdvYis="}},"signature":{"type":"Buffer","data":"H8wPE4z6mYEG5W5Op/ZIfnRCsbREXt9Xujkm8bdpR7KFavCxFpbI538Lb8hZplS0+j4O3bQ2f0bRAMuk1qLbDA=="},"keyId":1},"registrationId":245,"advSecretKey":"p/wrzViskX5RmQqoHgzgw/YFB4izotEKvYT7IyhiZ3s=","processedHistoryMessages":[{"key":{"remoteJid":"201127958871@s.whatsapp.net","fromMe":true,"id":"95D8967419CF72CC7D900B620CE3C11D"},"messageTimestamp":1752060775},{"key":{"remoteJid":"201127958871@s.whatsapp.net","fromMe":true,"id":"97288FA782D449ADF914F486C657DC3A"},"messageTimestamp":1752060775}],"nextPreKeyId":61,"firstUnuploadedPreKeyId":61,"accountSyncCounter":1,"accountSettings":{"unarchiveChats":false},"deviceId":"o1Gps4p8Thyvt2lZW6rpqA","phoneId":"cc09d5cd-fc37-42ea-b73e-20f08f73fb51","identityId":{"type":"Buffer","data":"p8CGRCdyI4J71fSG0FuBgwh11nM="},"registered":true,"backupToken":{"type":"Buffer","data":"kTHeaYTqr7UV5wcXagyHwqzr15Q="},"registration":{},"pairingCode":"BXEPZV8L","me":{"id":"201127958871:15@s.whatsapp.net","lid":"123244707340534:15@lid","name":"🫗🍻3MK🔒🍻"},"account":{"details":"CO2ulqkHENSmucMGGAUgACgA","accountSignatureKey":"PUHvPBxwY1bK3iUR595KmHhYAb6NOhInY9wwAxSfS2o=","accountSignature":"lX6QskAodkk2A+h2KrB8elJgmElKzhknTtIlbF63664dFBdlhubIGtgA4zOTVr2wCw9kxZmdnhSwKCUFkN8UBQ==","deviceSignature":"VHm3HoY6LgW2WxuvpANeAeWe0eHB6oo/OQPwJnTBsbEkE+pTwVV68pfdRvSQkkahyI2QOczxX738lHU6yDFQAw=="},"signalIdentities":[{"identifier":{"name":"201127958871:15@s.whatsapp.net","deviceId":0},"identifierKey":{"type":"Buffer","data":"BT1B7zwccGNWyt4lEefeSph4WAG+jToSJ2PcMAMUn0tq"}}],"platform":"android","routingInfo":{"type":"Buffer","data":"CAIIBQ=="},"lastAccountSyncTimestamp":1752060770,"lastPropHash":"2V77qU","myAppStateKeyId":"AAAAABHx"}