{"noiseKey":{"private":{"type":"Buffer","data":"eC2h/QXWKheHMawE4/LsbMBUkSrcB/GfNGb9YhdkGHA="},"public":{"type":"Buffer","data":"AqRLqxjVAi1oaACW+9lqW3v3ws+tQe1lLotqdr7D6yY="}},"pairingEphemeralKeyPair":{"private":{"type":"Buffer","data":"wBClVv14L78YclneK5m7mG5E0Ewngo9qWgNmYrFc/0U="},"public":{"type":"Buffer","data":"1ifX82h7oHJcsCK7kC75jt9aHEaanogtXRk83qEvd2o="}},"signedIdentityKey":{"private":{"type":"Buffer","data":"qMOy0yKUfZFYhbagsTvKu2Om4WeSM4tUpY4LDKSqR08="},"public":{"type":"Buffer","data":"t8x+V2R4g10aNNthkY2IaPxxTPSca2dCV65SN4GFOGo="}},"signedPreKey":{"keyPair":{"private":{"type":"Buffer","data":"8Ld1dTzEbHuOGrNyktppfWhfQ7n1ygCI4QDADzJF2Xw="},"public":{"type":"Buffer","data":"YpIIWQc5i0XUNBegaSxdjEmiDUzkyWWe/g7LjJjpWDk="}},"signature":{"type":"Buffer","data":"qTZlshYz1T9XyBOJy05cGTgdCL7sl5qg/TJ6STZsuHes6fcAgmfXdPUlAglpiokx46pScwpx7UMWi+lTKNW9iA=="},"keyId":1},"registrationId":242,"advSecretKey":"Pwg9mxEtZlNqwayinXYNV+ayJYxJF4id18+zrf41MOc=","processedHistoryMessages":[{"key":{"remoteJid":"94763687024@s.whatsapp.net","fromMe":true,"id":"3F2D47029F389E2BB9A3B466C97B6AAE"},"messageTimestamp":1752336051},{"key":{"remoteJid":"94763687024@s.whatsapp.net","fromMe":true,"id":"3C92FCBD0E71524830E3BBCCD699265C"},"messageTimestamp":1752336060},{"key":{"remoteJid":"94763687024@s.whatsapp.net","fromMe":true,"id":"BF2BBF0D27C6C11A56ED05547341B7B6"},"messageTimestamp":1752336063}],"nextPreKeyId":182,"firstUnuploadedPreKeyId":182,"accountSyncCounter":1,"accountSettings":{"unarchiveChats":false},"deviceId":"1xE5XbArTUiDdgE1tnVE5A","phoneId":"470db6f1-7f13-4460-9106-b4a1b46aa908","identityId":{"type":"Buffer","data":"3ikXv0dZ+iHT6SxfXBX3TJKT+W0="},"registered":true,"backupToken":{"type":"Buffer","data":"VdqHiCgzltfOO2WSTu15Dk3f5lg="},"registration":{},"pairingCode":"KSKVWP2C","me":{"id":"94763687024:22@s.whatsapp.net","lid":"192608378826936:22@lid","name":"NO Name"},"account":{"details":"CKnu9a0BEKONysMGGAEgACgA","accountSignatureKey":"vKuajKAPfY387tmJtx6Jq6lgtbX8x+W0sjko/S6Y1V0=","accountSignature":"WukWGci/GB3Nyveq7zareLCD4dpdamN6Sg5tzPAhnz6W26dgUbbdUSDf/3QaBBn0Cg6S7bcgTODloqVdqLWqBg==","deviceSignature":"9n9+XHqrfLod9BKi2nOEDT31PjhiSl+FmHomJLgJOD/rAu2ekOUPXZCDjN/yIa4boErLesuqBRjtm0vgIqdqgg=="},"signalIdentities":[{"identifier":{"name":"94763687024:22@s.whatsapp.net","deviceId":0},"identifierKey":{"type":"Buffer","data":"BbyrmoygD32N/O7ZibceiaupYLW1/MfltLI5KP0umNVd"}}],"platform":"android","routingInfo":{"type":"Buffer","data":"CAkIAw=="},"lastAccountSyncTimestamp":1752343173,"lastPropHash":"PWk5B","myAppStateKeyId":"AAAAAEVb"}