{"noiseKey":{"private":{"type":"Buffer","data":"EGlCrdGZFlZaPkxtIQibkrNz7gsXYXhFROnch/dumEI="},"public":{"type":"Buffer","data":"tzoe7Ywi9S3tsTl90SHv9rLJgLutAHGROiNseX7CMDI="}},"pairingEphemeralKeyPair":{"private":{"type":"Buffer","data":"uGJwrcZXI1N0mWzcVgx/0NmunwrzUaaqUTDuaAcIAUs="},"public":{"type":"Buffer","data":"RSIOP5zptov2ueCncwj1tqeAxCUTuUiVCkCEGf8QWA8="}},"signedIdentityKey":{"private":{"type":"Buffer","data":"GKeVUUuY48inYP8nb7yzKt6+j4MQxsNN072XHcWwe2M="},"public":{"type":"Buffer","data":"zGwH8XleaGTjylNLSotGHq2JovS3YX62KT+bjzoTkl4="}},"signedPreKey":{"keyPair":{"private":{"type":"Buffer","data":"qDk+PHGdUVNxvH2gA+kgDVwWdx0Hw1+9YUnkYqVLJGg="},"public":{"type":"Buffer","data":"8SY6WvGhQMN7tspHGuTMhR0tSnTID364ftmG2XNn6Tc="}},"signature":{"type":"Buffer","data":"yyWkas5ns3s0LXWy7ac+TZ9xW6GeQZmrABTA4n0SUxKFX9I4JfG59jygv3cXfO7AXa3R0r+pLFrjPkaOVSY1gg=="},"keyId":1},"registrationId":131,"advSecretKey":"ybgkKF4Ywh+FlQ1qbtaP+awv/31Aalx8ArBaV0PUNFs=","processedHistoryMessages":[{"key":{"remoteJid":"94722279718@s.whatsapp.net","fromMe":true,"id":"18894FFF1A7FFD03B713745D600107A5"},"messageTimestamp":1752377005},{"key":{"remoteJid":"94722279718@s.whatsapp.net","fromMe":true,"id":"17B7C4BF460A252ACAA5B94BC5E0338B"},"messageTimestamp":1752377024},{"key":{"remoteJid":"94722279718@s.whatsapp.net","fromMe":true,"id":"1F4C4FD2B28669C212FFDE262AD20726"},"messageTimestamp":1752377112},{"key":{"remoteJid":"94722279718@s.whatsapp.net","fromMe":true,"id":"D31224FC58191B5FA399FC7F26569C6D"},"messageTimestamp":1752377191},{"key":{"remoteJid":"94722279718@s.whatsapp.net","fromMe":true,"id":"19FF56C3246D85B2E4BC12E9FA9B9878"},"messageTimestamp":1752377306}],"nextPreKeyId":32,"firstUnuploadedPreKeyId":32,"accountSyncCounter":1,"accountSettings":{"unarchiveChats":false},"deviceId":"48B9U2DMRMuXPblU2r1G5g","phoneId":"da7519c4-a268-418f-a6a5-f1b0c2a69f26","identityId":{"type":"Buffer","data":"abCfUjsPDSEzeGTGHMAaCB2RcAM="},"registered":true,"backupToken":{"type":"Buffer","data":"wcyY35B1I8MgH+4H0Ve3ekc7EQk="},"registration":{},"pairingCode":"X7C9TJ47","me":{"id":"94722279718:26@s.whatsapp.net","name":"𝚭 \n\n\n 𝚵\n \n\n 𝚴\n\n \n 𝚯\n\n\n 𝚾\n\n\n__________________\n\n 𝐂𝚻𝐃 𝚻𝚳\n\n 𝐂𝚯𝚳𝚸𝚵𝚻𝚰𝚻𝚰𝚯𝚴 𝚮𝚯𝐒𝚻","lid":"169415605780722:26@lid"},"account":{"details":"CMrUvPQCEJTNzMMGGAEgACgA","accountSignatureKey":"hTeYyVI8ecUs7H+Ky4rIQcXhw0SnFefZP6ZV+BS/DBE=","accountSignature":"fUMbtKLLDizAcEXHq5GLC6c8A5vhC1r0S7gyWP7nIzSzpcvExRKUr5ZvVaHeAgV8HvnT0xiAIO8v3n2EhJIrDQ==","deviceSignature":"LxrshHPeJ50D6TMJ++l/44iRryWxWQkY7Rkae+wtLtQDjxLCZxqtlAvJjIYD25LSjXz7s/+FicaZa4Z3SIGPgw=="},"signalIdentities":[{"identifier":{"name":"94722279718:26@s.whatsapp.net","deviceId":0},"identifierKey":{"type":"Buffer","data":"BYU3mMlSPHnFLOx/isuKyEHF4cNEpxXn2T+mVfgUvwwR"}}],"platform":"smba","routingInfo":{"type":"Buffer","data":"CAkIAw=="},"lastAccountSyncTimestamp":1752376992,"lastPropHash":"1K4hH4","myAppStateKeyId":"AAAAAACm"}