{"noiseKey":{"private":{"type":"Buffer","data":"yDa7egRlVubs3Yyrl77TydP8zk1V2ncG+3E3dz3xMWw="},"public":{"type":"Buffer","data":"FohDfNe5aJ3l0KF96L8+leMQhAJ95d0kQBR0YomGCx8="}},"pairingEphemeralKeyPair":{"private":{"type":"Buffer","data":"mLOhgrQCFVr8KL8syigcOVes8O5GUTr17gq7avHcuGM="},"public":{"type":"Buffer","data":"VYH78qSBDOOIGbnS0rcXq6PMgIe3/1Neeg1ImJR/RXo="}},"signedIdentityKey":{"private":{"type":"Buffer","data":"cC2xIpav7Fb4gwTlUhhERvl/RgMTs2dWAX3ey9m/ulM="},"public":{"type":"Buffer","data":"6b7svMCASV24Ap5HGtk82XhaewDy87wRBI1wBTfXd0o="}},"signedPreKey":{"keyPair":{"private":{"type":"Buffer","data":"cJxl8mPttSx8EGaoLanmxjQ2UW+hgTFK0EiIEJ6GLUo="},"public":{"type":"Buffer","data":"X4rgL/ke+YlMwv7KOo8Sg0xPm2/5/37VvsX40ZHg4xQ="}},"signature":{"type":"Buffer","data":"f7gHDHzfn80bmQ7CDMMgIwnr8b6DXJwG3MDA/8m8qBiHS70lesGyXXgmI3C+OxLpyVKAmQod2KFs12Xgnt/jBA=="},"keyId":1},"registrationId":235,"advSecretKey":"fOOXcmSzlNdAIFKbvhzp0qNju1jVOdTesN3fBo7k3+s=","processedHistoryMessages":[{"key":{"remoteJid":"94757339059@s.whatsapp.net","fromMe":true,"id":"C266FA0B633FF2033B0670DAAA860238"},"messageTimestamp":1752420915},{"key":{"remoteJid":"94757339059@s.whatsapp.net","fromMe":true,"id":"9E5F76829A8E729D8259095D7A0C0020"},"messageTimestamp":1752420916},{"key":{"remoteJid":"94757339059@s.whatsapp.net","fromMe":true,"id":"61866EBC3ABF92603A5D900E73DDFA22"},"messageTimestamp":1752420923},{"key":{"remoteJid":"94757339059@s.whatsapp.net","fromMe":true,"id":"2E5681AAECC041AFFF2E254723DEA1F5"},"messageTimestamp":1752420930},{"key":{"remoteJid":"94757339059@s.whatsapp.net","fromMe":true,"id":"78D1C072DC6DC9BD2EE728E01E23AB73"},"messageTimestamp":1752420941}],"nextPreKeyId":1348,"firstUnuploadedPreKeyId":1348,"accountSyncCounter":1,"accountSettings":{"unarchiveChats":false},"deviceId":"PQLkzCjyQG-5RK33BubiVg","phoneId":"ac4e7bb2-681c-4a9b-8136-008951eb1e6a","identityId":{"type":"Buffer","data":"g4WG0Ah/PxI6VdL5nYwga3IWOqU="},"registered":true,"backupToken":{"type":"Buffer","data":"bbGUU8ZzGQpxSk5xU1/cAvu45cE="},"registration":{},"pairingCode":"ZR572HPY","me":{"id":"94757339059:9@s.whatsapp.net","lid":"183361381372150:9@lid","name":"ꪶ_𝕊_𝔸_𝔻_𝕀_𝕐_𝔸__"},"account":{"details":"CLex+60HEKOkz8MGGAYgACgA","accountSignatureKey":"rxNz5p+SA2DUETAj+1P1Juaz6MvZb6drXPKaf4R2LDY=","accountSignature":"HWIMrKi+6AHEV8pNF5CTUXz3JNtneP+6+OVtF9PpY+4+IrOS7yvKrzhyLUTHXh5jdi0IcWlOvZ9mLr0Qjc+oAQ==","deviceSignature":"4NQbYK1AccIQ08+qUbbF4/bK26AuJ/RGGKD2sEzo8zMdjUzhfebTN75+HE3YqzM2OVU66Z3aDwbJ5MeqzYWaCQ=="},"signalIdentities":[{"identifier":{"name":"94757339059:9@s.whatsapp.net","deviceId":0},"identifierKey":{"type":"Buffer","data":"Ba8Tc+afkgNg1BEwI/tT9Sbms+jL2W+na1zymn+Ediw2"}}],"platform":"android","routingInfo":{"type":"Buffer","data":"CAMIDQ=="},"lastAccountSyncTimestamp":1752455841,"lastPropHash":"2V77qU","myAppStateKeyId":"AAAAADZn"}