{"noiseKey":{"private":{"type":"Buffer","data":"ABQS/6lSlCzbGgAl7CYQtDvNGwQqRoyPvZpoxQMJ1lA="},"public":{"type":"Buffer","data":"ZEkozuQ3Nz5lG9sY/QrHmdMHz/QjMxELzwOrnhWhMFs="}},"pairingEphemeralKeyPair":{"private":{"type":"Buffer","data":"aNAGQc6cIJmrWITkdZ1N926q5y76Uo4rtc48WHB0e3E="},"public":{"type":"Buffer","data":"FhPfFTEGYlnI/eS3LWhOaI/aLa+SG1P8UTP0n6jj3Us="}},"signedIdentityKey":{"private":{"type":"Buffer","data":"wMgF2/FsTM7EkrlOwG1bPpsDhVng//eyy9Mlvy0ZpVw="},"public":{"type":"Buffer","data":"gBUZ1KOKb77uRRpzrA7luxBGWlzjMo1EdljNjMWI2XU="}},"signedPreKey":{"keyPair":{"private":{"type":"Buffer","data":"wBfxUXiajJrA6+xrZTgJjwuU2XkZtQHd3Plol9mIrls="},"public":{"type":"Buffer","data":"hOuHkGrpHjaqVW+mb9cI3qBOlAlwbvAwEWmiZHWfqgA="}},"signature":{"type":"Buffer","data":"kwRICn28xeAVBTdjrggORPBDlqGpKhlr8FkgDrvL1pGv/CLPQyIIVRZGJ/oiXZYPolfgxjR3TN3aN3c63vhEjg=="},"keyId":1},"registrationId":137,"advSecretKey":"4+81/OFFnnR1qSWcT4KXdlBWqg8WgO7r6J8meVX9TIQ=","processedHistoryMessages":[],"nextPreKeyId":1,"firstUnuploadedPreKeyId":1,"accountSyncCounter":0,"accountSettings":{"unarchiveChats":false},"deviceId":"4m4PAzXnSTWAKKzmEkqYhw","phoneId":"5f667d7a-70c3-491d-a76a-38b6640a6b60","identityId":{"type":"Buffer","data":"d461drkiNSlEXY6L49i5IVBh2KU="},"registered":true,"backupToken":{"type":"Buffer","data":"BzQ0xmIQAHAExMAWfZ24egpVZ2E="},"registration":{},"pairingCode":"Z9346QTK","me":{"id":"94779976044@s.whatsapp.net","name":"~"}}