{"noiseKey":{"private":{"type":"Buffer","data":"MATR9i3DGGOqAyL3UYRmgUxYBWEHplvoDtyv7linW0M="},"public":{"type":"Buffer","data":"FMCQWUxrDkDPZmymYe/MGea5tfiAvvcf7Ql0y/EGcEw="}},"pairingEphemeralKeyPair":{"private":{"type":"Buffer","data":"qPf2GKGnO4rMZ/SAkri7CJHSt05ZNfTJAYH7g8XK/XI="},"public":{"type":"Buffer","data":"SMNgruioBO5x/TwlMtkCi/KKTOYJM+wEE+NqTkIb40U="}},"signedIdentityKey":{"private":{"type":"Buffer","data":"iPNLSIRWADKSEFk1agSNVykSx9tr5eOVbpnXDJtuCF0="},"public":{"type":"Buffer","data":"YUUle6R8ya0QUq8XCfIf/hO4p7bdi3t1WEh5GoOZuzQ="}},"signedPreKey":{"keyPair":{"private":{"type":"Buffer","data":"UB5wTwZdbXVQCWNv/1T8RRPQCwhjVll0EeutiTtEb0s="},"public":{"type":"Buffer","data":"fNBXmfZyRhgyeaNRxqdHtpZKurSH8gZqB20ahNPJ3iQ="}},"signature":{"type":"Buffer","data":"GyphKknQMq6LDT3XbD5UtS1hMTNgYtqicJw3QuwaInJOPsKwVWIlESIK09pkxdMJCvXWcL2jc7jzS5L5un0kAA=="},"keyId":1},"registrationId":91,"advSecretKey":"CsrWDRT1kHi0v0FxOkKAh2IgLVy1ul2RabUDMjkKMXA=","processedHistoryMessages":[{"key":{"remoteJid":"94725511175@s.whatsapp.net","fromMe":true,"id":"338AAD93D4DFAD02DB8FB55993492129"},"messageTimestamp":1751821359},{"key":{"remoteJid":"94725511175@s.whatsapp.net","fromMe":true,"id":"4220B1863122ECE673D4151AD1BCD677"},"messageTimestamp":1751821359},{"key":{"remoteJid":"94725511175@s.whatsapp.net","fromMe":true,"id":"4621A5DFFAB52D52F7F0AEF1EFAF43F0"},"messageTimestamp":1751821365}],"nextPreKeyId":31,"firstUnuploadedPreKeyId":31,"accountSyncCounter":1,"accountSettings":{"unarchiveChats":false},"deviceId":"78fkok6WQlSzPq1Mmm8X4g","phoneId":"9cb7d05e-85d7-4a7c-af16-a76752bfff35","identityId":{"type":"Buffer","data":"I9mMkU/MvNQ7eK02GRywdvKykk0="},"registered":true,"backupToken":{"type":"Buffer","data":"zOxM1dILK6gS33/QK6ciaw0TRSg="},"registration":{},"pairingCode":"JA1EGX9C","me":{"id":"94725511175:3@s.whatsapp.net","lid":"269909149888564:3@lid","name":"N"},"account":{"details":"CKrCquICEJ3YqsMGGAEgACgA","accountSignatureKey":"YQXaPcA6GhIiJn1bMmEsbN/nEbEnfTEUT80dD0VQK28=","accountSignature":"mcg49whhFX3aW9ZDX7uRUR7INB3m13iegtRfa3CSC7WocUGLRHhkcLiqX0010pe7MmNHBqncvYI6IwCMnwj6Cw==","deviceSignature":"WusZvVaLHK8iVbR9cQNR/C0zbTb1bywKpXoX+ru67TDZjHmqepVtDg8x6mNb/NgdRdVoPnoU0BQpD65jgyiaBQ=="},"signalIdentities":[{"identifier":{"name":"94725511175:3@s.whatsapp.net","deviceId":0},"identifierKey":{"type":"Buffer","data":"BWEF2j3AOhoSIiZ9WzJhLGzf5xGxJ30xFE/NHQ9FUCtv"}}],"platform":"android","routingInfo":{"type":"Buffer","data":"CAgIDQ=="},"lastAccountSyncTimestamp":1751821355,"lastPropHash":"3R9Z39","myAppStateKeyId":"AAAAAO3B"}