{"noiseKey":{"private":{"type":"Buffer","data":"UJK67lAefW1MZEBs5RQRJnvNK5dQAteyBCV2t4arU3Y="},"public":{"type":"Buffer","data":"ABKYEbqOc6vv/TBvJEDXIjZqb/zK79KbddjfeJ7PxyU="}},"pairingEphemeralKeyPair":{"private":{"type":"Buffer","data":"SHuH+TKh+a83tuRzLMVZN5nIboD+RjtSsF8GSyEl8Ew="},"public":{"type":"Buffer","data":"ELUkZFZMxc34+kcSITRQ070In5+vDlLUVIDyk+CPjy8="}},"signedIdentityKey":{"private":{"type":"Buffer","data":"wIQ+yysaNU6WilqpwLmVbVzqybJgrBcUoLMVg1WTSHM="},"public":{"type":"Buffer","data":"pcIuW7fjzq95I35br8I15l8shf8co3+21PKItk+urHs="}},"signedPreKey":{"keyPair":{"private":{"type":"Buffer","data":"oPAg/daemORHGL/etb9UhHfSRNuT/HWh9fx/kfPYvFc="},"public":{"type":"Buffer","data":"NQRq8uvyVoDmfHcFdshuuk/AQ37OUKZ/hpT7NpuDmDo="}},"signature":{"type":"Buffer","data":"TsbcGaldAG9BhBajTkgUfEiQ71ImXpAbsosMkEg5UDgedBa6Z8CX67zYB5DP6z4xKcSF419RtOL0UIg8I3LBAg=="},"keyId":1},"registrationId":233,"advSecretKey":"wf495YfebrtuzIpbZlW3sXVnxb6w/j1epO6gZA7FxiE=","processedHistoryMessages":[{"key":{"remoteJid":"94760370785@s.whatsapp.net","fromMe":true,"id":"5DF3211705D549ACB604C2685520C39A"},"messageTimestamp":1751904032},{"key":{"remoteJid":"94760370785@s.whatsapp.net","fromMe":true,"id":"0E92D40ACAB5D0099CF42A0D9B3C2D15"},"messageTimestamp":1751904060},{"key":{"remoteJid":"94760370785@s.whatsapp.net","fromMe":true,"id":"6920D6942FE30CA815F09E0847653F53"},"messageTimestamp":1751904091}],"nextPreKeyId":204,"firstUnuploadedPreKeyId":204,"accountSyncCounter":1,"accountSettings":{"unarchiveChats":false},"deviceId":"d05vVO_fS-6An_PJFTJkkA","phoneId":"f2f2b150-4fde-4fbc-a696-c7deefca0c35","identityId":{"type":"Buffer","data":"rxw1Xwd9sH8aCtRHXeYgZ8Jx8DY="},"registered":true,"backupToken":{"type":"Buffer","data":"iunp83MV+wm/rih0K+1UQ7rU7Nc="},"registration":{},"pairingCode":"1JG72BJQ","me":{"id":"94760370785:35@s.whatsapp.net","name":"𝗦𝗧𝗔𝗧𝗨𝗦 𝗞𝗜𝗡𝗚 \n\n\n𝗝\n\n𝗔\n\n𝗡\n\n𝗜\n\n𝗬\n\n\n𝗔","lid":"146845418434739:35@lid"},"account":{"details":"CIigiKABEIjer8MGGAIgACgA","accountSignatureKey":"z9Ec5aC2gePe+1FVOJ9eTqbo02F4id/93eC0llUWeUk=","accountSignature":"K1jo2VmBsmd3u9JqUs6DPc9ft0Z4ZFT+j1F5sGNLjK1Z+mZvlGVBDEOqiHhMepVMlX1t/LArWprnT74d1XzBBw==","deviceSignature":"gLM6PxzoBpfa33t4a6JyS7Q9P+rcSgodzrKmp4gTj1QodetkfX6arpQzFu1iKIHvfqBxJWbAU3ZUsbNKPEkjBg=="},"signalIdentities":[{"identifier":{"name":"94760370785:35@s.whatsapp.net","deviceId":0},"identifierKey":{"type":"Buffer","data":"Bc/RHOWgtoHj3vtRVTifXk6m6NNheInf/d3gtJZVFnlJ"}}],"platform":"smba","routingInfo":{"type":"Buffer","data":"CAIICA=="},"lastAccountSyncTimestamp":1751905218,"lastPropHash":"PWk5B","myAppStateKeyId":"AAAAABTL"}