{"noiseKey":{"private":{"type":"Buffer","data":"AKqRQZyfQsz2fpB3KEaqQPYsfa+8a++t1ArBpRznzEw="},"public":{"type":"Buffer","data":"EIhrvcsIxtEKhnogcob7F6/K1o7KVRZw6yquoCe0slk="}},"pairingEphemeralKeyPair":{"private":{"type":"Buffer","data":"4LiRc8w2kCrdFuGgelMiQRx2tkDAWwO32LXE3nptyVw="},"public":{"type":"Buffer","data":"1zfoOo8uxFDWcc9dQ1fEI4v87XlIY0jrCflxZgGOJHQ="}},"signedIdentityKey":{"private":{"type":"Buffer","data":"KFOV0BVwK+j5WcIWdHPasOXSzT/4OM7qUMt+cI33l0M="},"public":{"type":"Buffer","data":"wRLhh/mBIZF1liMHhQTl9pcuS/rQ/pe5ZLa5idGA3xY="}},"signedPreKey":{"keyPair":{"private":{"type":"Buffer","data":"QDJ64ynKb1lo1znoTohIIE3pvR71KZe/9L8RRCgSZ0A="},"public":{"type":"Buffer","data":"XLGV5sXOm8mpELb5In1FRr7LTlygaab92U8yz/fG3gw="}},"signature":{"type":"Buffer","data":"dwIFqF0MfYUbj7+vlbtq6+NLB8i1TUGRY3qQZI2cVmhyVoI2ScKA64jMjtsWTqFXIQ5+eQG/pP+snLG0UfJFgw=="},"keyId":1},"registrationId":211,"advSecretKey":"AVFNYHUKqGtmQvASDPzIyqMWttu0x01WJdOLjjuGPf4=","processedHistoryMessages":[{"key":{"remoteJid":"94759076492@s.whatsapp.net","fromMe":true,"id":"7B1DD3281DD67927DDA895FC4CEA559C"},"messageTimestamp":1751799718},{"key":{"remoteJid":"94759076492@s.whatsapp.net","fromMe":true,"id":"626AA84D856D22B8ED562A0AF51EAD1D"},"messageTimestamp":1751799725},{"key":{"remoteJid":"94759076492@s.whatsapp.net","fromMe":true,"id":"5E8C2AEA55B09576343657C13D43933B"},"messageTimestamp":1751799753},{"key":{"remoteJid":"94759076492@s.whatsapp.net","fromMe":true,"id":"72F19E22B3C6B0FBDDCD7C62F5693E3D"},"messageTimestamp":1751799772}],"nextPreKeyId":63,"firstUnuploadedPreKeyId":63,"accountSyncCounter":1,"accountSettings":{"unarchiveChats":false},"deviceId":"sqw51UEpR1aKefl4I-vbTA","phoneId":"75dc619e-b5e9-4050-9a7b-949cd3f27bb4","identityId":{"type":"Buffer","data":"eLyhQEuVBMB+Cp9hy3JosxTguRo="},"registered":true,"backupToken":{"type":"Buffer","data":"AMz61y49skviDw6Znm52snj69U4="},"registration":{},"pairingCode":"QARR4CXQ","me":{"id":"94759076492:7@s.whatsapp.net","name":"𝕘𝕙𝕠𝕤𝕥","lid":"73904072708164:7@lid"},"account":{"details":"CIHGvOoEEJWvqcMGGAEgACgA","accountSignatureKey":"2LeTLG6pIU4b+ks+ve4f+QkBxHVVBRQiqaMWqBbGTx8=","accountSignature":"Q2iJlZdR0362p2UPfe3b7APK/vHz/vAggrMb81R3rB3VRSgx8CFzQdx+O0976ui2PtraFRpKNFFXlum2Qdi5DA==","deviceSignature":"fBXo6gbqRsBdbL9RtqBXyXbMfNnaDRRWNk2Xd74nOXJRimSTg6j1kArDSBosf9zhP4mfA+8RpOcmldDn/m9Ciw=="},"signalIdentities":[{"identifier":{"name":"94759076492:7@s.whatsapp.net","deviceId":0},"identifierKey":{"type":"Buffer","data":"Bdi3kyxuqSFOG/pLPr3uH/kJAcR1VQUUIqmjFqgWxk8f"}}],"platform":"smba","routingInfo":{"type":"Buffer","data":"CBIICA=="},"lastAccountSyncTimestamp":1751799715,"lastPropHash":"2V77qU","myAppStateKeyId":"AAAAABEA"}