{"noiseKey":{"private":{"type":"Buffer","data":"eNYLUOeVvDVsVeqHgV2qM/SOOsnx7RBOfefKj5FOZWw="},"public":{"type":"Buffer","data":"ABbzpsKHCft7YEchtmjETOnvcKgw558bN0K8EPD2tAY="}},"pairingEphemeralKeyPair":{"private":{"type":"Buffer","data":"WK+CWmLey3DMsxR8NMAodsbtgOn1/iYlS54N/FRy9XU="},"public":{"type":"Buffer","data":"JwNFUSAOe001zzhur6Lgrg+N2/I2otOYTsOS7bBPMXE="}},"signedIdentityKey":{"private":{"type":"Buffer","data":"iM1+FH7Fjc8o2oJG65gAJLHQ1a6mzFRB41KEKRepDHA="},"public":{"type":"Buffer","data":"TcYUR8U7It20J4eB6xssTAuOAfAUCUysUutX4pw7gnY="}},"signedPreKey":{"keyPair":{"private":{"type":"Buffer","data":"WKNKonI+i4yICrFIXZh0s/UHpOi+KL3JMvmEKgNy10A="},"public":{"type":"Buffer","data":"Mc/9TP23FoVHu+jwuc1TUshbZa6nfWV5GzfaVb7ofW4="}},"signature":{"type":"Buffer","data":"AEIlw6l0e2qJlTkpoAvV8C14O5/oXH24JAk49pltXK9WcBR/fOeTdr2GskIlJgeMoMdFla1aem/6TtsrNU++hQ=="},"keyId":1},"registrationId":57,"advSecretKey":"DblChy+6TVMELncjd6tl0xk7XKu6i8maFjBaui5b950=","processedHistoryMessages":[{"key":{"remoteJid":"94769384453@s.whatsapp.net","fromMe":true,"id":"7234D51D978115B90035213003281F91"},"messageTimestamp":1751769193},{"key":{"remoteJid":"94769384453@s.whatsapp.net","fromMe":true,"id":"54A3C7F2D22A78B5AA7067ABD5C3FF13"},"messageTimestamp":1751769194},{"key":{"remoteJid":"94769384453@s.whatsapp.net","fromMe":true,"id":"16EF2CAC69EEDE818597B4928116A933"},"messageTimestamp":1751769209}],"nextPreKeyId":31,"firstUnuploadedPreKeyId":31,"accountSyncCounter":1,"accountSettings":{"unarchiveChats":true},"deviceId":"1FE0ACKPR7-AuEc77b3qMw","phoneId":"777126df-6be4-4f0f-94de-fd9d708661dd","identityId":{"type":"Buffer","data":"TOYMOVEwTGDTXLj9dE8eDJRgOIM="},"registered":true,"backupToken":{"type":"Buffer","data":"4iys5Au77ggRyYmBazHoHH5mY+Y="},"registration":{},"pairingCode":"FY4S1RVY","me":{"id":"94769384453:25@s.whatsapp.net","name":"Savii__ ","lid":"251028591128583:25@lid"},"account":{"details":"CMeGq9kFENfAp8MGGAUgACgA","accountSignatureKey":"Bb9JZ8/eArxBBdh+OsdpRXRSxkc73x4uBbD0T1ydhVM=","accountSignature":"u3ks8at2RGmKsJHGU3F3Ztt6JFtEKkjDBu4224qjXRxcyzyFc3j7NDQCqPQ9o5PSc9LWvIf81JTSLOQFREHuBg==","deviceSignature":"p81TVvuQAM5onUuxoiIBsOPVQ10kpTWv9RyKc653k2UMnway01MlAtzecGaPHZRB/0b+33z61RYIhlLyMd+tgg=="},"signalIdentities":[{"identifier":{"name":"94769384453:25@s.whatsapp.net","deviceId":0},"identifierKey":{"type":"Buffer","data":"BQW/SWfP3gK8QQXYfjrHaUV0UsZHO98eLgWw9E9cnYVT"}}],"platform":"smba","routingInfo":{"type":"Buffer","data":"CAUICA=="},"lastAccountSyncTimestamp":1751769188,"lastPropHash":"2V77qU","myAppStateKeyId":"AAAAAKOz"}