{"noiseKey":{"private":{"type":"Buffer","data":"iB/22EzapA0/5xViN2VAcCWTAbedKC64aX+zxbe5y1Q="},"public":{"type":"Buffer","data":"Lk7Rk+TddghpYU0QR0d+ZU5eyD5NsfWFWSUiRz5SJEc="}},"pairingEphemeralKeyPair":{"private":{"type":"Buffer","data":"IGJly5K9Dj+YpH1AZM8TqROjO5zeUit3dTd1ZtTE/3s="},"public":{"type":"Buffer","data":"S3gDuTm+dQvDRnsP5+WDLjicY9+bn4VX/gvq8nfYqXo="}},"signedIdentityKey":{"private":{"type":"Buffer","data":"0LJY4+NNsYT+dcfLiJtB8yygA0nfte91AZJJVeWOVVM="},"public":{"type":"Buffer","data":"SgNSLrZ9PsPwjJIR002tK4C6uT5N7Uo4mCnOqleS2Ag="}},"signedPreKey":{"keyPair":{"private":{"type":"Buffer","data":"AHG8kNK9CuRi8T/IWAbUsgqf1slqMbW4HYTV3caoDFk="},"public":{"type":"Buffer","data":"l0NhKmqDKhgxdfJI6BEkL3l5aLlP4wXoR+oEk/+eI2w="}},"signature":{"type":"Buffer","data":"Q16WH9Tqr+xkJc4bieiVMqzUo0OVoqdOvSFEcjuXpHBBYnuyqkj21z2Tv5rDamGjmS3IeDf23lsvFtUmZLciCQ=="},"keyId":1},"registrationId":60,"advSecretKey":"t84pBAaYbBpcaQYhXcIZjl01j/O9WqKzGjy2Ld+3/Ow=","processedHistoryMessages":[{"key":{"remoteJid":"94766245065@s.whatsapp.net","fromMe":true,"id":"C104B96AF537827AD599E6442D7E6759"},"messageTimestamp":1752294510},{"key":{"remoteJid":"94766245065@s.whatsapp.net","fromMe":true,"id":"E93F236AA5BCAA946927E7B2ADF57BE4"},"messageTimestamp":1752294513},{"key":{"remoteJid":"94766245065@s.whatsapp.net","fromMe":true,"id":"D943363B14CCF059962E90EAA1EA29FD"},"messageTimestamp":1752294608},{"key":{"remoteJid":"94766245065@s.whatsapp.net","fromMe":true,"id":"7935466446D167F6B6FC46D5F2CA5BA0"},"messageTimestamp":1752294614}],"nextPreKeyId":417,"firstUnuploadedPreKeyId":417,"accountSyncCounter":1,"accountSettings":{"unarchiveChats":false},"deviceId":"j0VxjXt6TEO5rRcKSsxXqQ","phoneId":"e7ba07b1-7170-4777-9290-3245578dc339","identityId":{"type":"Buffer","data":"hID59xQ9CgsBH1EUqGL+/hjzzY0="},"registered":true,"backupToken":{"type":"Buffer","data":"FJ65wwfwgNJ3elO0BTB+Cdk83mI="},"registration":{},"pairingCode":"8Q29FXAQ","me":{"id":"94766245065:14@s.whatsapp.net","lid":"170450692915417:14@lid","name":"꧁...Gihan 💔 Boy...꧂"},"account":{"details":"COy6tKsBENnIx8MGGAQgACgA","accountSignatureKey":"Wk/RjW8sjCUaO/YVcCEJiBd7TExPy50Xdpj51zeBYmw=","accountSignature":"JXj72o+OSdghBpg/WambOQxFu+jBSzWZatNcKMFZxW2xkug88xGf2gHBKfb33aRzUvNRsTnSVonJK1szffIGCQ==","deviceSignature":"WmoYdLAYU7hxytPHQILrwExbmSWx4yuEKFwhUQ4lyuLo12afzBYqcG5UPq1i8GClFZU4SSHCSZLpL4D/VWFVCQ=="},"signalIdentities":[{"identifier":{"name":"94766245065:14@s.whatsapp.net","deviceId":0},"identifierKey":{"type":"Buffer","data":"BVpP0Y1vLIwlGjv2FXAhCYgXe0xMT8udF3aY+dc3gWJs"}}],"platform":"android","routingInfo":{"type":"Buffer","data":"CA0IBQ=="},"lastAccountSyncTimestamp":1752294501,"lastPropHash":"PWk5B","myAppStateKeyId":"AAAAAElS"}