{"noiseKey":{"private":{"type":"Buffer","data":"GK8RltI0K+5b3R2dCLLZDSdd9+GoualB2XlZ8JS+mFw="},"public":{"type":"Buffer","data":"5yeImu9qXI+UyTyDJZyGznWXKVAyYPPcTu7G+iNcXwI="}},"pairingEphemeralKeyPair":{"private":{"type":"Buffer","data":"oLamUhf0c70kvmENBagdB8WFUjcIMDSbHC5x+xIZIHk="},"public":{"type":"Buffer","data":"zr+bmWOfmboS2nDYaYrqajeQWgHz4wE8jic9wJAwdho="}},"signedIdentityKey":{"private":{"type":"Buffer","data":"wOiw5oUKkl8RCvmtgvcvvg1vDYhoNkpr1NyeqjtxoHE="},"public":{"type":"Buffer","data":"32b/kjFtFeUPgCCZbpg0Cawhwa9gKgmUpjUlNyeNU1A="}},"signedPreKey":{"keyPair":{"private":{"type":"Buffer","data":"aIdbfq/aQWgRktJQquYoooP8gYfPU3Y9yFy3WXC4llc="},"public":{"type":"Buffer","data":"Y2dfcT3YesQZfrnhDu8No4vqmSOgCg8k7Krl+cmgFwg="}},"signature":{"type":"Buffer","data":"en5KYG1Q5TReEehcieEp1TKcHvS8enYmtICKHx/gKzqdmh/sldKHl4lHc25Q5XGh3iKK8/cseUWLUkpxhjdqgg=="},"keyId":1},"registrationId":105,"advSecretKey":"Qc9OAnXdAkbLaNAugFwLlRt9Qf8szsroJCKTeixNvEg=","processedHistoryMessages":[{"key":{"remoteJid":"94754465688@s.whatsapp.net","fromMe":true,"id":"BCA84853A753E2E0A87D79239DD6E675"},"messageTimestamp":1751968725},{"key":{"remoteJid":"94754465688@s.whatsapp.net","fromMe":true,"id":"1CFE8DF7B13AC72B0745D65F73CE342F"},"messageTimestamp":1751968726},{"key":{"remoteJid":"94754465688@s.whatsapp.net","fromMe":true,"id":"327C7975C0D79A8C8BB3E2E1674B25C4"},"messageTimestamp":1751968746},{"key":{"remoteJid":"94754465688@s.whatsapp.net","fromMe":true,"id":"989E77C04997EB67C830F1548657C10D"},"messageTimestamp":1751968757},{"key":{"remoteJid":"94754465688@s.whatsapp.net","fromMe":true,"id":"1F1F22CA0E0303253AE67F3AF3355887"},"messageTimestamp":1751968767}],"nextPreKeyId":342,"firstUnuploadedPreKeyId":342,"accountSyncCounter":1,"accountSettings":{"unarchiveChats":false},"deviceId":"ya3dzPfgQECoL13RK5x6mA","phoneId":"a4b1c9e1-5a33-48ac-ad3b-433815d34fff","identityId":{"type":"Buffer","data":"Op9CMLECnOGOaYtw1JK/CMSA8IQ="},"registered":true,"backupToken":{"type":"Buffer","data":"4Iu1/1o4so6XoITmxXxnox7p2FU="},"registration":{},"pairingCode":"Z18YQS4W","me":{"id":"94754465688:3@s.whatsapp.net","name":"KING  HART","lid":"225400504504530:3@lid"},"account":{"details":"CNrtkfUCELrXs8MGGAMgACgA","accountSignatureKey":"rvu721K4QXeJiwvTtVyVKBv0ViWhuOZGD72Q8q2oxnc=","accountSignature":"mi/O6LY2Y+ARJ1Or3wxx8Mg8AJJpI6M+juLBT15iGTWxXDDt3oWssKFxi9uxuaRelDdMWuY7aRd1p7bMMeTwAw==","deviceSignature":"VD3cjlAU1tK6VMu4fxKfRuZLfY9xybM0aHAxHPjOdw1Lm93ZAhPqLVgHtrIbY69omhLF0UnE1x8Le5MKZ+1vjg=="},"signalIdentities":[{"identifier":{"name":"94754465688:3@s.whatsapp.net","deviceId":0},"identifierKey":{"type":"Buffer","data":"Ba77u9tSuEF3iYsL07VclSgb9FYlobjmRg+9kPKtqMZ3"}}],"platform":"smba","routingInfo":{"type":"Buffer","data":"CAIIBQ=="},"lastAccountSyncTimestamp":1752067902,"lastPropHash":"3R9Z39","myAppStateKeyId":"AAAAAMPD"}