{"noiseKey":{"private":{"type":"Buffer","data":"EM0CsJjIzf1zmCUAv8oM3K48Uu8a7KMY4osdiDWa8mw="},"public":{"type":"Buffer","data":"zL77ysiHtoh6beEgNL7y63hmzxn3B57ThwMuGB1d3i0="}},"pairingEphemeralKeyPair":{"private":{"type":"Buffer","data":"wOvW/KBtzY6w6wlszity2hlmNwN5p+b39BYcTaQE8k4="},"public":{"type":"Buffer","data":"jCzPXwDuwOtciZFkobgeM+9A9X3pLbfgE0SKoJmq4w0="}},"signedIdentityKey":{"private":{"type":"Buffer","data":"gFoBB7gdH8SvifjSJZxZx+rpudQ2nY8P1+hJMBUxA0c="},"public":{"type":"Buffer","data":"tDm3V3ZQiZg89CezCWuJMc0H6hJYCQvTYWp1TtVwvTM="}},"signedPreKey":{"keyPair":{"private":{"type":"Buffer","data":"WH/NZfbQLX7dOCezpcaQ/eHx5+LC2wya8D1GypWtBWU="},"public":{"type":"Buffer","data":"1TjZYsKEQsCypt5lTzY1yqhUHFot1AgcpynfDBIQMQw="}},"signature":{"type":"Buffer","data":"yXNELaIZ4x9nYpFwIPIIkU5/b1l1d8HbHDWPld6XWi0hQrhfxXz6xAsGEWNytiNecrPQ1U9SUMQGSW8E07BVjw=="},"keyId":1},"registrationId":119,"advSecretKey":"+CazI89Vl0jI/+qPO+i5UoekpZjMuOtHiwhCG0JxwmA=","processedHistoryMessages":[{"key":{"remoteJid":"94774748844@s.whatsapp.net","fromMe":true,"id":"01865D10B55C23B5A6819D55ADC27D78"},"messageTimestamp":1751778750},{"key":{"remoteJid":"94774748844@s.whatsapp.net","fromMe":true,"id":"FF3278CB2BACA0ED801E7EB4BDCA8BFD"},"messageTimestamp":1751778758},{"key":{"remoteJid":"94774748844@s.whatsapp.net","fromMe":true,"id":"A43A25508E576FB20F3DCBF3AAF82D32"},"messageTimestamp":1751784516},{"key":{"remoteJid":"94774748844@s.whatsapp.net","fromMe":true,"id":"7CA1CDE7AE7952E253E28E74322A89A7"},"messageTimestamp":1751784635},{"key":{"remoteJid":"94774748844@s.whatsapp.net","fromMe":true,"id":"80CE8187F77FEC75B3946EFAFA778F88"},"messageTimestamp":1751784757},{"key":{"remoteJid":"94774748844@s.whatsapp.net","fromMe":true,"id":"4D762D8619AE89219FF480D3555A198B"},"messageTimestamp":1751784879},{"key":{"remoteJid":"94774748844@s.whatsapp.net","fromMe":true,"id":"2147606274A566D9E2A5B21BEA194613"},"messageTimestamp":1751784975},{"key":{"remoteJid":"94774748844@s.whatsapp.net","fromMe":true,"id":"5D985B80D14DC9207C3F195DCC0E7E05"},"messageTimestamp":1751785074},{"key":{"remoteJid":"94774748844@s.whatsapp.net","fromMe":true,"id":"72FF428557219D3DABA7612FD789E031"},"messageTimestamp":1751785170},{"key":{"remoteJid":"94774748844@s.whatsapp.net","fromMe":true,"id":"B8DE4626A1134C1303598854A2E5FDB7"},"messageTimestamp":1751785262},{"key":{"remoteJid":"94774748844@s.whatsapp.net","fromMe":true,"id":"0BA0D392B17A03E6E6327ADF4F04A7A2"},"messageTimestamp":1751785373},{"key":{"remoteJid":"94774748844@s.whatsapp.net","fromMe":true,"id":"1E6F7774975749707E7CE22414FFA716"},"messageTimestamp":1751785429}],"nextPreKeyId":217,"firstUnuploadedPreKeyId":217,"accountSyncCounter":1,"accountSettings":{"unarchiveChats":false},"deviceId":"WZUGW4CeQ32UnKbaj_h9SQ","phoneId":"a8e5e186-dfbc-4774-9cdd-8e738dfca72a","identityId":{"type":"Buffer","data":"mRFcJ99CqKviK1pwhRb1Rij552Y="},"registered":true,"backupToken":{"type":"Buffer","data":"vdPzDaEceWAgnRktGu+yJRdvAu8="},"registration":{},"pairingCode":"4DKZL4LV","me":{"id":"94774748844:60@s.whatsapp.net","lid":"180019829690453:60@lid","name":"mayurakeshan116"},"account":{"details":"CMW4yf4CEJ+LqMMGGAEgACgA","accountSignatureKey":"v44lEsgwIRzYyJ2oasJU25Fv0z8tu4aAq2pKiI+y8lI=","accountSignature":"bU1KkxUErjBAZH9IS0YFmuahimm8WYXRFPRtue4iEACSLBxiYi5nDOCmiNQYrspiol98p0M2bXOkII3NO1AKAA==","deviceSignature":"8qN3Qx2TfuG1p9SwAMg6ZmnNuq0GZTbkG0iCAxoAwW494CXVpsC84eKQRSTaEBsb/WQ6TXRtoSwP4sWwCi7Ngw=="},"signalIdentities":[{"identifier":{"name":"94774748844:60@s.whatsapp.net","deviceId":0},"identifierKey":{"type":"Buffer","data":"Bb+OJRLIMCEc2MidqGrCVNuRb9M/LbuGgKtqSoiPsvJS"}}],"platform":"android","routingInfo":{"type":"Buffer","data":"CAgIBQ=="},"lastAccountSyncTimestamp":1751778733,"lastPropHash":"3R9Z39","myAppStateKeyId":"AAAAALHa"}