{
  "noiseKey": {
    "private": {
      "type": "Buffer",
      "data": "aOkJyHlWUU7BSHxt7GaSLkfAe6ViKTZZqFF+1+8pMmw="
    },
    "public": {
      "type": "Buffer",
      "data": "waPgGkd3mM6pKh+8j4hzlLbGLH9N2IpNDw5emXeLoys="
    }
  },
  "pairingEphemeralKeyPair": {
    "private": {
      "type": "Buffer",
      "data": "yI0AVPCOhRGluZUTZgN8POnLI8pnP5ABivYdi5zLeE8="
    },
    "public": {
      "type": "Buffer",
      "data": "tsrgj4Tp9nCwEKqcPPT3e4+qOq8iuEXKOS/av6yP8jQ="
    }
  },
  "signedIdentityKey": {
    "private": {
      "type": "Buffer",
      "data": "eBO168oPh3RW6DLVNIY0MnJGnHMM+Az0yTAnnvvOMmU="
    },
    "public": {
      "type": "Buffer",
      "data": "ej9Zgz8KCMdziAlB4EkuPJgLQ/7ih14+jGRCUcWNSko="
    }
  },
  "signedPreKey": {
    "keyPair": {
      "private": {
        "type": "Buffer",
        "data": "6H7MtdDS6c0Dei1FayutGJMtyNJnWRQTckcwM4PKrkU="
      },
      "public": {
        "type": "Buffer",
        "data": "Vf3lSWrmpWWwAyhSsHY2e5CXpGyb/JV8j7uVcUb9aQM="
      }
    },
    "signature": {
      "type": "Buffer",
      "data": "WxlYHtcO8S23zsIM9v2EC5qMlc4whTmEDDh7Sdt1Hu1p3nkSiYrRRi3Vf0wZFiif5G6kDOEOe95kA+VpoMwmDA=="
    },
    "keyId": 1
  },
  "registrationId": 170,
  "advSecretKey": "FrxD66GTBikavDUb9x5ooZJDVtg/hvNM1dV6PigKtGk=",
  "processedHistoryMessages": [
    {
      "key": {
        "remoteJid": "94724646736@s.whatsapp.net",
        "fromMe": true,
        "id": "E8C56DA341F5A0ECBD8C2B969A327DA0"
      },
      "messageTimestamp": 1751772296
    },
    {
      "key": {
        "remoteJid": "94724646736@s.whatsapp.net",
        "fromMe": true,
        "id": "32A8BFF41605F25E41C5792198D80C29"
      },
      "messageTimestamp": 1751772297
    }
  ],
  "nextPreKeyId": 31,
  "firstUnuploadedPreKeyId": 31,
  "accountSyncCounter": 1,
  "accountSettings": {
    "unarchiveChats": false
  },
  "deviceId": "1VFtNqwiTEO0cgnLrwi-fQ",
  "phoneId": "26c6c7c7-4b5c-44f8-953e-d0c1e4661644",
  "identityId": {
    "type": "Buffer",
    "data": "4QpMi4B66k/fpGqHFAlm3RO+fk4="
  },
  "registered": true,
  "backupToken": {
    "type": "Buffer",
    "data": "tJwkCTTADWdEztOKm7OK9q3/VPw="
  },
  "registration": {},
  "pairingCode": "7E93PVT6",
  "me": {
    "id": "94724646736:1@s.whatsapp.net",
    "lid": "87420368375840:1@lid",
    "name": "😅😅"
  },
  "account": {
    "details": "COLG0O0DEPbYp8MGGAEgACgA",
    "accountSignatureKey": "84EyeFRNQvWoUBFXoJFFV1qs9+tdIcoaWYaejqlO3hw=",
    "accountSignature": "pk47iLUDOUxdJsPRgz0mi3YBfvyPfH2CuJIt67TKepwYzo+qG+O5+4uKlF1khVVRamo8Rgc3qEN1QymIyTqgDA==",
    "deviceSignature": "tJXItzJBbCLANcDFs86EsW3zR8CTcZrv/lT5/E7mg9DPHa0aOTwW61JQKO1vohil2NTvl+BZMIjsOKFDKzl4AQ=="
  },
  "signalIdentities": [
    {
      "identifier": {
        "name": "94724646736:1@s.whatsapp.net",
        "deviceId": 0
      },
      "identifierKey": {
        "type": "Buffer",
        "data": "BfOBMnhUTUL1qFARV6CRRVdarPfrXSHKGlmGno6pTt4c"
      }
    }
  ],
  "platform": "android",
  "routingInfo": {
    "type": "Buffer",
    "data": "CBIIBQ=="
  },
  "lastAccountSyncTimestamp": 1751772365,
  "lastPropHash": "PWk5B",
  "myAppStateKeyId": "AAAAAI8u"
}