{"noiseKey":{"private":{"type":"Buffer","data":"oCprOKI7BM2+MHrGsI94UuXMa/CR931z2ps367/NWWQ="},"public":{"type":"Buffer","data":"uvXawnDdfmZ4on6JDYhDzQ9VcqymIJ+T3vDdxi5phkk="}},"pairingEphemeralKeyPair":{"private":{"type":"Buffer","data":"SAm+mXuv2KLRraKWkSnHkBlyV0XVWARX83gTkjDtU2U="},"public":{"type":"Buffer","data":"vwQMn8dNA/q/Fdez2AQW6Kd5NgjpV9Rv7ri+q6JuMFg="}},"signedIdentityKey":{"private":{"type":"Buffer","data":"2CpDolc/wQHI/ClQ5/Qus98hb2lpl5KUPL2HP4Q0okQ="},"public":{"type":"Buffer","data":"58Wcdi0Pq0XlZ72SbJPNB5JO4+e5MHG7YTpRkn34kn0="}},"signedPreKey":{"keyPair":{"private":{"type":"Buffer","data":"6K5q+85AhhLdwvT1QR69ixBHX6BF5tp2QZYrzwEs1n4="},"public":{"type":"Buffer","data":"KX5dXX6wlg45exeGVjmwxvHYjByWA6bx/wF2hMmmDFk="}},"signature":{"type":"Buffer","data":"a4sD6C84BXxptAzejaDlYE4vpu0bJMQHsCW0nZ9Rmdn48I8Vwh7n+RA4ukUb9HRXsMTYDZ/ruSzgQGaf3Z4oBA=="},"keyId":1},"registrationId":26,"advSecretKey":"gcTmAK6B8JZPQvs8ZdKyGjN+KfpXgFi+BrsFoVTJ4Zs=","processedHistoryMessages":[{"key":{"remoteJid":"93785293400@s.whatsapp.net","fromMe":true,"id":"BE122B41EA4655E6EA4BE71F053E4965"},"messageTimestamp":1752295568},{"key":{"remoteJid":"93785293400@s.whatsapp.net","fromMe":true,"id":"509059FBE0B42F2F505817E4B37B6FDB"},"messageTimestamp":1752295569},{"key":{"remoteJid":"93785293400@s.whatsapp.net","fromMe":true,"id":"42EFF78E7870D212E5092F38D244211A"},"messageTimestamp":1752295583}],"nextPreKeyId":36,"firstUnuploadedPreKeyId":36,"accountSyncCounter":1,"accountSettings":{"unarchiveChats":false},"deviceId":"lVPoLD4aTpiNPEG-InnD-w","phoneId":"59a8309d-c60c-4e34-99b7-1242d7ab4b38","identityId":{"type":"Buffer","data":"0NkiUzASVHtSxU3CkezQ+cr9mNg="},"registered":true,"backupToken":{"type":"Buffer","data":"QOdoRGUzSCTN9f5iIZL/4NNPKvE="},"registration":{},"pairingCode":"RLDBF96B","me":{"id":"93785293400:1@s.whatsapp.net","name":"Nail Hack","lid":"207155349176444:1@lid"},"account":{"details":"CIfiz70FEIDRx8MGGAEgACgA","accountSignatureKey":"ctrYLOnMhKRYXUKOfCKbZj0QzNecF3M+BNVedKUMci4=","accountSignature":"29nIG9RTTaNjBDjTJ87xoCfvnWEIdWgtu7AQsHN0kCYzgXlf+F5OQTpHzb4jjeqYMHBXTrnW6BSa2eJr1V01Cg==","deviceSignature":"giTlqrpPaHTOLg2VhUclM7XleG+Mw+ONFLraEdiiIEgyTU+5bjt2WNMrwI93G5HobhWIdI/qMzGANM7/TYdWBg=="},"signalIdentities":[{"identifier":{"name":"93785293400:1@s.whatsapp.net","deviceId":0},"identifierKey":{"type":"Buffer","data":"BXLa2CzpzISkWF1Cjnwim2Y9EMzXnBdzPgTVXnSlDHIu"}}],"platform":"smba","routingInfo":{"type":"Buffer","data":"CAgIDQ=="},"lastAccountSyncTimestamp":1752295565,"lastPropHash":"3gPUJk","myAppStateKeyId":"AAAAAATX"}