{"noiseKey":{"private":{"type":"Buffer","data":"MB2TLWbQfMd45Pd08IKri0sabe6Dz7XKdGkmq66JI0A="},"public":{"type":"Buffer","data":"qzm9ELiR15+3lfA4MAEm2aI9QrFrX24VL4mJNB+Uuwo="}},"pairingEphemeralKeyPair":{"private":{"type":"Buffer","data":"sJV5yqMS2Y3RctjiZDtqSbONNia1N5B4upffn9E43lU="},"public":{"type":"Buffer","data":"0/fMEEXuzKuQvwfuPfEZLMigHNuFuZ6sOgzFYtiJG0I="}},"signedIdentityKey":{"private":{"type":"Buffer","data":"qCrxxVCUvvdwZ/20npop3G46a2aOAKt+qNmyygHvWFk="},"public":{"type":"Buffer","data":"coPHy9fv349GQ8CKOIy7xrV8LsFBW6qanRlfHRkgFBE="}},"signedPreKey":{"keyPair":{"private":{"type":"Buffer","data":"uJBUTgMjuz/JMqqbY0BK7UD5X3rbzlV+BYpO2jQKrno="},"public":{"type":"Buffer","data":"dPxXD71ZKT1H6WdbUT7uxT5CBnPjMHqIajTxSmVj4l0="}},"signature":{"type":"Buffer","data":"saAa2OofhzzXy7VKHjTQy8OKpJjT/kdSYf0F93SlVTvPJ1lBwzqK9GVtBTOswnmg1fgdJ25+R5lnJpaB8PyLiw=="},"keyId":1},"registrationId":246,"advSecretKey":"0OUj2DtKVsErNwcVXFYGe7lcySGinhyJltZgsfLY4Ww=","processedHistoryMessages":[{"key":{"remoteJid":"94774748844@s.whatsapp.net","fromMe":true,"id":"03CE200A0D18C352F3FAD99BBFDD8A1D"},"messageTimestamp":1751808513},{"key":{"remoteJid":"94774748844@s.whatsapp.net","fromMe":true,"id":"2D207DD781042F95551FCE06CBFA82F2"},"messageTimestamp":1751808524},{"key":{"remoteJid":"94774748844@s.whatsapp.net","fromMe":true,"id":"672BC37E618EAB430ECF5445538B097F"},"messageTimestamp":1751808598},{"key":{"remoteJid":"94774748844@s.whatsapp.net","fromMe":true,"id":"5013C074065957D74B76641B7A9F369E"},"messageTimestamp":1751808686},{"key":{"remoteJid":"94774748844@s.whatsapp.net","fromMe":true,"id":"DFFC3A7C1EFE587CA6826982E27A1FF6"},"messageTimestamp":1751808743},{"key":{"remoteJid":"94774748844@s.whatsapp.net","fromMe":true,"id":"991793EC1E5B779EE91265F6495590DE"},"messageTimestamp":1751808805},{"key":{"remoteJid":"94774748844@s.whatsapp.net","fromMe":true,"id":"3F336D42AFB3396270771FCAFF4C8A1E"},"messageTimestamp":1751808884},{"key":{"remoteJid":"94774748844@s.whatsapp.net","fromMe":true,"id":"96E43B4F9A1BDF4101754C8B364AE3F4"},"messageTimestamp":1751808960},{"key":{"remoteJid":"94774748844@s.whatsapp.net","fromMe":true,"id":"EC7D629D7462EEDFFF7A38FA5482B5EE"},"messageTimestamp":1751809009},{"key":{"remoteJid":"94774748844@s.whatsapp.net","fromMe":true,"id":"C97CF85D4335A0F316931F914829E375"},"messageTimestamp":1751809059},{"key":{"remoteJid":"94774748844@s.whatsapp.net","fromMe":true,"id":"C45007414B13908A5B943C10F6DC1539"},"messageTimestamp":1751809118},{"key":{"remoteJid":"94774748844@s.whatsapp.net","fromMe":true,"id":"89E346632ECB16D54D2949946F065DBC"},"messageTimestamp":1751809173},{"key":{"remoteJid":"94774748844@s.whatsapp.net","fromMe":true,"id":"8D09BC4C522C49981C8685973F324479"},"messageTimestamp":1751809181}],"nextPreKeyId":1079,"firstUnuploadedPreKeyId":1079,"accountSyncCounter":1,"accountSettings":{"unarchiveChats":false},"deviceId":"fkBET6QLSouGp5hPMAJBLA","phoneId":"90c949fc-81d0-499b-b20e-a8c203912b2a","identityId":{"type":"Buffer","data":"W137WCvhuimMm1Ja/cblMU3qtMg="},"registered":true,"backupToken":{"type":"Buffer","data":"NBypjPoqQuCE5VHdoGqmnGMKQzw="},"registration":{},"pairingCode":"PHMD641M","me":{"id":"94774748844:64@s.whatsapp.net","lid":"180019829690453:64@lid","name":"mayurakeshan116"},"account":{"details":"CMa4yf4CEN7zqcMGGAEgACgA","accountSignatureKey":"v44lEsgwIRzYyJ2oasJU25Fv0z8tu4aAq2pKiI+y8lI=","accountSignature":"qlAaIX0Tks8xh4hyJJnebj7OncmChUMXyhrR0qiE5wNt2IqY/pvDpDBPYMdNqbFw6EKVDdS7rMceGuQulR9jCA==","deviceSignature":"MplGtHY3ieiOpFVIVFZR8LN+k3QPVJkKMRPUcXbbWSaMgp3xQZTcJUMpV4i+n9dGJc2lCS2hG4PbwoLWMbisgA=="},"signalIdentities":[{"identifier":{"name":"94774748844:64@s.whatsapp.net","deviceId":0},"identifierKey":{"type":"Buffer","data":"Bb+OJRLIMCEc2MidqGrCVNuRb9M/LbuGgKtqSoiPsvJS"}}],"platform":"android","routingInfo":{"type":"Buffer","data":"CAgIBQ=="},"lastAccountSyncTimestamp":1751817719,"lastPropHash":"3R9Z39","myAppStateKeyId":"AAAAALHf"}