{"noiseKey":{"private":{"type":"Buffer","data":"GB15WmjZRjMcu7y/4MB/PuilMMrhxuSZXkkHx4kyLG0="},"public":{"type":"Buffer","data":"8GrHeRX/hhea6M4LRLXM7jDitsuHmgF0JoBaAAccgF4="}},"pairingEphemeralKeyPair":{"private":{"type":"Buffer","data":"sOTMPaEnmObPAs2EzLg2quRz8S0W2xay0VNQehwjI04="},"public":{"type":"Buffer","data":"WOHmEKScjWY+eNOyBrym97k7bR4OOPI0gHMMofaP4W8="}},"signedIdentityKey":{"private":{"type":"Buffer","data":"yNJAJYjfIGjPL9Ud02RtbfDEQsnzQ64uMTOpa81gNm0="},"public":{"type":"Buffer","data":"9+Db9qAUD4kBgES/cQrTw67lwGkF9EMTHW4Ukr+N9lI="}},"signedPreKey":{"keyPair":{"private":{"type":"Buffer","data":"AEBOgEJytjyG9AE5kTIVELoe6dpNEB/vmwwk9CVHOGA="},"public":{"type":"Buffer","data":"R8paXzj0rSOEaR551xSh13l1g4PA2u/WDJ0CmHqDxnY="}},"signature":{"type":"Buffer","data":"sl2EyFsffr4hT1E6x6Vkdkqy3ioTSuaeTPxQ3YwNgqnhM9Y8K7ouqNKDPY6uh/WnNRtUD6rHwpgkJVdM2N3eAA=="},"keyId":1},"registrationId":150,"advSecretKey":"TjsHU2i8Xs2dt1cHKyEtWVNz+am6+4U/sjQz9By8rXY=","processedHistoryMessages":[{"key":{"remoteJid":"94741127592@s.whatsapp.net","fromMe":true,"id":"25CADE8B5C49C361DF8862BAAE28F1D1"},"messageTimestamp":1751860859},{"key":{"remoteJid":"94741127592@s.whatsapp.net","fromMe":true,"id":"4D0FE4ACE0FC70CE90674154DA0C819E"},"messageTimestamp":1751860867},{"key":{"remoteJid":"94741127592@s.whatsapp.net","fromMe":true,"id":"CA3D3D970B7FA055BA53C50F354964E5"},"messageTimestamp":1751860880},{"key":{"remoteJid":"94741127592@s.whatsapp.net","fromMe":true,"id":"CD0DB4D74BED4F8B25FA0550484FA169"},"messageTimestamp":1751860889},{"key":{"remoteJid":"94741127592@s.whatsapp.net","fromMe":true,"id":"E41D5AF1336651A6C8B6E3DF1B31706F"},"messageTimestamp":1751860901},{"key":{"remoteJid":"94741127592@s.whatsapp.net","fromMe":true,"id":"1B9D51A57D8D310ACD6FCA5A8F2233FB"},"messageTimestamp":1751860903},{"key":{"remoteJid":"94741127592@s.whatsapp.net","fromMe":true,"id":"57E22B9F42B8A3CA0B95A417CC9595C8"},"messageTimestamp":1751860904}],"nextPreKeyId":328,"firstUnuploadedPreKeyId":328,"accountSyncCounter":1,"accountSettings":{"unarchiveChats":false},"deviceId":"CYNif_IITgyIEeQrVvtrrQ","phoneId":"0ea5c116-3fa4-4136-a0ff-d87250b4ce25","identityId":{"type":"Buffer","data":"Q/dho5izPjmxkgFVBAY+5sUQG2I="},"registered":true,"backupToken":{"type":"Buffer","data":"LGHH1ywLLfKiyclkouv4R3vhEEI="},"registration":{},"pairingCode":"DYFEA84Q","me":{"id":"94741127592:8@s.whatsapp.net","name":"kavii","lid":"108388465770583:8@lid"},"account":{"details":"CKSK0roDEOqMrcMGGAMgACgA","accountSignatureKey":"UIpMu9ABb85BvI3icRoFR6V+PQDVGewp9F5zIPOGzQE=","accountSignature":"onK6myeq0V/LCa0tgYvIdgFbNI4+sNEXISYD/BoCAbkPFFgudItnsyY2FoLMUvJL55Kdp3xnArSZHqa53JtUAw==","deviceSignature":"mtCOx0R5MrOqCDX+Kp6t4f5kOsSURlvYq6OaXjRf+8nyDJZQ68YAeIX5nwb7vG/tFlN6lYFoI2qP/4aDEsxgBQ=="},"signalIdentities":[{"identifier":{"name":"94741127592:8@s.whatsapp.net","deviceId":0},"identifierKey":{"type":"Buffer","data":"BVCKTLvQAW/OQbyN4nEaBUelfj0A1RnsKfRecyDzhs0B"}}],"platform":"smba","routingInfo":{"type":"Buffer","data":"CAUIAg=="},"lastAccountSyncTimestamp":1751860854,"lastPropHash":"PWk5B","myAppStateKeyId":"AAAAAMoS"}