{"noiseKey":{"private":{"type":"Buffer","data":"iClkGl6GqHzSklOTfCOvyApoy5B61SuzJAltN7MZC0I="},"public":{"type":"Buffer","data":"kHOk+gjLJR5fzvAfpk2O9QwLoLuhssJ5b3lYI4v5ExU="}},"pairingEphemeralKeyPair":{"private":{"type":"Buffer","data":"0A9lUioEcdbwI+nwuK9p8Qyeyl0HitDJVWLWba1ZClU="},"public":{"type":"Buffer","data":"YqA1F3OpGnv19Ss7ndfqeo1eCozzREa0ywHnoRIeikc="}},"signedIdentityKey":{"private":{"type":"Buffer","data":"qJ6gnrjlneMHuft6JX7hTJ/67yFunMGCOmv2HDVaI3c="},"public":{"type":"Buffer","data":"uXMcUk/GZ0m/MF4KQes9awcMC+5U6145GAQOjPXgbDA="}},"signedPreKey":{"keyPair":{"private":{"type":"Buffer","data":"yOOz1vTwMfyHRGj6Wo7QHQkWyObDxnZsTfLqrDIHIkU="},"public":{"type":"Buffer","data":"aQAoB1lENjZ52c7fjhbZDW7w4186d4WKp/Yxrked5Vg="}},"signature":{"type":"Buffer","data":"jUfk3iIrhbMiy7LyJgpwhqNofR9p7132g1K+4DHtkCG32Dwq7strJ7WbPahS3dfeshpJ8zO2P+p8y4+9xN+iAg=="},"keyId":1},"registrationId":97,"advSecretKey":"tRLLKJK7D6DhLWH9xuLklcUR9IfRZANV9Nc9MJxtjDs=","processedHistoryMessages":[{"key":{"remoteJid":"94704471855@s.whatsapp.net","fromMe":true,"id":"D1CF4BE9BDD67B9D33A47B920087EEFD"},"messageTimestamp":1752115138},{"key":{"remoteJid":"94704471855@s.whatsapp.net","fromMe":true,"id":"FA08011A7DD86C9AF05611732D89B6C6"},"messageTimestamp":1752115145},{"key":{"remoteJid":"94704471855@s.whatsapp.net","fromMe":true,"id":"F4E4FBC318D9543C1EF5C2CC24236CEA"},"messageTimestamp":1752115145}],"nextPreKeyId":126,"firstUnuploadedPreKeyId":126,"accountSyncCounter":1,"accountSettings":{"unarchiveChats":false},"deviceId":"9LSBVds9SNGJZesDNEwumA","phoneId":"22f33f78-c8ff-4a33-969d-21080e8165a0","identityId":{"type":"Buffer","data":"XGdt4IUCurmoa49Fuv7QKLvlNgU="},"registered":true,"backupToken":{"type":"Buffer","data":"stpzQGea5uDyU7r/yIeXa0G1y9M="},"registration":{},"pairingCode":"GBRXSTY8","me":{"id":"94704471855:94@s.whatsapp.net","lid":"77151084793897:94@lid","name":"ɪᴛ 'S̾ ᴹᴱ V̶V̶I̶P̶ ᴳᴵᴺᵀᵁ😈"},"account":{"details":"CPT+yOsGEKTPvMMGGAMgACgA","accountSignatureKey":"n9e97VuuucJY9qDBOZ1T2QT+FvsO4ZHfxoJEVuziEVQ=","accountSignature":"aHYsDd8L00Zo9ulGxt3OuttMZDJkeopogqrK5IIi8Ih9ACrd6GEBreh8SqxE9Nzh3bN/SWPOvZi25+udp3TcCw==","deviceSignature":"qkHHTbqnVdLChOlElBrOTbOij0XMh0Jcpcz/0wjc/UhRuNApchM3MzYHRJknNr2An+n3aNf6sG7kBtnP5KQuDA=="},"signalIdentities":[{"identifier":{"name":"94704471855:94@s.whatsapp.net","deviceId":0},"identifierKey":{"type":"Buffer","data":"BZ/Xve1brrnCWPagwTmdU9kE/hb7DuGR38aCRFbs4hFU"}}],"platform":"android","routingInfo":{"type":"Buffer","data":"CA0ICA=="},"lastAccountSyncTimestamp":1752119033,"lastPropHash":"2V77qU","myAppStateKeyId":"AAAAAE9y"}