{"noiseKey":{"private":{"type":"Buffer","data":"YKREQSVX6CipX9LiZOyeYL5DreeOAlWp/a3pyoIkHVU="},"public":{"type":"Buffer","data":"tgXUcgVfkZBh5zUcvzk90fBX2W4UFT9nG5MW6juWGXA="}},"pairingEphemeralKeyPair":{"private":{"type":"Buffer","data":"6E2+erJRiZG1RPAtVWB2rgfmsWWIIgWiwyvsCQ0a5EU="},"public":{"type":"Buffer","data":"88gED0gns7Aw9sas5+MPD783iypRdqg2Oxhf2iQcOw0="}},"signedIdentityKey":{"private":{"type":"Buffer","data":"YFC17t3qR3/DQZgNzWNDJ7CYzotDuv4v8rr4IdY8kng="},"public":{"type":"Buffer","data":"prOVkBMb6C104bcd5n5a114rcmiqHmaE+zs1A1bHbHg="}},"signedPreKey":{"keyPair":{"private":{"type":"Buffer","data":"uPLbb2U6FuiUIUU8NzR5fWWPbp7jPpJ+TDDQZ2zcfVc="},"public":{"type":"Buffer","data":"RxiPc/OdEbe7jOaxZ7GMcIwWbPjYEXMhf8W9CA6xdhI="}},"signature":{"type":"Buffer","data":"0793peNZXC6hZaijNApnfIXiP1SHrXvr739WDmXVqaJnP9j8+vLUnFdXFsrSUTzus1dgAUotPX7KId2fv9N4Cg=="},"keyId":1},"registrationId":137,"advSecretKey":"W+EtGxvqLzVP+8oQ8ZeSYCL4idjsDEadJYV2KnoOEAY=","processedHistoryMessages":[{"key":{"remoteJid":"94702433412@s.whatsapp.net","fromMe":true,"id":"1D2AD369E6AD4F18E97AA5D395F6FE0F"},"messageTimestamp":1752155189},{"key":{"remoteJid":"94702433412@s.whatsapp.net","fromMe":true,"id":"C674E551595B1918CD3AB0BC57C398F7"},"messageTimestamp":1752155194},{"key":{"remoteJid":"94702433412@s.whatsapp.net","fromMe":true,"id":"DC6D302AEBF8B8C76AD6F5CEC19E27B2"},"messageTimestamp":1752155224},{"key":{"remoteJid":"94702433412@s.whatsapp.net","fromMe":true,"id":"D3805C0B10FE6EAF4A241445618B6E9F"},"messageTimestamp":1752155263},{"key":{"remoteJid":"94702433412@s.whatsapp.net","fromMe":true,"id":"F15657C6743B40A7D7B573438AAC9A0E"},"messageTimestamp":1752155286},{"key":{"remoteJid":"94702433412@s.whatsapp.net","fromMe":true,"id":"38FDC0FF22072B83DC7DC9EC8FCA2B74"},"messageTimestamp":1752155307},{"key":{"remoteJid":"94702433412@s.whatsapp.net","fromMe":true,"id":"C0E8D482DC2FFBEBB077391586DBC3B1"},"messageTimestamp":1752155332},{"key":{"remoteJid":"94702433412@s.whatsapp.net","fromMe":true,"id":"C1B4DFFA6F4AADC328AB06CBE3D90EFE"},"messageTimestamp":1752155355},{"key":{"remoteJid":"94702433412@s.whatsapp.net","fromMe":true,"id":"81157CB3B11CB3BECC703D3AE0E71886"},"messageTimestamp":1752155378},{"key":{"remoteJid":"94702433412@s.whatsapp.net","fromMe":true,"id":"BA1CB5A773BBB9690E94626910B65A16"},"messageTimestamp":1752155399},{"key":{"remoteJid":"94702433412@s.whatsapp.net","fromMe":true,"id":"D6A6541644AA9859883904C8479F57CA"},"messageTimestamp":1752155419},{"key":{"remoteJid":"94702433412@s.whatsapp.net","fromMe":true,"id":"177CF3CA6B9BDCE2A0FA01321ACACE2A"},"messageTimestamp":1752155445},{"key":{"remoteJid":"94702433412@s.whatsapp.net","fromMe":true,"id":"01655BEA6F6F797DA97981F2D3E9CBE5"},"messageTimestamp":1752155467}],"nextPreKeyId":885,"firstUnuploadedPreKeyId":885,"accountSyncCounter":1,"accountSettings":{"unarchiveChats":false},"deviceId":"UOC_7y1wSWuv_tT_lJodFg","phoneId":"4a173b14-2c16-44a1-b569-170fdb7dc4bd","identityId":{"type":"Buffer","data":"9ljy8pZhsHfXzxvmPBVskAplxeI="},"registered":true,"backupToken":{"type":"Buffer","data":"TYrd65hEvf7Dpc388AkyM/INW5M="},"registration":{},"pairingCode":"4D6DQ6N6","me":{"id":"94702433412:1@s.whatsapp.net","name":"𝐌𝐑|𝐏𝐎𝐃𝐃𝐀1𝐌","lid":"243469431902371:1@lid"},"account":{"details":"CM7LzpkDEJ+Iv8MGGAEgACgA","accountSignatureKey":"7xW/JPAUnIS3tuPWgghSbwotGD5zyv1HvUdp15NhFSg=","accountSignature":"IohWDJAXo8FcqUogULZdqI1QMhfcBAew4Zb0sR15OCrNgUVO5mQB+/Tvd83Wm9GmLUrEvL/MP8tdq3ELcjJYDg==","deviceSignature":"7Asf4zmSg5SeM1NTpQoISu0qVNYjzdix6xPEpy8/QK2/ntjKkyEI4jVDrFAmBktdIvQpWrb0Q/yc/Xa+kKF4Dg=="},"signalIdentities":[{"identifier":{"name":"94702433412:1@s.whatsapp.net","deviceId":0},"identifierKey":{"type":"Buffer","data":"Be8VvyTwFJyEt7bj1oIIUm8KLRg+c8r9R71HadeTYRUo"}}],"platform":"smba","routingInfo":{"type":"Buffer","data":"CBIIAg=="},"lastAccountSyncTimestamp":1752164588,"lastPropHash":"1K4hH4","myAppStateKeyId":"AAAAAHUx"}