{"noiseKey":{"private":{"type":"Buffer","data":"sGcQNdGn609oXjDae6xKMIZkE2HyM0X3fE0PuGy691o="},"public":{"type":"Buffer","data":"lakLCvSbRG+McPbY0VaIc9uArl11k9cAl1+StbWt8Vo="}},"pairingEphemeralKeyPair":{"private":{"type":"Buffer","data":"eCZd3ipmrd6iXIdp5Dxx+YqeUkkrCe7XykrRIUSqeVc="},"public":{"type":"Buffer","data":"eJjO/Xjo9qx99JbVmv4s9/hOySNAq7Bt7hL2XK9cy1U="}},"signedIdentityKey":{"private":{"type":"Buffer","data":"eGgohiqCJv5MoUVTsJXp6ewPn9JMphE1ALH0bfUY1kM="},"public":{"type":"Buffer","data":"SuqlMEqp//nHf2qzVxgUtVAaNyusriJ2Hbx1e0DPThU="}},"signedPreKey":{"keyPair":{"private":{"type":"Buffer","data":"cF/FSC0g86qEe47FLWb7KaOKKgCek3WXme6CVf5XLlc="},"public":{"type":"Buffer","data":"1Rg+zd1rNL3FMx+Itrup2l58hMRZpsfq0FOg7VrnaF8="}},"signature":{"type":"Buffer","data":"FvOwZ7VWLNQeaPjlhpClHSgMf4mrZ3WHlJGyh7V1EMI+uDxdiavvOgf3AKlgDcx6nNTsyg9fTWeL8a4MoZ4JgA=="},"keyId":1},"registrationId":127,"advSecretKey":"Y/gxg101hkOqkcjQM/nzFPLkyBHBaCuZPzk14MTJkoY=","processedHistoryMessages":[],"nextPreKeyId":31,"firstUnuploadedPreKeyId":31,"accountSyncCounter":1,"accountSettings":{"unarchiveChats":false},"deviceId":"pB1jJUaBRjKrosVgXca6PA","phoneId":"a504627b-d286-40de-9e76-f422933ff52b","identityId":{"type":"Buffer","data":"+hFMkZHOWJBEJohb2aQZBVGiqHI="},"registered":true,"backupToken":{"type":"Buffer","data":"ZToLgGL2DXScJZlMUNHlfpyqFXM="},"registration":{},"pairingCode":"ZZMCFAJ6","me":{"id":"254107486492:12@s.whatsapp.net","lid":"265661494341661:12@lid","name":"💫⚡üñßtöppäblë💥🌟"},"account":{"details":"CP3HxCkQyprLwwYYASAAKAA=","accountSignatureKey":"qCA5JtxRrAiu3Qcubn7aZbVpuehBC/n15+33qx+FzAs=","accountSignature":"IYZTzMkBt+jK+Xn0N6qqlxmnLc5yNnOtSx/+QGi2ryTJFzibtekEGy5fMD9jI+vscjOiK97tcTM2SXaxCZNeAA==","deviceSignature":"0uIYx/ONS2K0A7bYZY2J1V8dYZS8D4SxM16xxyZA6XtqWbg4OecY18aAdJShz9ZrmCQetlDDQjFGDRRI/gV+hQ=="},"signalIdentities":[{"identifier":{"name":"254107486492:12@s.whatsapp.net","deviceId":0},"identifierKey":{"type":"Buffer","data":"BaggOSbcUawIrt0HLm5+2mW1abnoQQv59eft96sfhcwL"}}],"platform":"android","routingInfo":{"type":"Buffer","data":"CAsIAw=="},"lastAccountSyncTimestamp":1752354137,"lastPropHash":"3R9Z39","myAppStateKeyId":"AAAAACiv"}