{"noiseKey":{"private":{"type":"Buffer","data":"yH7HkfQrQbfwY1q+RuDEpLXP2yjjdiytTXNBoQhf9EE="},"public":{"type":"Buffer","data":"JXbO1fDPy5pzCvhmYePADfDda/VUMdspH/4mNFh52Tg="}},"pairingEphemeralKeyPair":{"private":{"type":"Buffer","data":"mPtRIxRx9InjD0sRrJs/VbuernTtjx5ahWcFXXBRV1Y="},"public":{"type":"Buffer","data":"0tYKUtbWGfhWAtHY4+5bqJo3mTgroZdw95zbamcHvyk="}},"signedIdentityKey":{"private":{"type":"Buffer","data":"2Bds3dIuYqOvdllusRm2ZVTQ6y8fq4u0FL/hYaMNQ3U="},"public":{"type":"Buffer","data":"UfcBO1xdo8+feeprofpYFZWjVQcTjddGTOun1NjEdTg="}},"signedPreKey":{"keyPair":{"private":{"type":"Buffer","data":"yExHtQIKJOVQwQs5ixiUya9mFsLcH/fER9lWbMfcAmE="},"public":{"type":"Buffer","data":"K0yTl1gS51OY8jLb8Fwm+/GPxLQgPm/rHISFfVYOpws="}},"signature":{"type":"Buffer","data":"IIaUFYsnYWpfL8+f1513jHLMiWwgVy1ibjEiMewKFyYqraWT5E6y7KT+gn1039ISFZYPoEl4UqIlzdgcGNuyiw=="},"keyId":1},"registrationId":45,"advSecretKey":"f/LM+RFVuq6EdtQyDpRpKxa/VqmE/zrkStR4DRTeLf4=","processedHistoryMessages":[],"nextPreKeyId":1,"firstUnuploadedPreKeyId":1,"accountSyncCounter":0,"accountSettings":{"unarchiveChats":false},"deviceId":"3uwRJxGgSBOlG6b6P2U90g","phoneId":"88dbc690-be7c-4764-aeb9-2b8a106fc7f5","identityId":{"type":"Buffer","data":"m6OtdM2xHKsCkA+7KxDkpg2LJG8="},"registered":true,"backupToken":{"type":"Buffer","data":"RO1HPbPhTUp8QheVJMDy6SiEDdo="},"registration":{},"pairingCode":"ZVEQQAP5","me":{"id":"94770782235@s.whatsapp.net","name":"~"}}