{"noiseKey":{"private":{"type":"Buffer","data":"EPt1IW3wGmGKgT2OKQxpO5hQdPeFM9k/UCiS2K02tmU="},"public":{"type":"Buffer","data":"kw1VE/PzOv4pnDkY/xqYrnmokMIGhh6Ozpr9SUIyIy8="}},"pairingEphemeralKeyPair":{"private":{"type":"Buffer","data":"sBUUALPgV1Z6d/qfBDbXh02i8r5nu5M9jRM/BI5CeWs="},"public":{"type":"Buffer","data":"NfFV2AVO/VIjOcDCdpCn/JHPxKWwAmB6WqKHjyBIYjo="}},"signedIdentityKey":{"private":{"type":"Buffer","data":"yLhgmgNpty3WvG2iLUWlQiPxDRl7Ah5WTqQ+ybUwLEg="},"public":{"type":"Buffer","data":"AMC+pTlkh6bNwSNMppp0UxjtmDvQ1OAA6b3hAE5FrlI="}},"signedPreKey":{"keyPair":{"private":{"type":"Buffer","data":"gNhQSnL5cwwrR3aZ/8zmB/NAgkLYLDFgD6UftDP3Skw="},"public":{"type":"Buffer","data":"lHWfelT4sQwlRx3tFznYy5TM7ZgKHHjBSDVZJfQfMyQ="}},"signature":{"type":"Buffer","data":"QCWgvE9GMQ6GteCNixSbfsPecbl1fdHmVy1j4XJiIpcUwZr1rcX6phsa25mDNzdwwS8ZVxPKxwFr1TA5Xby1DA=="},"keyId":1},"registrationId":43,"advSecretKey":"jzjztimH0/O5QSQKQgXmI+Um2MzzN0CYHIDEcUAYZvA=","processedHistoryMessages":[{"key":{"remoteJid":"94701839283@s.whatsapp.net","fromMe":true,"id":"3439E5CB20795504FAA473648FF6C26C"},"messageTimestamp":1751900477},{"key":{"remoteJid":"94701839283@s.whatsapp.net","fromMe":true,"id":"3B40BF5359DAD028FCEF8F0B189154B8"},"messageTimestamp":1751900480},{"key":{"remoteJid":"94701839283@s.whatsapp.net","fromMe":true,"id":"CD815C36F199DBE3F5DA69C5A5074015"},"messageTimestamp":1751900515},{"key":{"remoteJid":"94701839283@s.whatsapp.net","fromMe":true,"id":"8EBF7D42681CDCC3AE2E731FBBB4C789"},"messageTimestamp":1751900535},{"key":{"remoteJid":"94701839283@s.whatsapp.net","fromMe":true,"id":"B32D45AF824263191E8839C5E4E72BA6"},"messageTimestamp":1751900570},{"key":{"remoteJid":"94701839283@s.whatsapp.net","fromMe":true,"id":"E3BAFB5AEF621F1ADCAEB4023D928242"},"messageTimestamp":1751900609},{"key":{"remoteJid":"94701839283@s.whatsapp.net","fromMe":true,"id":"A50AF188090DAFD684297A4D1AB32036"},"messageTimestamp":1751900641},{"key":{"remoteJid":"94701839283@s.whatsapp.net","fromMe":true,"id":"B3E8450BF257C1C2390C0EF53867DF8F"},"messageTimestamp":1751900670},{"key":{"remoteJid":"94701839283@s.whatsapp.net","fromMe":true,"id":"A51B2537B8545061A7F6C80E0F163D63"},"messageTimestamp":1751900674}],"nextPreKeyId":107,"firstUnuploadedPreKeyId":107,"accountSyncCounter":1,"accountSettings":{"unarchiveChats":false},"deviceId":"mNokSJCWSBi2lXRFS9wpIg","phoneId":"33ccdcc1-a522-4d99-9b9c-462cf023ae75","identityId":{"type":"Buffer","data":"0jtjCiSuqRbcFNrAI05h5SvzE8Q="},"registered":true,"backupToken":{"type":"Buffer","data":"yhEbEqAQP5zj6/Eq7sMQxeA3stw="},"registration":{},"pairingCode":"X9KJ8SE9","me":{"id":"94701839283:17@s.whatsapp.net","lid":"206472617140455:17@lid","name":"®️ RANA MD 🎁🥰"},"account":{"details":"CJrbmNMGEKjCr8MGGAEgACgA","accountSignatureKey":"/2WnFjAq1r6aD3f96VFP+R9e/K1n/4+8V20rvLp+0QA=","accountSignature":"28vYyLt6ZzqK5l2eURXIs8WwCCi35FgjRyb5fcSUwg2wsinembbYd2+mjsWo+aq6YBgSSLGTtb0MGPTXlOPqDw==","deviceSignature":"beud/45wATm0MEz8K7ygFbChO0TnkkmxjkOcQk5fO8E/0AIEzjICkP14DKExV5oqYnKgZu47HzwIZbH25uJrAA=="},"signalIdentities":[{"identifier":{"name":"94701839283:17@s.whatsapp.net","deviceId":0},"identifierKey":{"type":"Buffer","data":"Bf9lpxYwKta+mg93/elRT/kfXvytZ/+PvFdtK7y6ftEA"}}],"platform":"android","routingInfo":{"type":"Buffer","data":"CAgIBQ=="},"lastAccountSyncTimestamp":1751900470,"lastPropHash":"3R9Z39","myAppStateKeyId":"AAAAAG9o"}