{"noiseKey":{"private":{"type":"Buffer","data":"0NZ0eUSm5gBNvo4IF1hQ/FMqjkzd9DwOKeezDGm3uWo="},"public":{"type":"Buffer","data":"wybUUws25wRtHfiHDSIebnxkUpR/JatwdOPtJuvRV3I="}},"pairingEphemeralKeyPair":{"private":{"type":"Buffer","data":"aHXSneaAZ1uLsSl1q7S1Zr62FbsFY58TnDrrElDWSXw="},"public":{"type":"Buffer","data":"MCABgu7ZTeAuPSbLXrelgvCIj3sfevtuak1liJHQj18="}},"signedIdentityKey":{"private":{"type":"Buffer","data":"ACaEQsdKWFvXuKzD1Ux2fO/ISv/bxkV5ZfhF4pR7hHo="},"public":{"type":"Buffer","data":"9/gPbaH4IvYViqIVoSswufR8xghGRb44MqY28TdzgVE="}},"signedPreKey":{"keyPair":{"private":{"type":"Buffer","data":"oBZ1iM3Shlr1G6o4oWpWOhGFVByD2EwA1b8AyMn8KW4="},"public":{"type":"Buffer","data":"gZlAU/s0FlB+Bv1an0kwr3MbuY1Z5Jq4lNK1wBMsjHU="}},"signature":{"type":"Buffer","data":"3gheMpq52vxNXE4KRNpp+qLw6aDalcobUZ0TzntuJ8dsNxZjSZDKpDgyer0vMIfen2MEQqIdADh1JN4mXyAyjg=="},"keyId":1},"registrationId":40,"advSecretKey":"ugWhtBhVlvO2fpSJ3tDZ6gDYHsdUvfoDPpsUmqM2XgU=","processedHistoryMessages":[{"key":{"remoteJid":"94723362511@s.whatsapp.net","fromMe":true,"id":"27913126D76ADEEDC8DDA9736F45B834"},"messageTimestamp":1752386306}],"nextPreKeyId":31,"firstUnuploadedPreKeyId":31,"accountSyncCounter":1,"accountSettings":{"unarchiveChats":false},"deviceId":"9Q5eyyblQqCJQNSKTeukUg","phoneId":"519a85e4-fae0-4f4b-9fa4-ec4464079641","identityId":{"type":"Buffer","data":"kJukbdDmT77I1v7rH05/pDcR7kM="},"registered":true,"backupToken":{"type":"Buffer","data":"Mhtr5FJgeDi0t0wv0Ap6uIlblWg="},"registration":{},"pairingCode":"157XC6JN","me":{"id":"94723362511:20@s.whatsapp.net","name":"සුමතිපාල","lid":"257793114280015:20@lid"},"account":{"details":"CNXu8CMQyJXNwwYYASAAKAA=","accountSignatureKey":"0k2OnacOqQsxYtnaeqw2XCfGaygVBKFGbUpb9tkIoks=","accountSignature":"DhqJ5Brtat59z79/0WwDIRwxJBa6wfG3QOOfruxGcmE8FhEUcByOwU9rSvtd8AnCWeLuDd5RoVbCeZyXA1CfBQ==","deviceSignature":"Oa1acNeDrna4JKuBpldsJt9GsTYn9sudaf4yQ4jTkrde439BFLhY6WujJODFXmChnrfueVK/8TMi3Dyb0UaIjA=="},"signalIdentities":[{"identifier":{"name":"94723362511:20@s.whatsapp.net","deviceId":0},"identifierKey":{"type":"Buffer","data":"BdJNjp2nDqkLMWLZ2nqsNlwnxmsoFQShRm1KW/bZCKJL"}}],"platform":"smba","routingInfo":{"type":"Buffer","data":"CAsICA=="},"lastAccountSyncTimestamp":1752386262,"lastPropHash":"1K4hH4","myAppStateKeyId":"AAAAACCa"}