{"noiseKey":{"private":{"type":"Buffer","data":"CDvOy/wCCLjg3VTzzAm/dMBCUA2YaZnaZXR633ED9WU="},"public":{"type":"Buffer","data":"9lb3dchaVS9xgo6nk84gbQ6ZV4NCNroyiawRK3zIMVc="}},"pairingEphemeralKeyPair":{"private":{"type":"Buffer","data":"6DUG0eq62rwnicC70r5Ibiytr7a/tAry7I9ynUqDF3I="},"public":{"type":"Buffer","data":"2C5tGLuLW/Tf4OlWTQnzrsWtOQjO5PvzU40RT66fcBM="}},"signedIdentityKey":{"private":{"type":"Buffer","data":"yCS3P7hJJQCT8kxRS2BfVK1MH29INoBE3T0pmNgCeWc="},"public":{"type":"Buffer","data":"vEGwfbhchnxQ9Lg67oiryKSaME1ju4uWYvfORxY7iT4="}},"signedPreKey":{"keyPair":{"private":{"type":"Buffer","data":"eHrCq6wGdf24jSbbYaGwyH05YP5LL7DkLFt5+WdReUA="},"public":{"type":"Buffer","data":"7YnrA3/b5t0ly9R+uX5l9aqf2adgVkpxPt+Ks2w2kl0="}},"signature":{"type":"Buffer","data":"0vC2YI7cRBrlOPdKqleWk7qK50m1Rhn41kuF3t4j5I4xnz4eyRJsQsKBqHHUflwM+7ar20BN1LjdwMJA6Ljdgg=="},"keyId":1},"registrationId":35,"advSecretKey":"RkidVJpjQ9z6x8LAsupjjiuhF9EeIjMhXZI6CcHyE2Q=","processedHistoryMessages":[{"key":{"remoteJid":"94722948725@s.whatsapp.net","fromMe":true,"id":"BD6914D7EF432AD084943B874AD62D73"},"messageTimestamp":1752418356},{"key":{"remoteJid":"94722948725@s.whatsapp.net","fromMe":true,"id":"CB81CDD743E86D46203151D5EA34F706"},"messageTimestamp":1752418358},{"key":{"remoteJid":"94722948725@s.whatsapp.net","fromMe":true,"id":"2A2B907EECA3952673390C8BAC2BDBA9"},"messageTimestamp":1752418404},{"key":{"remoteJid":"94722948725@s.whatsapp.net","fromMe":true,"id":"0A81F53458D0DBA01EFC23E2D1963AE2"},"messageTimestamp":1752418442},{"key":{"remoteJid":"94722948725@s.whatsapp.net","fromMe":true,"id":"E1A60DC38839B62DDFD3034E5445F5F7"},"messageTimestamp":1752418484},{"key":{"remoteJid":"94722948725@s.whatsapp.net","fromMe":true,"id":"B99AE931D517A6EFEC0B76ED1E471747"},"messageTimestamp":1752418552},{"key":{"remoteJid":"94722948725@s.whatsapp.net","fromMe":true,"id":"F780061D637C7333E4A9E1893703B6AE"},"messageTimestamp":1752418552}],"nextPreKeyId":1586,"firstUnuploadedPreKeyId":1586,"accountSyncCounter":1,"accountSettings":{"unarchiveChats":false},"deviceId":"SPN6rRXoS7yFtLrtOoJHfQ","phoneId":"10153f41-ac3c-43a8-8265-5a97756449fa","identityId":{"type":"Buffer","data":"v2HkdWKuA0L0Ua7Ra98P6l9E1To="},"registered":true,"backupToken":{"type":"Buffer","data":"KWfCAZHZc04Bj6EbMYZYchPd8N0="},"registration":{},"pairingCode":"A7WH7ZYA","me":{"id":"94722948725:10@s.whatsapp.net","name":"DARK THARU","lid":"48666945544424:10@lid"},"account":{"details":"COWJzwkQnZDPwwYYAyAAKAA=","accountSignatureKey":"kzj7RMxFvCBhGRr30qfrtD651IwII5xv4xuBOu+SzkU=","accountSignature":"nGBVdR93sVp9ZuAkGM3xe+UEtiDDSN79idGV62Qzz7hifkxH95M1YUcRhZKURDyqHgT6vyqR7cjii1l67FitCA==","deviceSignature":"aafw9EUFJm83xZzzNvRbYKjXs+jqh8Uh8L27qZCFPLz/Om9ZE2NGcyi8w1z8f6YWjuDPhfNufCTtz82HBgDRhA=="},"signalIdentities":[{"identifier":{"name":"94722948725:10@s.whatsapp.net","deviceId":0},"identifierKey":{"type":"Buffer","data":"BZM4+0TMRbwgYRka99Kn67Q+udSMCCOcb+MbgTrvks5F"}}],"platform":"smba","routingInfo":{"type":"Buffer","data":"CAMIEg=="},"lastAccountSyncTimestamp":1752455837,"lastPropHash":"PWk5B","myAppStateKeyId":"AAAAAA9y"}