{"noiseKey":{"private":{"type":"Buffer","data":"KKJeXqxkrt1G0Y2nELU/LQPnHxzeftBKCqf2y+UOeEQ="},"public":{"type":"Buffer","data":"DJWKtZinp/v2pTSemdN9jrcApwARaP5muLcEbtElNC4="}},"pairingEphemeralKeyPair":{"private":{"type":"Buffer","data":"KLZhBCh9dqD95lc5HLQBC+9mp2IvgS1Wu1ZnWawWBno="},"public":{"type":"Buffer","data":"MIYJm4PtO9haqV7Gt3J9O+37QjlcQAIc9cnH2xF05yU="}},"signedIdentityKey":{"private":{"type":"Buffer","data":"uAjg9dt5+3++1z79If7dYFMLuciSELuM89rMo8hc42M="},"public":{"type":"Buffer","data":"xNMQM5JKT3I9UX44x+pE5MXkULMHxkYQsWgVDT9dBA4="}},"signedPreKey":{"keyPair":{"private":{"type":"Buffer","data":"iJst+llgRRseAp0zMNzic72WNA4d2MQEEpcJJGc1Rng="},"public":{"type":"Buffer","data":"feBmEJSLWsKVAF4BAtkhJt27ppK3CcMxFHRiUrgb3xQ="}},"signature":{"type":"Buffer","data":"Q9DwrhjVgcL+MU5qW7Tra5EwrfY0E9gCcyQktfrxv3SNpnPUJWX0l8KkW/FYEFzFjbGeXFZJe84y1Y/gEKy1AA=="},"keyId":1},"registrationId":26,"advSecretKey":"FCMwyY/Q/xqJpdoNPmiICr49zucq/1piGSARgB4tk+o=","processedHistoryMessages":[],"nextPreKeyId":1,"firstUnuploadedPreKeyId":1,"accountSyncCounter":0,"accountSettings":{"unarchiveChats":false},"deviceId":"64ZWJ0p0Q8WPRO_Cf0YeOA","phoneId":"b3f88c7c-2bfb-4455-8fc5-2d2fd2137d2b","identityId":{"type":"Buffer","data":"qR5HTUIsTTb/MfmAwasvIEQoozM="},"registered":true,"backupToken":{"type":"Buffer","data":"7yz/tUT7Fu1Ef8i6WvQg37sbBZc="},"registration":{},"pairingCode":"4XV1SRQC","me":{"id":"94752478956@s.whatsapp.net","name":"~"}}